** Event #1  t=0  SupplyChainNetwork.seed[0] (Node, id=2)  on selfmsg StartUp (omnetpp::cMessage, id=2)
INFO: SEED 192.168.0.x_0 ONLINE.
** Event #2  t=0  SupplyChainNetwork.seed[1] (Node, id=3)  on selfmsg StartUp (omnetpp::cMessage, id=7)
INFO: SEED 192.168.0.x_1 ONLINE.
** Event #3  t=0  SupplyChainNetwork.peer[0] (Node, id=4)  on selfmsg StartUp (omnetpp::cMessage, id=12)
INFO: PEER 192.168.0.x_0 ONLINE.
** Event #4  t=0  SupplyChainNetwork.peer[1] (Node, id=5)  on selfmsg StartUp (omnetpp::cMessage, id=17)
INFO: PEER 192.168.0.x_1 ONLINE.
** Event #5  t=0  SupplyChainNetwork.peer[2] (Node, id=6)  on selfmsg StartUp (omnetpp::cMessage, id=22)
INFO: PEER 192.168.0.x_2 ONLINE.
** Event #6  t=0  SupplyChainNetwork.peer[4] (Node, id=8)  on selfmsg StartUp (omnetpp::cMessage, id=32)
INFO: PEER 192.168.0.x_4 ONLINE.
** Event #7  t=1  SupplyChainNetwork.seed[0] (Node, id=2)  on selfmsg LivenessTimer (omnetpp::cMessage, id=1)
** Event #8  t=1  SupplyChainNetwork.seed[1] (Node, id=3)  on selfmsg LivenessTimer (omnetpp::cMessage, id=6)
** Event #9  t=1  SupplyChainNetwork.peer[0] (Node, id=4)  on selfmsg LivenessTimer (omnetpp::cMessage, id=11)
** Event #10  t=1  SupplyChainNetwork.peer[1] (Node, id=5)  on selfmsg LivenessTimer (omnetpp::cMessage, id=16)
** Event #11  t=1  SupplyChainNetwork.peer[2] (Node, id=6)  on selfmsg LivenessTimer (omnetpp::cMessage, id=21)
** Event #12  t=1  SupplyChainNetwork.peer[4] (Node, id=8)  on selfmsg LivenessTimer (omnetpp::cMessage, id=31)
** Event #13  t=1.1  SupplyChainNetwork.peer[0] (Node, id=4)  on LivenessPing (GossipMsg, id=36)
** Event #14  t=1.1  SupplyChainNetwork.peer[1] (Node, id=5)  on LivenessPing (GossipMsg, id=37)
** Event #15  t=1.1  SupplyChainNetwork.peer[4] (Node, id=8)  on LivenessPing (GossipMsg, id=38)
** Event #16  t=1.1  SupplyChainNetwork.seed[1] (Node, id=3)  on LivenessPing (GossipMsg, id=39)
** Event #17  t=1.1  SupplyChainNetwork.peer[2] (Node, id=6)  on LivenessPing (GossipMsg, id=41)
** Event #18  t=1.1  SupplyChainNetwork.peer[3] (Node, id=7)  on LivenessPing (GossipMsg, id=42)
** Event #19  t=1.1  SupplyChainNetwork.seed[0] (Node, id=2)  on LivenessPing (GossipMsg, id=43)
** Event #20  t=1.1  SupplyChainNetwork.seed[0] (Node, id=2)  on LivenessPing (GossipMsg, id=45)
** Event #21  t=1.1  SupplyChainNetwork.peer[1] (Node, id=5)  on LivenessPing (GossipMsg, id=46)
** Event #22  t=1.1  SupplyChainNetwork.peer[4] (Node, id=8)  on LivenessPing (GossipMsg, id=47)
** Event #23  t=1.1  SupplyChainNetwork.seed[0] (Node, id=2)  on LivenessPing (GossipMsg, id=49)
** Event #24  t=1.1  SupplyChainNetwork.peer[0] (Node, id=4)  on LivenessPing (GossipMsg, id=50)
** Event #25  t=1.1  SupplyChainNetwork.peer[2] (Node, id=6)  on LivenessPing (GossipMsg, id=51)
** Event #26  t=1.1  SupplyChainNetwork.seed[1] (Node, id=3)  on LivenessPing (GossipMsg, id=53)
** Event #27  t=1.1  SupplyChainNetwork.peer[1] (Node, id=5)  on LivenessPing (GossipMsg, id=54)
** Event #28  t=1.1  SupplyChainNetwork.peer[3] (Node, id=7)  on LivenessPing (GossipMsg, id=55)
** Event #29  t=1.1  SupplyChainNetwork.seed[0] (Node, id=2)  on LivenessPing (GossipMsg, id=57)
** Event #30  t=1.1  SupplyChainNetwork.peer[3] (Node, id=7)  on LivenessPing (GossipMsg, id=58)
** Event #31  t=1.1  SupplyChainNetwork.peer[0] (Node, id=4)  on LivenessPing (GossipMsg, id=59)
** Event #32  t=14  SupplyChainNetwork.seed[0] (Node, id=2)  on selfmsg LivenessTimer (omnetpp::cMessage, id=1)
** Event #33  t=14  SupplyChainNetwork.seed[1] (Node, id=3)  on selfmsg LivenessTimer (omnetpp::cMessage, id=6)
** Event #34  t=14  SupplyChainNetwork.peer[0] (Node, id=4)  on selfmsg LivenessTimer (omnetpp::cMessage, id=11)
** Event #35  t=14  SupplyChainNetwork.peer[1] (Node, id=5)  on selfmsg LivenessTimer (omnetpp::cMessage, id=16)
** Event #36  t=14  SupplyChainNetwork.peer[2] (Node, id=6)  on selfmsg LivenessTimer (omnetpp::cMessage, id=21)
** Event #37  t=14  SupplyChainNetwork.peer[4] (Node, id=8)  on selfmsg LivenessTimer (omnetpp::cMessage, id=31)
** Event #38  t=14.1  SupplyChainNetwork.peer[0] (Node, id=4)  on LivenessPing (GossipMsg, id=61)
** Event #39  t=14.1  SupplyChainNetwork.peer[1] (Node, id=5)  on LivenessPing (GossipMsg, id=62)
** Event #40  t=14.1  SupplyChainNetwork.peer[4] (Node, id=8)  on LivenessPing (GossipMsg, id=63)
** Event #41  t=14.1  SupplyChainNetwork.seed[1] (Node, id=3)  on LivenessPing (GossipMsg, id=64)
** Event #42  t=14.1  SupplyChainNetwork.peer[2] (Node, id=6)  on LivenessPing (GossipMsg, id=66)
** Event #43  t=14.1  SupplyChainNetwork.peer[3] (Node, id=7)  on LivenessPing (GossipMsg, id=67)
** Event #44  t=14.1  SupplyChainNetwork.seed[0] (Node, id=2)  on LivenessPing (GossipMsg, id=68)
** Event #45  t=14.1  SupplyChainNetwork.seed[0] (Node, id=2)  on LivenessPing (GossipMsg, id=70)
** Event #46  t=14.1  SupplyChainNetwork.peer[1] (Node, id=5)  on LivenessPing (GossipMsg, id=71)
** Event #47  t=14.1  SupplyChainNetwork.peer[4] (Node, id=8)  on LivenessPing (GossipMsg, id=72)
** Event #48  t=14.1  SupplyChainNetwork.seed[0] (Node, id=2)  on LivenessPing (GossipMsg, id=74)
** Event #49  t=14.1  SupplyChainNetwork.peer[0] (Node, id=4)  on LivenessPing (GossipMsg, id=75)
** Event #50  t=14.1  SupplyChainNetwork.peer[2] (Node, id=6)  on LivenessPing (GossipMsg, id=76)
** Event #51  t=14.1  SupplyChainNetwork.seed[1] (Node, id=3)  on LivenessPing (GossipMsg, id=78)
** Event #52  t=14.1  SupplyChainNetwork.peer[1] (Node, id=5)  on LivenessPing (GossipMsg, id=79)
** Event #53  t=14.1  SupplyChainNetwork.peer[3] (Node, id=7)  on LivenessPing (GossipMsg, id=80)
** Event #54  t=14.1  SupplyChainNetwork.seed[0] (Node, id=2)  on LivenessPing (GossipMsg, id=82)
** Event #55  t=14.1  SupplyChainNetwork.peer[3] (Node, id=7)  on LivenessPing (GossipMsg, id=83)
** Event #56  t=14.1  SupplyChainNetwork.peer[0] (Node, id=4)  on LivenessPing (GossipMsg, id=84)
** Event #57  t=15.917490091316  SupplyChainNetwork.peer[0] (Node, id=4)  on selfmsg MiningTimer (omnetpp::cMessage, id=10)
INFO: MINED BLOCK 1 | Root: 357f5caf
** Event #58  t=16.017490091316  SupplyChainNetwork.seed[0] (Node, id=2)  on BlockData (BlockMsg, id=87)
INFO: Received longer chain (Block 1). Switching...
** Event #59  t=16.017490091316  SupplyChainNetwork.peer[1] (Node, id=5)  on BlockData (BlockMsg, id=88)
INFO: Received longer chain (Block 1). Switching...
** Event #60  t=16.017490091316  SupplyChainNetwork.peer[4] (Node, id=8)  on BlockData (BlockMsg, id=89)
INFO: Received longer chain (Block 1). Switching...
** Event #61  t=16.117490091316  SupplyChainNetwork.peer[1] (Node, id=5)  on BlockData (BlockMsg, id=91)
** Event #62  t=16.117490091316  SupplyChainNetwork.peer[4] (Node, id=8)  on BlockData (BlockMsg, id=92)
** Event #63  t=16.117490091316  SupplyChainNetwork.seed[1] (Node, id=3)  on BlockData (BlockMsg, id=93)
INFO: Received longer chain (Block 1). Switching...
** Event #64  t=16.117490091316  SupplyChainNetwork.seed[0] (Node, id=2)  on BlockData (BlockMsg, id=95)
** Event #65  t=16.117490091316  SupplyChainNetwork.peer[2] (Node, id=6)  on BlockData (BlockMsg, id=96)
INFO: Received longer chain (Block 1). Switching...
** Event #66  t=16.117490091316  SupplyChainNetwork.seed[0] (Node, id=2)  on BlockData (BlockMsg, id=98)
** Event #67  t=16.117490091316  SupplyChainNetwork.peer[3] (Node, id=7)  on BlockData (BlockMsg, id=99)
** Event #68  t=16.217490091316  SupplyChainNetwork.peer[2] (Node, id=6)  on BlockData (BlockMsg, id=101)
** Event #69  t=16.217490091316  SupplyChainNetwork.peer[3] (Node, id=7)  on BlockData (BlockMsg, id=102)
** Event #70  t=16.217490091316  SupplyChainNetwork.seed[1] (Node, id=3)  on BlockData (BlockMsg, id=104)
** Event #71  t=16.217490091316  SupplyChainNetwork.peer[3] (Node, id=7)  on BlockData (BlockMsg, id=105)
** Event #72  t=20  SupplyChainNetwork.peer[3] (Node, id=7)  on selfmsg StartUp (omnetpp::cMessage, id=27)
INFO: PEER 192.168.0.x_3 ONLINE.
** Event #73  t=21  SupplyChainNetwork.peer[3] (Node, id=7)  on selfmsg LivenessTimer (omnetpp::cMessage, id=26)
** Event #74  t=21.1  SupplyChainNetwork.seed[1] (Node, id=3)  on LivenessPing (GossipMsg, id=107)
** Event #75  t=21.1  SupplyChainNetwork.peer[2] (Node, id=6)  on LivenessPing (GossipMsg, id=108)
** Event #76  t=21.1  SupplyChainNetwork.peer[4] (Node, id=8)  on LivenessPing (GossipMsg, id=109)
** Event #77  t=27  SupplyChainNetwork.seed[0] (Node, id=2)  on selfmsg LivenessTimer (omnetpp::cMessage, id=1)
** Event #78  t=27  SupplyChainNetwork.seed[1] (Node, id=3)  on selfmsg LivenessTimer (omnetpp::cMessage, id=6)
** Event #79  t=27  SupplyChainNetwork.peer[0] (Node, id=4)  on selfmsg LivenessTimer (omnetpp::cMessage, id=11)
** Event #80  t=27  SupplyChainNetwork.peer[1] (Node, id=5)  on selfmsg LivenessTimer (omnetpp::cMessage, id=16)
** Event #81  t=27  SupplyChainNetwork.peer[2] (Node, id=6)  on selfmsg LivenessTimer (omnetpp::cMessage, id=21)
** Event #82  t=27  SupplyChainNetwork.peer[4] (Node, id=8)  on selfmsg LivenessTimer (omnetpp::cMessage, id=31)
** Event #83  t=27.1  SupplyChainNetwork.peer[0] (Node, id=4)  on LivenessPing (GossipMsg, id=111)
** Event #84  t=27.1  SupplyChainNetwork.peer[1] (Node, id=5)  on LivenessPing (GossipMsg, id=112)
** Event #85  t=27.1  SupplyChainNetwork.peer[4] (Node, id=8)  on LivenessPing (GossipMsg, id=113)
** Event #86  t=27.1  SupplyChainNetwork.seed[1] (Node, id=3)  on LivenessPing (GossipMsg, id=114)
** Event #87  t=27.1  SupplyChainNetwork.peer[2] (Node, id=6)  on LivenessPing (GossipMsg, id=116)
** Event #88  t=27.1  SupplyChainNetwork.peer[3] (Node, id=7)  on LivenessPing (GossipMsg, id=117)
** Event #89  t=27.1  SupplyChainNetwork.seed[0] (Node, id=2)  on LivenessPing (GossipMsg, id=118)
** Event #90  t=27.1  SupplyChainNetwork.seed[0] (Node, id=2)  on LivenessPing (GossipMsg, id=120)
** Event #91  t=27.1  SupplyChainNetwork.peer[1] (Node, id=5)  on LivenessPing (GossipMsg, id=121)
** Event #92  t=27.1  SupplyChainNetwork.peer[4] (Node, id=8)  on LivenessPing (GossipMsg, id=122)
** Event #93  t=27.1  SupplyChainNetwork.seed[0] (Node, id=2)  on LivenessPing (GossipMsg, id=124)
** Event #94  t=27.1  SupplyChainNetwork.peer[0] (Node, id=4)  on LivenessPing (GossipMsg, id=125)
** Event #95  t=27.1  SupplyChainNetwork.peer[2] (Node, id=6)  on LivenessPing (GossipMsg, id=126)
** Event #96  t=27.1  SupplyChainNetwork.seed[1] (Node, id=3)  on LivenessPing (GossipMsg, id=128)
** Event #97  t=27.1  SupplyChainNetwork.peer[1] (Node, id=5)  on LivenessPing (GossipMsg, id=129)
** Event #98  t=27.1  SupplyChainNetwork.peer[3] (Node, id=7)  on LivenessPing (GossipMsg, id=130)
** Event #99  t=27.1  SupplyChainNetwork.seed[0] (Node, id=2)  on LivenessPing (GossipMsg, id=132)
** Event #100  t=27.1  SupplyChainNetwork.peer[3] (Node, id=7)  on LivenessPing (GossipMsg, id=133)
** Event #101  t=27.1  SupplyChainNetwork.peer[0] (Node, id=4)  on LivenessPing (GossipMsg, id=134)
** Event #102  t=31.020969733406  SupplyChainNetwork.peer[3] (Node, id=7)  on selfmsg MiningTimer (omnetpp::cMessage, id=25)
INFO: MINED BLOCK 1 | Root: a414be66
** Event #103  t=31.120969733406  SupplyChainNetwork.seed[1] (Node, id=3)  on BlockData (BlockMsg, id=137)
INFO: SECURITY ALERT: Double Spending in Block 1!
** Event #104  t=31.120969733406  SupplyChainNetwork.peer[2] (Node, id=6)  on BlockData (BlockMsg, id=138)
INFO: SECURITY ALERT: Double Spending in Block 1!
** Event #105  t=31.120969733406  SupplyChainNetwork.peer[4] (Node, id=8)  on BlockData (BlockMsg, id=139)
INFO: SECURITY ALERT: Double Spending in Block 1!
** Event #106  t=31.761512890954  SupplyChainNetwork.peer[4] (Node, id=8)  on selfmsg MiningTimer (omnetpp::cMessage, id=30)
INFO: MINED BLOCK 2 | Root: 49a862b5
** Event #107  t=31.861512890954  SupplyChainNetwork.seed[0] (Node, id=2)  on BlockData (BlockMsg, id=142)
INFO: Received longer chain (Block 2). Switching...
** Event #108  t=31.861512890954  SupplyChainNetwork.peer[3] (Node, id=7)  on BlockData (BlockMsg, id=143)
INFO: SECURITY ALERT: Double Spending in Block 2!
** Event #109  t=31.861512890954  SupplyChainNetwork.peer[0] (Node, id=4)  on BlockData (BlockMsg, id=144)
INFO: Received longer chain (Block 2). Switching...
** Event #110  t=31.961512890954  SupplyChainNetwork.peer[0] (Node, id=4)  on BlockData (BlockMsg, id=146)
** Event #111  t=31.961512890954  SupplyChainNetwork.peer[1] (Node, id=5)  on BlockData (BlockMsg, id=147)
INFO: Received longer chain (Block 2). Switching...
** Event #112  t=31.961512890954  SupplyChainNetwork.seed[1] (Node, id=3)  on BlockData (BlockMsg, id=148)
INFO: Received longer chain (Block 2). Switching...
** Event #113  t=31.961512890954  SupplyChainNetwork.seed[0] (Node, id=2)  on BlockData (BlockMsg, id=150)
** Event #114  t=31.961512890954  SupplyChainNetwork.peer[1] (Node, id=5)  on BlockData (BlockMsg, id=151)
** Event #115  t=32.061512890954  SupplyChainNetwork.peer[0] (Node, id=4)  on BlockData (BlockMsg, id=153)
** Event #116  t=32.061512890954  SupplyChainNetwork.peer[2] (Node, id=6)  on BlockData (BlockMsg, id=154)
INFO: Received longer chain (Block 2). Switching...
** Event #117  t=32.061512890954  SupplyChainNetwork.peer[2] (Node, id=6)  on BlockData (BlockMsg, id=156)
** Event #118  t=32.061512890954  SupplyChainNetwork.peer[3] (Node, id=7)  on BlockData (BlockMsg, id=157)
INFO: SECURITY ALERT: Double Spending in Block 2!
** Event #119  t=32.161512890954  SupplyChainNetwork.seed[1] (Node, id=3)  on BlockData (BlockMsg, id=159)
** Event #120  t=32.161512890954  SupplyChainNetwork.peer[3] (Node, id=7)  on BlockData (BlockMsg, id=160)
INFO: SECURITY ALERT: Double Spending in Block 2!
** Event #121  t=34  SupplyChainNetwork.peer[3] (Node, id=7)  on selfmsg LivenessTimer (omnetpp::cMessage, id=26)
** Event #122  t=34.1  SupplyChainNetwork.seed[1] (Node, id=3)  on LivenessPing (GossipMsg, id=162)
** Event #123  t=34.1  SupplyChainNetwork.peer[2] (Node, id=6)  on LivenessPing (GossipMsg, id=163)
** Event #124  t=34.1  SupplyChainNetwork.peer[4] (Node, id=8)  on LivenessPing (GossipMsg, id=164)
** Event #125  t=39.124695673704  SupplyChainNetwork.peer[2] (Node, id=6)  on selfmsg MiningTimer (omnetpp::cMessage, id=20)
INFO: MINED BLOCK 3 | Root: a8ca026c
** Event #126  t=39.224695673704  SupplyChainNetwork.seed[1] (Node, id=3)  on BlockData (BlockMsg, id=167)
INFO: Received longer chain (Block 3). Switching...
** Event #127  t=39.224695673704  SupplyChainNetwork.peer[1] (Node, id=5)  on BlockData (BlockMsg, id=168)
INFO: Received longer chain (Block 3). Switching...
** Event #128  t=39.224695673704  SupplyChainNetwork.peer[3] (Node, id=7)  on BlockData (BlockMsg, id=169)
INFO: SECURITY ALERT: Double Spending in Block 3!
** Event #129  t=39.324695673704  SupplyChainNetwork.peer[3] (Node, id=7)  on BlockData (BlockMsg, id=171)
INFO: SECURITY ALERT: Double Spending in Block 3!
** Event #130  t=39.324695673704  SupplyChainNetwork.seed[0] (Node, id=2)  on BlockData (BlockMsg, id=172)
INFO: Received longer chain (Block 3). Switching...
** Event #131  t=39.324695673704  SupplyChainNetwork.seed[0] (Node, id=2)  on BlockData (BlockMsg, id=174)
** Event #132  t=39.324695673704  SupplyChainNetwork.peer[0] (Node, id=4)  on BlockData (BlockMsg, id=175)
INFO: Received longer chain (Block 3). Switching...
** Event #133  t=39.424695673704  SupplyChainNetwork.peer[0] (Node, id=4)  on BlockData (BlockMsg, id=177)
** Event #134  t=39.424695673704  SupplyChainNetwork.peer[1] (Node, id=5)  on BlockData (BlockMsg, id=178)
** Event #135  t=39.424695673704  SupplyChainNetwork.peer[4] (Node, id=8)  on BlockData (BlockMsg, id=179)
INFO: Received longer chain (Block 3). Switching...
** Event #136  t=39.424695673704  SupplyChainNetwork.seed[0] (Node, id=2)  on BlockData (BlockMsg, id=181)
** Event #137  t=39.424695673704  SupplyChainNetwork.peer[4] (Node, id=8)  on BlockData (BlockMsg, id=182)
** Event #138  t=39.524695673704  SupplyChainNetwork.peer[3] (Node, id=7)  on BlockData (BlockMsg, id=184)
INFO: SECURITY ALERT: Double Spending in Block 3!
** Event #139  t=39.524695673704  SupplyChainNetwork.peer[0] (Node, id=4)  on BlockData (BlockMsg, id=185)
** Event #140  t=40  SupplyChainNetwork.peer[2] (Node, id=6)  on selfmsg DoubleSpendAttack (omnetpp::cMessage, id=24)
INFO: !!! INITIATING DOUBLE SPEND ATTACK !!!
** Event #141  t=40  SupplyChainNetwork.seed[0] (Node, id=2)  on selfmsg LivenessTimer (omnetpp::cMessage, id=1)
** Event #142  t=40  SupplyChainNetwork.seed[1] (Node, id=3)  on selfmsg LivenessTimer (omnetpp::cMessage, id=6)
** Event #143  t=40  SupplyChainNetwork.peer[0] (Node, id=4)  on selfmsg LivenessTimer (omnetpp::cMessage, id=11)
** Event #144  t=40  SupplyChainNetwork.peer[1] (Node, id=5)  on selfmsg LivenessTimer (omnetpp::cMessage, id=16)
** Event #145  t=40  SupplyChainNetwork.peer[2] (Node, id=6)  on selfmsg LivenessTimer (omnetpp::cMessage, id=21)
** Event #146  t=40  SupplyChainNetwork.peer[4] (Node, id=8)  on selfmsg LivenessTimer (omnetpp::cMessage, id=31)
** Event #147  t=40.1  SupplyChainNetwork.seed[1] (Node, id=3)  on FakeBlock (BlockMsg, id=187)
INFO: SECURITY ALERT: Double Spending in Block 4!
** Event #148  t=40.1  SupplyChainNetwork.peer[1] (Node, id=5)  on FakeBlock (BlockMsg, id=188)
INFO: SECURITY ALERT: Double Spending in Block 4!
** Event #149  t=40.1  SupplyChainNetwork.peer[3] (Node, id=7)  on FakeBlock (BlockMsg, id=189)
INFO: SECURITY ALERT: Double Spending in Block 4!
** Event #150  t=40.1  SupplyChainNetwork.peer[0] (Node, id=4)  on LivenessPing (GossipMsg, id=191)
** Event #151  t=40.1  SupplyChainNetwork.peer[1] (Node, id=5)  on LivenessPing (GossipMsg, id=192)
** Event #152  t=40.1  SupplyChainNetwork.peer[4] (Node, id=8)  on LivenessPing (GossipMsg, id=193)
** Event #153  t=40.1  SupplyChainNetwork.seed[1] (Node, id=3)  on LivenessPing (GossipMsg, id=194)
** Event #154  t=40.1  SupplyChainNetwork.peer[2] (Node, id=6)  on LivenessPing (GossipMsg, id=196)
** Event #155  t=40.1  SupplyChainNetwork.peer[3] (Node, id=7)  on LivenessPing (GossipMsg, id=197)
** Event #156  t=40.1  SupplyChainNetwork.seed[0] (Node, id=2)  on LivenessPing (GossipMsg, id=198)
** Event #157  t=40.1  SupplyChainNetwork.seed[0] (Node, id=2)  on LivenessPing (GossipMsg, id=200)
** Event #158  t=40.1  SupplyChainNetwork.peer[1] (Node, id=5)  on LivenessPing (GossipMsg, id=201)
** Event #159  t=40.1  SupplyChainNetwork.peer[4] (Node, id=8)  on LivenessPing (GossipMsg, id=202)
** Event #160  t=40.1  SupplyChainNetwork.seed[0] (Node, id=2)  on LivenessPing (GossipMsg, id=204)
** Event #161  t=40.1  SupplyChainNetwork.peer[0] (Node, id=4)  on LivenessPing (GossipMsg, id=205)
** Event #162  t=40.1  SupplyChainNetwork.peer[2] (Node, id=6)  on LivenessPing (GossipMsg, id=206)
** Event #163  t=40.1  SupplyChainNetwork.seed[1] (Node, id=3)  on LivenessPing (GossipMsg, id=208)
** Event #164  t=40.1  SupplyChainNetwork.peer[1] (Node, id=5)  on LivenessPing (GossipMsg, id=209)
** Event #165  t=40.1  SupplyChainNetwork.peer[3] (Node, id=7)  on LivenessPing (GossipMsg, id=210)
** Event #166  t=40.1  SupplyChainNetwork.seed[0] (Node, id=2)  on LivenessPing (GossipMsg, id=212)
** Event #167  t=40.1  SupplyChainNetwork.peer[3] (Node, id=7)  on LivenessPing (GossipMsg, id=213)
** Event #168  t=40.1  SupplyChainNetwork.peer[0] (Node, id=4)  on LivenessPing (GossipMsg, id=214)
** Event #169  t=40.392389055566  SupplyChainNetwork.peer[1] (Node, id=5)  on selfmsg MiningTimer (omnetpp::cMessage, id=15)
INFO: MINED BLOCK 4 | Root: 7239f0c4
** Event #170  t=40.492389055566  SupplyChainNetwork.seed[0] (Node, id=2)  on BlockData (BlockMsg, id=217)
INFO: Received longer chain (Block 4). Switching...
** Event #171  t=40.492389055566  SupplyChainNetwork.peer[0] (Node, id=4)  on BlockData (BlockMsg, id=218)
INFO: Received longer chain (Block 4). Switching...
** Event #172  t=40.492389055566  SupplyChainNetwork.peer[2] (Node, id=6)  on BlockData (BlockMsg, id=219)
INFO: Received longer chain (Block 4). Switching...
** Event #173  t=40.592389055566  SupplyChainNetwork.peer[0] (Node, id=4)  on BlockData (BlockMsg, id=221)
** Event #174  t=40.592389055566  SupplyChainNetwork.peer[4] (Node, id=8)  on BlockData (BlockMsg, id=222)
INFO: Received longer chain (Block 4). Switching...
** Event #175  t=40.592389055566  SupplyChainNetwork.seed[1] (Node, id=3)  on BlockData (BlockMsg, id=223)
INFO: Received longer chain (Block 4). Switching...
** Event #176  t=40.592389055566  SupplyChainNetwork.seed[0] (Node, id=2)  on BlockData (BlockMsg, id=225)
** Event #177  t=40.592389055566  SupplyChainNetwork.peer[4] (Node, id=8)  on BlockData (BlockMsg, id=226)
** Event #178  t=40.592389055566  SupplyChainNetwork.seed[1] (Node, id=3)  on BlockData (BlockMsg, id=228)
** Event #179  t=40.592389055566  SupplyChainNetwork.peer[3] (Node, id=7)  on BlockData (BlockMsg, id=229)
INFO: SECURITY ALERT: Double Spending in Block 4!
** Event #180  t=40.692389055566  SupplyChainNetwork.peer[3] (Node, id=7)  on BlockData (BlockMsg, id=231)
INFO: SECURITY ALERT: Double Spending in Block 4!
** Event #181  t=40.692389055566  SupplyChainNetwork.peer[0] (Node, id=4)  on BlockData (BlockMsg, id=232)
** Event #182  t=40.692389055566  SupplyChainNetwork.peer[2] (Node, id=6)  on BlockData (BlockMsg, id=234)
** Event #183  t=40.692389055566  SupplyChainNetwork.peer[3] (Node, id=7)  on BlockData (BlockMsg, id=235)
INFO: SECURITY ALERT: Double Spending in Block 4!
** Event #184  t=47  SupplyChainNetwork.peer[3] (Node, id=7)  on selfmsg LivenessTimer (omnetpp::cMessage, id=26)
** Event #185  t=47.1  SupplyChainNetwork.seed[1] (Node, id=3)  on LivenessPing (GossipMsg, id=237)
** Event #186  t=47.1  SupplyChainNetwork.peer[2] (Node, id=6)  on LivenessPing (GossipMsg, id=238)
** Event #187  t=47.1  SupplyChainNetwork.peer[4] (Node, id=8)  on LivenessPing (GossipMsg, id=239)
** Event #188  t=50  SupplyChainNetwork.peer[4] (Node, id=8)  on selfmsg Shutdown (omnetpp::cMessage, id=33)
INFO: NODE 192.168.0.x_4 CRASHED.
** Event #189  t=50.064431154535  SupplyChainNetwork.peer[1] (Node, id=5)  on selfmsg MiningTimer (omnetpp::cMessage, id=15)
INFO: MINED BLOCK 5 | Root: 8c902ce6
** Event #190  t=50.164431154535  SupplyChainNetwork.seed[0] (Node, id=2)  on BlockData (BlockMsg, id=242)
INFO: Received longer chain (Block 5). Switching...
** Event #191  t=50.164431154535  SupplyChainNetwork.peer[0] (Node, id=4)  on BlockData (BlockMsg, id=243)
INFO: Received longer chain (Block 5). Switching...
** Event #192  t=50.164431154535  SupplyChainNetwork.peer[2] (Node, id=6)  on BlockData (BlockMsg, id=244)
INFO: Received longer chain (Block 5). Switching...
** Event #193  t=50.264431154535  SupplyChainNetwork.peer[0] (Node, id=4)  on BlockData (BlockMsg, id=246)
** Event #194  t=50.264431154535  SupplyChainNetwork.peer[4] (Node, id=8)  on BlockData (BlockMsg, id=247)
** Event #195  t=50.264431154535  SupplyChainNetwork.seed[1] (Node, id=3)  on BlockData (BlockMsg, id=248)
INFO: Received longer chain (Block 5). Switching...
** Event #196  t=50.264431154535  SupplyChainNetwork.seed[0] (Node, id=2)  on BlockData (BlockMsg, id=250)
** Event #197  t=50.264431154535  SupplyChainNetwork.peer[4] (Node, id=8)  on BlockData (BlockMsg, id=251)
** Event #198  t=50.264431154535  SupplyChainNetwork.seed[1] (Node, id=3)  on BlockData (BlockMsg, id=253)
** Event #199  t=50.264431154535  SupplyChainNetwork.peer[3] (Node, id=7)  on BlockData (BlockMsg, id=254)
INFO: SECURITY ALERT: Double Spending in Block 5!
** Event #200  t=50.364431154535  SupplyChainNetwork.peer[2] (Node, id=6)  on BlockData (BlockMsg, id=256)
** Event #201  t=50.364431154535  SupplyChainNetwork.peer[3] (Node, id=7)  on BlockData (BlockMsg, id=257)
INFO: SECURITY ALERT: Double Spending in Block 5!
** Event #202  t=50.561098261273  SupplyChainNetwork.peer[3] (Node, id=7)  on selfmsg MiningTimer (omnetpp::cMessage, id=25)
INFO: MINED BLOCK 2 | Root: bb3dff96
** Event #203  t=50.661098261273  SupplyChainNetwork.seed[1] (Node, id=3)  on BlockData (BlockMsg, id=260)
INFO: SECURITY ALERT: Double Spending in Block 2!
** Event #204  t=50.661098261273  SupplyChainNetwork.peer[2] (Node, id=6)  on BlockData (BlockMsg, id=261)
INFO: SECURITY ALERT: Double Spending in Block 2!
** Event #205  t=50.661098261273  SupplyChainNetwork.peer[4] (Node, id=8)  on BlockData (BlockMsg, id=262)
** Event #206  t=53  SupplyChainNetwork.seed[0] (Node, id=2)  on selfmsg LivenessTimer (omnetpp::cMessage, id=1)
** Event #207  t=53  SupplyChainNetwork.seed[1] (Node, id=3)  on selfmsg LivenessTimer (omnetpp::cMessage, id=6)
** Event #208  t=53  SupplyChainNetwork.peer[0] (Node, id=4)  on selfmsg LivenessTimer (omnetpp::cMessage, id=11)
** Event #209  t=53  SupplyChainNetwork.peer[1] (Node, id=5)  on selfmsg LivenessTimer (omnetpp::cMessage, id=16)
** Event #210  t=53  SupplyChainNetwork.peer[2] (Node, id=6)  on selfmsg LivenessTimer (omnetpp::cMessage, id=21)
** Event #211  t=53  SupplyChainNetwork.peer[4] (Node, id=8)  on selfmsg LivenessTimer (omnetpp::cMessage, id=31)
** Event #212  t=53.1  SupplyChainNetwork.peer[0] (Node, id=4)  on LivenessPing (GossipMsg, id=264)
** Event #213  t=53.1  SupplyChainNetwork.peer[1] (Node, id=5)  on LivenessPing (GossipMsg, id=265)
** Event #214  t=53.1  SupplyChainNetwork.peer[4] (Node, id=8)  on LivenessPing (GossipMsg, id=266)
** Event #215  t=53.1  SupplyChainNetwork.seed[1] (Node, id=3)  on LivenessPing (GossipMsg, id=267)
** Event #216  t=53.1  SupplyChainNetwork.peer[2] (Node, id=6)  on LivenessPing (GossipMsg, id=269)
** Event #217  t=53.1  SupplyChainNetwork.peer[3] (Node, id=7)  on LivenessPing (GossipMsg, id=270)
** Event #218  t=53.1  SupplyChainNetwork.seed[0] (Node, id=2)  on LivenessPing (GossipMsg, id=271)
** Event #219  t=53.1  SupplyChainNetwork.seed[0] (Node, id=2)  on LivenessPing (GossipMsg, id=273)
** Event #220  t=53.1  SupplyChainNetwork.peer[1] (Node, id=5)  on LivenessPing (GossipMsg, id=274)
** Event #221  t=53.1  SupplyChainNetwork.peer[4] (Node, id=8)  on LivenessPing (GossipMsg, id=275)
** Event #222  t=53.1  SupplyChainNetwork.seed[0] (Node, id=2)  on LivenessPing (GossipMsg, id=277)
** Event #223  t=53.1  SupplyChainNetwork.peer[0] (Node, id=4)  on LivenessPing (GossipMsg, id=278)
** Event #224  t=53.1  SupplyChainNetwork.peer[2] (Node, id=6)  on LivenessPing (GossipMsg, id=279)
** Event #225  t=53.1  SupplyChainNetwork.seed[1] (Node, id=3)  on LivenessPing (GossipMsg, id=281)
** Event #226  t=53.1  SupplyChainNetwork.peer[1] (Node, id=5)  on LivenessPing (GossipMsg, id=282)
** Event #227  t=53.1  SupplyChainNetwork.peer[3] (Node, id=7)  on LivenessPing (GossipMsg, id=283)
** Event #228  t=60  SupplyChainNetwork.peer[3] (Node, id=7)  on selfmsg LivenessTimer (omnetpp::cMessage, id=26)
** Event #229  t=60.1  SupplyChainNetwork.seed[1] (Node, id=3)  on LivenessPing (GossipMsg, id=285)
** Event #230  t=60.1  SupplyChainNetwork.peer[2] (Node, id=6)  on LivenessPing (GossipMsg, id=286)
** Event #231  t=60.1  SupplyChainNetwork.peer[4] (Node, id=8)  on LivenessPing (GossipMsg, id=287)
** Event #232  t=60.538538441591  SupplyChainNetwork.peer[3] (Node, id=7)  on selfmsg MiningTimer (omnetpp::cMessage, id=25)
INFO: MINED BLOCK 3 | Root: 25e5b294
** Event #233  t=60.638538441591  SupplyChainNetwork.seed[1] (Node, id=3)  on BlockData (BlockMsg, id=290)
INFO: SECURITY ALERT: Double Spending in Block 3!
** Event #234  t=60.638538441591  SupplyChainNetwork.peer[2] (Node, id=6)  on BlockData (BlockMsg, id=291)
INFO: SECURITY ALERT: Double Spending in Block 3!
** Event #235  t=60.638538441591  SupplyChainNetwork.peer[4] (Node, id=8)  on BlockData (BlockMsg, id=292)
** Event #236  t=63.242082498957  SupplyChainNetwork.peer[0] (Node, id=4)  on selfmsg MiningTimer (omnetpp::cMessage, id=10)
INFO: MINED BLOCK 6 | Root: e4a92430
** Event #237  t=63.342082498957  SupplyChainNetwork.seed[0] (Node, id=2)  on BlockData (BlockMsg, id=295)
INFO: Received longer chain (Block 6). Switching...
** Event #238  t=63.342082498957  SupplyChainNetwork.peer[1] (Node, id=5)  on BlockData (BlockMsg, id=296)
INFO: Received longer chain (Block 6). Switching...
** Event #239  t=63.342082498957  SupplyChainNetwork.peer[4] (Node, id=8)  on BlockData (BlockMsg, id=297)
** Event #240  t=63.442082498957  SupplyChainNetwork.peer[1] (Node, id=5)  on BlockData (BlockMsg, id=299)
** Event #241  t=63.442082498957  SupplyChainNetwork.peer[4] (Node, id=8)  on BlockData (BlockMsg, id=300)
** Event #242  t=63.442082498957  SupplyChainNetwork.seed[1] (Node, id=3)  on BlockData (BlockMsg, id=301)
INFO: Received longer chain (Block 6). Switching...
** Event #243  t=63.442082498957  SupplyChainNetwork.seed[0] (Node, id=2)  on BlockData (BlockMsg, id=303)
** Event #244  t=63.442082498957  SupplyChainNetwork.peer[2] (Node, id=6)  on BlockData (BlockMsg, id=304)
INFO: Received longer chain (Block 6). Switching...
** Event #245  t=63.542082498957  SupplyChainNetwork.peer[2] (Node, id=6)  on BlockData (BlockMsg, id=306)
** Event #246  t=63.542082498957  SupplyChainNetwork.peer[3] (Node, id=7)  on BlockData (BlockMsg, id=307)
INFO: SECURITY ALERT: Double Spending in Block 6!
** Event #247  t=63.542082498957  SupplyChainNetwork.seed[1] (Node, id=3)  on BlockData (BlockMsg, id=309)
** Event #248  t=63.542082498957  SupplyChainNetwork.peer[3] (Node, id=7)  on BlockData (BlockMsg, id=310)
INFO: SECURITY ALERT: Double Spending in Block 6!
** Event #249  t=64.815789608259  SupplyChainNetwork.peer[1] (Node, id=5)  on selfmsg MiningTimer (omnetpp::cMessage, id=15)
INFO: MINED BLOCK 7 | Root: 10137d59
** Event #250  t=64.915789608259  SupplyChainNetwork.seed[0] (Node, id=2)  on BlockData (BlockMsg, id=313)
INFO: Received longer chain (Block 7). Switching...
** Event #251  t=64.915789608259  SupplyChainNetwork.peer[0] (Node, id=4)  on BlockData (BlockMsg, id=314)
INFO: Received longer chain (Block 7). Switching...
** Event #252  t=64.915789608259  SupplyChainNetwork.peer[2] (Node, id=6)  on BlockData (BlockMsg, id=315)
INFO: Received longer chain (Block 7). Switching...
** Event #253  t=65.015789608259  SupplyChainNetwork.peer[0] (Node, id=4)  on BlockData (BlockMsg, id=317)
** Event #254  t=65.015789608259  SupplyChainNetwork.peer[4] (Node, id=8)  on BlockData (BlockMsg, id=318)
** Event #255  t=65.015789608259  SupplyChainNetwork.seed[1] (Node, id=3)  on BlockData (BlockMsg, id=319)
INFO: Received longer chain (Block 7). Switching...
** Event #256  t=65.015789608259  SupplyChainNetwork.seed[0] (Node, id=2)  on BlockData (BlockMsg, id=321)
** Event #257  t=65.015789608259  SupplyChainNetwork.peer[4] (Node, id=8)  on BlockData (BlockMsg, id=322)
** Event #258  t=65.015789608259  SupplyChainNetwork.seed[1] (Node, id=3)  on BlockData (BlockMsg, id=324)
** Event #259  t=65.015789608259  SupplyChainNetwork.peer[3] (Node, id=7)  on BlockData (BlockMsg, id=325)
INFO: SECURITY ALERT: Double Spending in Block 7!
** Event #260  t=65.115789608259  SupplyChainNetwork.peer[2] (Node, id=6)  on BlockData (BlockMsg, id=327)
** Event #261  t=65.115789608259  SupplyChainNetwork.peer[3] (Node, id=7)  on BlockData (BlockMsg, id=328)
INFO: SECURITY ALERT: Double Spending in Block 7!
** Event #262  t=65.32430137624  SupplyChainNetwork.peer[2] (Node, id=6)  on selfmsg MiningTimer (omnetpp::cMessage, id=20)
INFO: MINED BLOCK 8 | Root: e7a703f2
** Event #263  t=65.42430137624  SupplyChainNetwork.seed[1] (Node, id=3)  on BlockData (BlockMsg, id=331)
INFO: Received longer chain (Block 8). Switching...
** Event #264  t=65.42430137624  SupplyChainNetwork.peer[1] (Node, id=5)  on BlockData (BlockMsg, id=332)
INFO: Received longer chain (Block 8). Switching...
** Event #265  t=65.42430137624  SupplyChainNetwork.peer[3] (Node, id=7)  on BlockData (BlockMsg, id=333)
INFO: SECURITY ALERT: Double Spending in Block 8!
** Event #266  t=65.52430137624  SupplyChainNetwork.peer[3] (Node, id=7)  on BlockData (BlockMsg, id=335)
INFO: SECURITY ALERT: Double Spending in Block 8!
** Event #267  t=65.52430137624  SupplyChainNetwork.seed[0] (Node, id=2)  on BlockData (BlockMsg, id=336)
INFO: Received longer chain (Block 8). Switching...
** Event #268  t=65.52430137624  SupplyChainNetwork.seed[0] (Node, id=2)  on BlockData (BlockMsg, id=338)
** Event #269  t=65.52430137624  SupplyChainNetwork.peer[0] (Node, id=4)  on BlockData (BlockMsg, id=339)
INFO: Received longer chain (Block 8). Switching...
** Event #270  t=65.62430137624  SupplyChainNetwork.peer[0] (Node, id=4)  on BlockData (BlockMsg, id=341)
** Event #271  t=65.62430137624  SupplyChainNetwork.peer[1] (Node, id=5)  on BlockData (BlockMsg, id=342)
** Event #272  t=65.62430137624  SupplyChainNetwork.peer[4] (Node, id=8)  on BlockData (BlockMsg, id=343)
** Event #273  t=65.62430137624  SupplyChainNetwork.seed[0] (Node, id=2)  on BlockData (BlockMsg, id=345)
** Event #274  t=65.62430137624  SupplyChainNetwork.peer[4] (Node, id=8)  on BlockData (BlockMsg, id=346)
** Event #275  t=66  SupplyChainNetwork.seed[0] (Node, id=2)  on selfmsg LivenessTimer (omnetpp::cMessage, id=1)
** Event #276  t=66  SupplyChainNetwork.seed[1] (Node, id=3)  on selfmsg LivenessTimer (omnetpp::cMessage, id=6)
** Event #277  t=66  SupplyChainNetwork.peer[0] (Node, id=4)  on selfmsg LivenessTimer (omnetpp::cMessage, id=11)
** Event #278  t=66  SupplyChainNetwork.peer[1] (Node, id=5)  on selfmsg LivenessTimer (omnetpp::cMessage, id=16)
** Event #279  t=66  SupplyChainNetwork.peer[2] (Node, id=6)  on selfmsg LivenessTimer (omnetpp::cMessage, id=21)
** Event #280  t=66.1  SupplyChainNetwork.peer[0] (Node, id=4)  on LivenessPing (GossipMsg, id=348)
** Event #281  t=66.1  SupplyChainNetwork.peer[1] (Node, id=5)  on LivenessPing (GossipMsg, id=349)
** Event #282  t=66.1  SupplyChainNetwork.peer[4] (Node, id=8)  on LivenessPing (GossipMsg, id=350)
** Event #283  t=66.1  SupplyChainNetwork.seed[1] (Node, id=3)  on LivenessPing (GossipMsg, id=351)
** Event #284  t=66.1  SupplyChainNetwork.peer[2] (Node, id=6)  on LivenessPing (GossipMsg, id=353)
** Event #285  t=66.1  SupplyChainNetwork.peer[3] (Node, id=7)  on LivenessPing (GossipMsg, id=354)
** Event #286  t=66.1  SupplyChainNetwork.seed[0] (Node, id=2)  on LivenessPing (GossipMsg, id=355)
** Event #287  t=66.1  SupplyChainNetwork.seed[0] (Node, id=2)  on LivenessPing (GossipMsg, id=357)
** Event #288  t=66.1  SupplyChainNetwork.peer[1] (Node, id=5)  on LivenessPing (GossipMsg, id=358)
** Event #289  t=66.1  SupplyChainNetwork.peer[4] (Node, id=8)  on LivenessPing (GossipMsg, id=359)
** Event #290  t=66.1  SupplyChainNetwork.seed[0] (Node, id=2)  on LivenessPing (GossipMsg, id=361)
** Event #291  t=66.1  SupplyChainNetwork.peer[0] (Node, id=4)  on LivenessPing (GossipMsg, id=362)
** Event #292  t=66.1  SupplyChainNetwork.peer[2] (Node, id=6)  on LivenessPing (GossipMsg, id=363)
** Event #293  t=66.1  SupplyChainNetwork.seed[1] (Node, id=3)  on LivenessPing (GossipMsg, id=365)
** Event #294  t=66.1  SupplyChainNetwork.peer[1] (Node, id=5)  on LivenessPing (GossipMsg, id=366)
** Event #295  t=66.1  SupplyChainNetwork.peer[3] (Node, id=7)  on LivenessPing (GossipMsg, id=367)
** Event #296  t=73  SupplyChainNetwork.peer[3] (Node, id=7)  on selfmsg LivenessTimer (omnetpp::cMessage, id=26)
** Event #297  t=73.1  SupplyChainNetwork.seed[1] (Node, id=3)  on LivenessPing (GossipMsg, id=369)
** Event #298  t=73.1  SupplyChainNetwork.peer[2] (Node, id=6)  on LivenessPing (GossipMsg, id=370)
** Event #299  t=73.1  SupplyChainNetwork.peer[4] (Node, id=8)  on LivenessPing (GossipMsg, id=371)
** Event #300  t=74.509264121344  SupplyChainNetwork.peer[2] (Node, id=6)  on selfmsg MiningTimer (omnetpp::cMessage, id=20)
INFO: MINED BLOCK 9 | Root: ddabf763
** Event #301  t=74.609264121344  SupplyChainNetwork.seed[1] (Node, id=3)  on BlockData (BlockMsg, id=374)
INFO: Received longer chain (Block 9). Switching...
** Event #302  t=74.609264121344  SupplyChainNetwork.peer[1] (Node, id=5)  on BlockData (BlockMsg, id=375)
INFO: Received longer chain (Block 9). Switching...
** Event #303  t=74.609264121344  SupplyChainNetwork.peer[3] (Node, id=7)  on BlockData (BlockMsg, id=376)
INFO: SECURITY ALERT: Double Spending in Block 9!
** Event #304  t=74.709264121344  SupplyChainNetwork.peer[3] (Node, id=7)  on BlockData (BlockMsg, id=378)
INFO: SECURITY ALERT: Double Spending in Block 9!
** Event #305  t=74.709264121344  SupplyChainNetwork.seed[0] (Node, id=2)  on BlockData (BlockMsg, id=379)
INFO: Received longer chain (Block 9). Switching...
** Event #306  t=74.709264121344  SupplyChainNetwork.seed[0] (Node, id=2)  on BlockData (BlockMsg, id=381)
** Event #307  t=74.709264121344  SupplyChainNetwork.peer[0] (Node, id=4)  on BlockData (BlockMsg, id=382)
INFO: Received longer chain (Block 9). Switching...
** Event #308  t=74.809264121344  SupplyChainNetwork.peer[0] (Node, id=4)  on BlockData (BlockMsg, id=384)
** Event #309  t=74.809264121344  SupplyChainNetwork.peer[1] (Node, id=5)  on BlockData (BlockMsg, id=385)
** Event #310  t=74.809264121344  SupplyChainNetwork.peer[4] (Node, id=8)  on BlockData (BlockMsg, id=386)
** Event #311  t=74.809264121344  SupplyChainNetwork.seed[0] (Node, id=2)  on BlockData (BlockMsg, id=388)
** Event #312  t=74.809264121344  SupplyChainNetwork.peer[4] (Node, id=8)  on BlockData (BlockMsg, id=389)
** Event #313  t=77.633881194644  SupplyChainNetwork.peer[1] (Node, id=5)  on selfmsg MiningTimer (omnetpp::cMessage, id=15)
INFO: MINED BLOCK 10 | Root: f196815b
** Event #314  t=77.733881194644  SupplyChainNetwork.seed[0] (Node, id=2)  on BlockData (BlockMsg, id=392)
INFO: Received longer chain (Block 10). Switching...
** Event #315  t=77.733881194644  SupplyChainNetwork.peer[0] (Node, id=4)  on BlockData (BlockMsg, id=393)
INFO: Received longer chain (Block 10). Switching...
** Event #316  t=77.733881194644  SupplyChainNetwork.peer[2] (Node, id=6)  on BlockData (BlockMsg, id=394)
INFO: Received longer chain (Block 10). Switching...
** Event #317  t=77.833881194644  SupplyChainNetwork.peer[0] (Node, id=4)  on BlockData (BlockMsg, id=396)
** Event #318  t=77.833881194644  SupplyChainNetwork.peer[4] (Node, id=8)  on BlockData (BlockMsg, id=397)
** Event #319  t=77.833881194644  SupplyChainNetwork.seed[1] (Node, id=3)  on BlockData (BlockMsg, id=398)
INFO: Received longer chain (Block 10). Switching...
** Event #320  t=77.833881194644  SupplyChainNetwork.seed[0] (Node, id=2)  on BlockData (BlockMsg, id=400)
** Event #321  t=77.833881194644  SupplyChainNetwork.peer[4] (Node, id=8)  on BlockData (BlockMsg, id=401)
** Event #322  t=77.833881194644  SupplyChainNetwork.seed[1] (Node, id=3)  on BlockData (BlockMsg, id=403)
** Event #323  t=77.833881194644  SupplyChainNetwork.peer[3] (Node, id=7)  on BlockData (BlockMsg, id=404)
INFO: SECURITY ALERT: Double Spending in Block 10!
** Event #324  t=77.933881194644  SupplyChainNetwork.peer[2] (Node, id=6)  on BlockData (BlockMsg, id=406)
** Event #325  t=77.933881194644  SupplyChainNetwork.peer[3] (Node, id=7)  on BlockData (BlockMsg, id=407)
INFO: SECURITY ALERT: Double Spending in Block 10!
** Event #326  t=79  SupplyChainNetwork.seed[0] (Node, id=2)  on selfmsg LivenessTimer (omnetpp::cMessage, id=1)
** Event #327  t=79  SupplyChainNetwork.seed[1] (Node, id=3)  on selfmsg LivenessTimer (omnetpp::cMessage, id=6)
** Event #328  t=79  SupplyChainNetwork.peer[0] (Node, id=4)  on selfmsg LivenessTimer (omnetpp::cMessage, id=11)
** Event #329  t=79  SupplyChainNetwork.peer[1] (Node, id=5)  on selfmsg LivenessTimer (omnetpp::cMessage, id=16)
** Event #330  t=79  SupplyChainNetwork.peer[2] (Node, id=6)  on selfmsg LivenessTimer (omnetpp::cMessage, id=21)
** Event #331  t=79.1  SupplyChainNetwork.peer[0] (Node, id=4)  on LivenessPing (GossipMsg, id=409)
** Event #332  t=79.1  SupplyChainNetwork.peer[1] (Node, id=5)  on LivenessPing (GossipMsg, id=410)
** Event #333  t=79.1  SupplyChainNetwork.peer[4] (Node, id=8)  on LivenessPing (GossipMsg, id=411)
** Event #334  t=79.1  SupplyChainNetwork.seed[1] (Node, id=3)  on LivenessPing (GossipMsg, id=412)
** Event #335  t=79.1  SupplyChainNetwork.peer[2] (Node, id=6)  on LivenessPing (GossipMsg, id=414)
** Event #336  t=79.1  SupplyChainNetwork.peer[3] (Node, id=7)  on LivenessPing (GossipMsg, id=415)
** Event #337  t=79.1  SupplyChainNetwork.seed[0] (Node, id=2)  on LivenessPing (GossipMsg, id=416)
** Event #338  t=79.1  SupplyChainNetwork.seed[0] (Node, id=2)  on LivenessPing (GossipMsg, id=418)
** Event #339  t=79.1  SupplyChainNetwork.peer[1] (Node, id=5)  on LivenessPing (GossipMsg, id=419)
** Event #340  t=79.1  SupplyChainNetwork.peer[4] (Node, id=8)  on LivenessPing (GossipMsg, id=420)
** Event #341  t=79.1  SupplyChainNetwork.seed[0] (Node, id=2)  on LivenessPing (GossipMsg, id=422)
** Event #342  t=79.1  SupplyChainNetwork.peer[0] (Node, id=4)  on LivenessPing (GossipMsg, id=423)
** Event #343  t=79.1  SupplyChainNetwork.peer[2] (Node, id=6)  on LivenessPing (GossipMsg, id=424)
** Event #344  t=79.1  SupplyChainNetwork.seed[1] (Node, id=3)  on LivenessPing (GossipMsg, id=426)
** Event #345  t=79.1  SupplyChainNetwork.peer[1] (Node, id=5)  on LivenessPing (GossipMsg, id=427)
** Event #346  t=79.1  SupplyChainNetwork.peer[3] (Node, id=7)  on LivenessPing (GossipMsg, id=428)
** Event #347  t=86  SupplyChainNetwork.peer[3] (Node, id=7)  on selfmsg LivenessTimer (omnetpp::cMessage, id=26)
INFO: WARNING: Neighbor on gate 2 is DEAD!
** Event #348  t=86.1  SupplyChainNetwork.seed[1] (Node, id=3)  on LivenessPing (GossipMsg, id=430)
** Event #349  t=86.1  SupplyChainNetwork.peer[2] (Node, id=6)  on LivenessPing (GossipMsg, id=431)
** Event #350  t=86.1  SupplyChainNetwork.peer[4] (Node, id=8)  on LivenessPing (GossipMsg, id=432)
** Event #351  t=90.568064648206  SupplyChainNetwork.peer[2] (Node, id=6)  on selfmsg MiningTimer (omnetpp::cMessage, id=20)
INFO: MINED BLOCK 11 | Root: 380a20ee
** Event #352  t=90.668064648206  SupplyChainNetwork.seed[1] (Node, id=3)  on BlockData (BlockMsg, id=435)
INFO: Received longer chain (Block 11). Switching...
** Event #353  t=90.668064648206  SupplyChainNetwork.peer[1] (Node, id=5)  on BlockData (BlockMsg, id=436)
INFO: Received longer chain (Block 11). Switching...
** Event #354  t=90.668064648206  SupplyChainNetwork.peer[3] (Node, id=7)  on BlockData (BlockMsg, id=437)
INFO: SECURITY ALERT: Double Spending in Block 11!
** Event #355  t=90.768064648206  SupplyChainNetwork.peer[3] (Node, id=7)  on BlockData (BlockMsg, id=439)
INFO: SECURITY ALERT: Double Spending in Block 11!
** Event #356  t=90.768064648206  SupplyChainNetwork.seed[0] (Node, id=2)  on BlockData (BlockMsg, id=440)
INFO: Received longer chain (Block 11). Switching...
** Event #357  t=90.768064648206  SupplyChainNetwork.seed[0] (Node, id=2)  on BlockData (BlockMsg, id=442)
** Event #358  t=90.768064648206  SupplyChainNetwork.peer[0] (Node, id=4)  on BlockData (BlockMsg, id=443)
INFO: Received longer chain (Block 11). Switching...
** Event #359  t=90.868064648206  SupplyChainNetwork.peer[0] (Node, id=4)  on BlockData (BlockMsg, id=445)
** Event #360  t=90.868064648206  SupplyChainNetwork.peer[1] (Node, id=5)  on BlockData (BlockMsg, id=446)
** Event #361  t=90.868064648206  SupplyChainNetwork.peer[4] (Node, id=8)  on BlockData (BlockMsg, id=447)
** Event #362  t=90.868064648206  SupplyChainNetwork.seed[0] (Node, id=2)  on BlockData (BlockMsg, id=449)
** Event #363  t=90.868064648206  SupplyChainNetwork.peer[4] (Node, id=8)  on BlockData (BlockMsg, id=450)
** Event #364  t=92  SupplyChainNetwork.seed[0] (Node, id=2)  on selfmsg LivenessTimer (omnetpp::cMessage, id=1)
INFO: WARNING: Neighbor on gate 2 is DEAD!
** Event #365  t=92  SupplyChainNetwork.seed[1] (Node, id=3)  on selfmsg LivenessTimer (omnetpp::cMessage, id=6)
** Event #366  t=92  SupplyChainNetwork.peer[0] (Node, id=4)  on selfmsg LivenessTimer (omnetpp::cMessage, id=11)
INFO: WARNING: Neighbor on gate 2 is DEAD!
** Event #367  t=92  SupplyChainNetwork.peer[1] (Node, id=5)  on selfmsg LivenessTimer (omnetpp::cMessage, id=16)
** Event #368  t=92  SupplyChainNetwork.peer[2] (Node, id=6)  on selfmsg LivenessTimer (omnetpp::cMessage, id=21)
** Event #369  t=92.1  SupplyChainNetwork.peer[0] (Node, id=4)  on LivenessPing (GossipMsg, id=452)
** Event #370  t=92.1  SupplyChainNetwork.peer[1] (Node, id=5)  on LivenessPing (GossipMsg, id=453)
** Event #371  t=92.1  SupplyChainNetwork.peer[4] (Node, id=8)  on LivenessPing (GossipMsg, id=454)
** Event #372  t=92.1  SupplyChainNetwork.seed[1] (Node, id=3)  on LivenessPing (GossipMsg, id=455)
** Event #373  t=92.1  SupplyChainNetwork.peer[2] (Node, id=6)  on LivenessPing (GossipMsg, id=457)
** Event #374  t=92.1  SupplyChainNetwork.peer[3] (Node, id=7)  on LivenessPing (GossipMsg, id=458)
** Event #375  t=92.1  SupplyChainNetwork.seed[0] (Node, id=2)  on LivenessPing (GossipMsg, id=459)
** Event #376  t=92.1  SupplyChainNetwork.seed[0] (Node, id=2)  on LivenessPing (GossipMsg, id=461)
** Event #377  t=92.1  SupplyChainNetwork.peer[1] (Node, id=5)  on LivenessPing (GossipMsg, id=462)
** Event #378  t=92.1  SupplyChainNetwork.peer[4] (Node, id=8)  on LivenessPing (GossipMsg, id=463)
** Event #379  t=92.1  SupplyChainNetwork.seed[0] (Node, id=2)  on LivenessPing (GossipMsg, id=465)
** Event #380  t=92.1  SupplyChainNetwork.peer[0] (Node, id=4)  on LivenessPing (GossipMsg, id=466)
** Event #381  t=92.1  SupplyChainNetwork.peer[2] (Node, id=6)  on LivenessPing (GossipMsg, id=467)
** Event #382  t=92.1  SupplyChainNetwork.seed[1] (Node, id=3)  on LivenessPing (GossipMsg, id=469)
** Event #383  t=92.1  SupplyChainNetwork.peer[1] (Node, id=5)  on LivenessPing (GossipMsg, id=470)
** Event #384  t=92.1  SupplyChainNetwork.peer[3] (Node, id=7)  on LivenessPing (GossipMsg, id=471)
** Event #385  t=99  SupplyChainNetwork.peer[3] (Node, id=7)  on selfmsg LivenessTimer (omnetpp::cMessage, id=26)
** Event #386  t=99.1  SupplyChainNetwork.seed[1] (Node, id=3)  on LivenessPing (GossipMsg, id=473)
** Event #387  t=99.1  SupplyChainNetwork.peer[2] (Node, id=6)  on LivenessPing (GossipMsg, id=474)
** Event #388  t=99.1  SupplyChainNetwork.peer[4] (Node, id=8)  on LivenessPing (GossipMsg, id=475)
** Event #389  t=103.14665384074  SupplyChainNetwork.peer[0] (Node, id=4)  on selfmsg MiningTimer (omnetpp::cMessage, id=10)
INFO: MINED BLOCK 12 | Root: c7a17a81
** Event #390  t=103.24665384074  SupplyChainNetwork.seed[0] (Node, id=2)  on BlockData (BlockMsg, id=478)
INFO: Received longer chain (Block 12). Switching...
** Event #391  t=103.24665384074  SupplyChainNetwork.peer[1] (Node, id=5)  on BlockData (BlockMsg, id=479)
INFO: Received longer chain (Block 12). Switching...
** Event #392  t=103.24665384074  SupplyChainNetwork.peer[4] (Node, id=8)  on BlockData (BlockMsg, id=480)
** Event #393  t=103.34665384074  SupplyChainNetwork.peer[1] (Node, id=5)  on BlockData (BlockMsg, id=482)
** Event #394  t=103.34665384074  SupplyChainNetwork.peer[4] (Node, id=8)  on BlockData (BlockMsg, id=483)
** Event #395  t=103.34665384074  SupplyChainNetwork.seed[1] (Node, id=3)  on BlockData (BlockMsg, id=484)
INFO: Received longer chain (Block 12). Switching...
** Event #396  t=103.34665384074  SupplyChainNetwork.seed[0] (Node, id=2)  on BlockData (BlockMsg, id=486)
** Event #397  t=103.34665384074  SupplyChainNetwork.peer[2] (Node, id=6)  on BlockData (BlockMsg, id=487)
INFO: Received longer chain (Block 12). Switching...
** Event #398  t=103.44665384074  SupplyChainNetwork.peer[2] (Node, id=6)  on BlockData (BlockMsg, id=489)
** Event #399  t=103.44665384074  SupplyChainNetwork.peer[3] (Node, id=7)  on BlockData (BlockMsg, id=490)
INFO: SECURITY ALERT: Double Spending in Block 12!
** Event #400  t=103.44665384074  SupplyChainNetwork.seed[1] (Node, id=3)  on BlockData (BlockMsg, id=492)
** Event #401  t=103.44665384074  SupplyChainNetwork.peer[3] (Node, id=7)  on BlockData (BlockMsg, id=493)
INFO: SECURITY ALERT: Double Spending in Block 12!
** Event #402  t=105  SupplyChainNetwork.seed[0] (Node, id=2)  on selfmsg LivenessTimer (omnetpp::cMessage, id=1)
** Event #403  t=105  SupplyChainNetwork.seed[1] (Node, id=3)  on selfmsg LivenessTimer (omnetpp::cMessage, id=6)
** Event #404  t=105  SupplyChainNetwork.peer[0] (Node, id=4)  on selfmsg LivenessTimer (omnetpp::cMessage, id=11)
** Event #405  t=105  SupplyChainNetwork.peer[1] (Node, id=5)  on selfmsg LivenessTimer (omnetpp::cMessage, id=16)
** Event #406  t=105  SupplyChainNetwork.peer[2] (Node, id=6)  on selfmsg LivenessTimer (omnetpp::cMessage, id=21)
** Event #407  t=105.1  SupplyChainNetwork.peer[0] (Node, id=4)  on LivenessPing (GossipMsg, id=495)
** Event #408  t=105.1  SupplyChainNetwork.peer[1] (Node, id=5)  on LivenessPing (GossipMsg, id=496)
** Event #409  t=105.1  SupplyChainNetwork.peer[4] (Node, id=8)  on LivenessPing (GossipMsg, id=497)
** Event #410  t=105.1  SupplyChainNetwork.seed[1] (Node, id=3)  on LivenessPing (GossipMsg, id=498)
** Event #411  t=105.1  SupplyChainNetwork.peer[2] (Node, id=6)  on LivenessPing (GossipMsg, id=500)
** Event #412  t=105.1  SupplyChainNetwork.peer[3] (Node, id=7)  on LivenessPing (GossipMsg, id=501)
** Event #413  t=105.1  SupplyChainNetwork.seed[0] (Node, id=2)  on LivenessPing (GossipMsg, id=502)
** Event #414  t=105.1  SupplyChainNetwork.seed[0] (Node, id=2)  on LivenessPing (GossipMsg, id=504)
** Event #415  t=105.1  SupplyChainNetwork.peer[1] (Node, id=5)  on LivenessPing (GossipMsg, id=505)
** Event #416  t=105.1  SupplyChainNetwork.peer[4] (Node, id=8)  on LivenessPing (GossipMsg, id=506)
** Event #417  t=105.1  SupplyChainNetwork.seed[0] (Node, id=2)  on LivenessPing (GossipMsg, id=508)
** Event #418  t=105.1  SupplyChainNetwork.peer[0] (Node, id=4)  on LivenessPing (GossipMsg, id=509)
** Event #419  t=105.1  SupplyChainNetwork.peer[2] (Node, id=6)  on LivenessPing (GossipMsg, id=510)
** Event #420  t=105.1  SupplyChainNetwork.seed[1] (Node, id=3)  on LivenessPing (GossipMsg, id=512)
** Event #421  t=105.1  SupplyChainNetwork.peer[1] (Node, id=5)  on LivenessPing (GossipMsg, id=513)
** Event #422  t=105.1  SupplyChainNetwork.peer[3] (Node, id=7)  on LivenessPing (GossipMsg, id=514)
** Event #423  t=112  SupplyChainNetwork.peer[3] (Node, id=7)  on selfmsg LivenessTimer (omnetpp::cMessage, id=26)
** Event #424  t=112.1  SupplyChainNetwork.seed[1] (Node, id=3)  on LivenessPing (GossipMsg, id=516)
** Event #425  t=112.1  SupplyChainNetwork.peer[2] (Node, id=6)  on LivenessPing (GossipMsg, id=517)
** Event #426  t=112.1  SupplyChainNetwork.peer[4] (Node, id=8)  on LivenessPing (GossipMsg, id=518)
** Event #427  t=112.50362015857  SupplyChainNetwork.peer[3] (Node, id=7)  on selfmsg MiningTimer (omnetpp::cMessage, id=25)
INFO: MINED BLOCK 4 | Root: a99705cf
** Event #428  t=112.60362015857  SupplyChainNetwork.seed[1] (Node, id=3)  on BlockData (BlockMsg, id=521)
INFO: SECURITY ALERT: Double Spending in Block 4!
** Event #429  t=112.60362015857  SupplyChainNetwork.peer[2] (Node, id=6)  on BlockData (BlockMsg, id=522)
INFO: SECURITY ALERT: Double Spending in Block 4!
** Event #430  t=112.60362015857  SupplyChainNetwork.peer[4] (Node, id=8)  on BlockData (BlockMsg, id=523)
** Event #431  t=115.021108347331  SupplyChainNetwork.peer[3] (Node, id=7)  on selfmsg MiningTimer (omnetpp::cMessage, id=25)
INFO: MINED BLOCK 5 | Root: ad313d26
** Event #432  t=115.121108347331  SupplyChainNetwork.seed[1] (Node, id=3)  on BlockData (BlockMsg, id=526)
INFO: SECURITY ALERT: Double Spending in Block 5!
** Event #433  t=115.121108347331  SupplyChainNetwork.peer[2] (Node, id=6)  on BlockData (BlockMsg, id=527)
INFO: SECURITY ALERT: Double Spending in Block 5!
** Event #434  t=115.121108347331  SupplyChainNetwork.peer[4] (Node, id=8)  on BlockData (BlockMsg, id=528)
** Event #435  t=117.845942264536  SupplyChainNetwork.peer[0] (Node, id=4)  on selfmsg MiningTimer (omnetpp::cMessage, id=10)
INFO: MINED BLOCK 13 | Root: bc1d7044
** Event #436  t=117.945942264536  SupplyChainNetwork.seed[0] (Node, id=2)  on BlockData (BlockMsg, id=531)
INFO: Received longer chain (Block 13). Switching...
** Event #437  t=117.945942264536  SupplyChainNetwork.peer[1] (Node, id=5)  on BlockData (BlockMsg, id=532)
INFO: Received longer chain (Block 13). Switching...
** Event #438  t=117.945942264536  SupplyChainNetwork.peer[4] (Node, id=8)  on BlockData (BlockMsg, id=533)
** Event #439  t=118  SupplyChainNetwork.seed[0] (Node, id=2)  on selfmsg LivenessTimer (omnetpp::cMessage, id=1)
** Event #440  t=118  SupplyChainNetwork.seed[1] (Node, id=3)  on selfmsg LivenessTimer (omnetpp::cMessage, id=6)
** Event #441  t=118  SupplyChainNetwork.peer[0] (Node, id=4)  on selfmsg LivenessTimer (omnetpp::cMessage, id=11)
** Event #442  t=118  SupplyChainNetwork.peer[1] (Node, id=5)  on selfmsg LivenessTimer (omnetpp::cMessage, id=16)
** Event #443  t=118  SupplyChainNetwork.peer[2] (Node, id=6)  on selfmsg LivenessTimer (omnetpp::cMessage, id=21)
** Event #444  t=118.045942264536  SupplyChainNetwork.peer[1] (Node, id=5)  on BlockData (BlockMsg, id=535)
** Event #445  t=118.045942264536  SupplyChainNetwork.peer[4] (Node, id=8)  on BlockData (BlockMsg, id=536)
** Event #446  t=118.045942264536  SupplyChainNetwork.seed[1] (Node, id=3)  on BlockData (BlockMsg, id=537)
INFO: Received longer chain (Block 13). Switching...
** Event #447  t=118.045942264536  SupplyChainNetwork.seed[0] (Node, id=2)  on BlockData (BlockMsg, id=539)
** Event #448  t=118.045942264536  SupplyChainNetwork.peer[2] (Node, id=6)  on BlockData (BlockMsg, id=540)
INFO: Received longer chain (Block 13). Switching...
** Event #449  t=118.1  SupplyChainNetwork.peer[0] (Node, id=4)  on LivenessPing (GossipMsg, id=542)
** Event #450  t=118.1  SupplyChainNetwork.peer[1] (Node, id=5)  on LivenessPing (GossipMsg, id=543)
** Event #451  t=118.1  SupplyChainNetwork.peer[4] (Node, id=8)  on LivenessPing (GossipMsg, id=544)
** Event #452  t=118.1  SupplyChainNetwork.seed[1] (Node, id=3)  on LivenessPing (GossipMsg, id=545)
** Event #453  t=118.1  SupplyChainNetwork.peer[2] (Node, id=6)  on LivenessPing (GossipMsg, id=547)
** Event #454  t=118.1  SupplyChainNetwork.peer[3] (Node, id=7)  on LivenessPing (GossipMsg, id=548)
** Event #455  t=118.1  SupplyChainNetwork.seed[0] (Node, id=2)  on LivenessPing (GossipMsg, id=549)
** Event #456  t=118.1  SupplyChainNetwork.seed[0] (Node, id=2)  on LivenessPing (GossipMsg, id=551)
** Event #457  t=118.1  SupplyChainNetwork.peer[1] (Node, id=5)  on LivenessPing (GossipMsg, id=552)
** Event #458  t=118.1  SupplyChainNetwork.peer[4] (Node, id=8)  on LivenessPing (GossipMsg, id=553)
** Event #459  t=118.1  SupplyChainNetwork.seed[0] (Node, id=2)  on LivenessPing (GossipMsg, id=555)
** Event #460  t=118.1  SupplyChainNetwork.peer[0] (Node, id=4)  on LivenessPing (GossipMsg, id=556)
** Event #461  t=118.1  SupplyChainNetwork.peer[2] (Node, id=6)  on LivenessPing (GossipMsg, id=557)
** Event #462  t=118.1  SupplyChainNetwork.seed[1] (Node, id=3)  on LivenessPing (GossipMsg, id=559)
** Event #463  t=118.1  SupplyChainNetwork.peer[1] (Node, id=5)  on LivenessPing (GossipMsg, id=560)
** Event #464  t=118.1  SupplyChainNetwork.peer[3] (Node, id=7)  on LivenessPing (GossipMsg, id=561)
** Event #465  t=118.145942264536  SupplyChainNetwork.peer[2] (Node, id=6)  on BlockData (BlockMsg, id=563)
** Event #466  t=118.145942264536  SupplyChainNetwork.peer[3] (Node, id=7)  on BlockData (BlockMsg, id=564)
INFO: SECURITY ALERT: Double Spending in Block 13!
** Event #467  t=118.145942264536  SupplyChainNetwork.seed[1] (Node, id=3)  on BlockData (BlockMsg, id=566)
** Event #468  t=118.145942264536  SupplyChainNetwork.peer[3] (Node, id=7)  on BlockData (BlockMsg, id=567)
INFO: SECURITY ALERT: Double Spending in Block 13!
** Event #469  t=121.140535874537  SupplyChainNetwork.peer[2] (Node, id=6)  on selfmsg MiningTimer (omnetpp::cMessage, id=20)
INFO: MINED BLOCK 14 | Root: 97725181
** Event #470  t=121.240535874537  SupplyChainNetwork.seed[1] (Node, id=3)  on BlockData (BlockMsg, id=570)
INFO: Received longer chain (Block 14). Switching...
** Event #471  t=121.240535874537  SupplyChainNetwork.peer[1] (Node, id=5)  on BlockData (BlockMsg, id=571)
INFO: Received longer chain (Block 14). Switching...
** Event #472  t=121.240535874537  SupplyChainNetwork.peer[3] (Node, id=7)  on BlockData (BlockMsg, id=572)
INFO: SECURITY ALERT: Double Spending in Block 14!
** Event #473  t=121.340535874537  SupplyChainNetwork.peer[3] (Node, id=7)  on BlockData (BlockMsg, id=574)
INFO: SECURITY ALERT: Double Spending in Block 14!
** Event #474  t=121.340535874537  SupplyChainNetwork.seed[0] (Node, id=2)  on BlockData (BlockMsg, id=575)
INFO: Received longer chain (Block 14). Switching...
** Event #475  t=121.340535874537  SupplyChainNetwork.seed[0] (Node, id=2)  on BlockData (BlockMsg, id=577)
** Event #476  t=121.340535874537  SupplyChainNetwork.peer[0] (Node, id=4)  on BlockData (BlockMsg, id=578)
INFO: Received longer chain (Block 14). Switching...
** Event #477  t=121.440535874537  SupplyChainNetwork.peer[0] (Node, id=4)  on BlockData (BlockMsg, id=580)
** Event #478  t=121.440535874537  SupplyChainNetwork.peer[1] (Node, id=5)  on BlockData (BlockMsg, id=581)
** Event #479  t=121.440535874537  SupplyChainNetwork.peer[4] (Node, id=8)  on BlockData (BlockMsg, id=582)
** Event #480  t=121.440535874537  SupplyChainNetwork.seed[0] (Node, id=2)  on BlockData (BlockMsg, id=584)
** Event #481  t=121.440535874537  SupplyChainNetwork.peer[4] (Node, id=8)  on BlockData (BlockMsg, id=585)
** Event #482  t=125  SupplyChainNetwork.peer[3] (Node, id=7)  on selfmsg LivenessTimer (omnetpp::cMessage, id=26)
** Event #483  t=125.1  SupplyChainNetwork.seed[1] (Node, id=3)  on LivenessPing (GossipMsg, id=587)
** Event #484  t=125.1  SupplyChainNetwork.peer[2] (Node, id=6)  on LivenessPing (GossipMsg, id=588)
** Event #485  t=125.1  SupplyChainNetwork.peer[4] (Node, id=8)  on LivenessPing (GossipMsg, id=589)
** Event #486  t=131  SupplyChainNetwork.seed[0] (Node, id=2)  on selfmsg LivenessTimer (omnetpp::cMessage, id=1)
** Event #487  t=131  SupplyChainNetwork.seed[1] (Node, id=3)  on selfmsg LivenessTimer (omnetpp::cMessage, id=6)
** Event #488  t=131  SupplyChainNetwork.peer[0] (Node, id=4)  on selfmsg LivenessTimer (omnetpp::cMessage, id=11)
** Event #489  t=131  SupplyChainNetwork.peer[1] (Node, id=5)  on selfmsg LivenessTimer (omnetpp::cMessage, id=16)
** Event #490  t=131  SupplyChainNetwork.peer[2] (Node, id=6)  on selfmsg LivenessTimer (omnetpp::cMessage, id=21)
** Event #491  t=131.1  SupplyChainNetwork.peer[0] (Node, id=4)  on LivenessPing (GossipMsg, id=591)
** Event #492  t=131.1  SupplyChainNetwork.peer[1] (Node, id=5)  on LivenessPing (GossipMsg, id=592)
** Event #493  t=131.1  SupplyChainNetwork.peer[4] (Node, id=8)  on LivenessPing (GossipMsg, id=593)
** Event #494  t=131.1  SupplyChainNetwork.seed[1] (Node, id=3)  on LivenessPing (GossipMsg, id=594)
** Event #495  t=131.1  SupplyChainNetwork.peer[2] (Node, id=6)  on LivenessPing (GossipMsg, id=596)
** Event #496  t=131.1  SupplyChainNetwork.peer[3] (Node, id=7)  on LivenessPing (GossipMsg, id=597)
** Event #497  t=131.1  SupplyChainNetwork.seed[0] (Node, id=2)  on LivenessPing (GossipMsg, id=598)
** Event #498  t=131.1  SupplyChainNetwork.seed[0] (Node, id=2)  on LivenessPing (GossipMsg, id=600)
** Event #499  t=131.1  SupplyChainNetwork.peer[1] (Node, id=5)  on LivenessPing (GossipMsg, id=601)
** Event #500  t=131.1  SupplyChainNetwork.peer[4] (Node, id=8)  on LivenessPing (GossipMsg, id=602)
** Event #501  t=131.1  SupplyChainNetwork.seed[0] (Node, id=2)  on LivenessPing (GossipMsg, id=604)
** Event #502  t=131.1  SupplyChainNetwork.peer[0] (Node, id=4)  on LivenessPing (GossipMsg, id=605)
** Event #503  t=131.1  SupplyChainNetwork.peer[2] (Node, id=6)  on LivenessPing (GossipMsg, id=606)
** Event #504  t=131.1  SupplyChainNetwork.seed[1] (Node, id=3)  on LivenessPing (GossipMsg, id=608)
** Event #505  t=131.1  SupplyChainNetwork.peer[1] (Node, id=5)  on LivenessPing (GossipMsg, id=609)
** Event #506  t=131.1  SupplyChainNetwork.peer[3] (Node, id=7)  on LivenessPing (GossipMsg, id=610)
** Event #507  t=136.557229043883  SupplyChainNetwork.peer[2] (Node, id=6)  on selfmsg MiningTimer (omnetpp::cMessage, id=20)
INFO: MINED BLOCK 15 | Root: 875e65bd
** Event #508  t=136.657229043883  SupplyChainNetwork.seed[1] (Node, id=3)  on BlockData (BlockMsg, id=613)
INFO: Received longer chain (Block 15). Switching...
** Event #509  t=136.657229043883  SupplyChainNetwork.peer[1] (Node, id=5)  on BlockData (BlockMsg, id=614)
INFO: Received longer chain (Block 15). Switching...
** Event #510  t=136.657229043883  SupplyChainNetwork.peer[3] (Node, id=7)  on BlockData (BlockMsg, id=615)
INFO: SECURITY ALERT: Double Spending in Block 15!
** Event #511  t=136.757229043883  SupplyChainNetwork.peer[3] (Node, id=7)  on BlockData (BlockMsg, id=617)
INFO: SECURITY ALERT: Double Spending in Block 15!
** Event #512  t=136.757229043883  SupplyChainNetwork.seed[0] (Node, id=2)  on BlockData (BlockMsg, id=618)
INFO: Received longer chain (Block 15). Switching...
** Event #513  t=136.757229043883  SupplyChainNetwork.seed[0] (Node, id=2)  on BlockData (BlockMsg, id=620)
** Event #514  t=136.757229043883  SupplyChainNetwork.peer[0] (Node, id=4)  on BlockData (BlockMsg, id=621)
INFO: Received longer chain (Block 15). Switching...
** Event #515  t=136.857229043883  SupplyChainNetwork.peer[0] (Node, id=4)  on BlockData (BlockMsg, id=623)
** Event #516  t=136.857229043883  SupplyChainNetwork.peer[1] (Node, id=5)  on BlockData (BlockMsg, id=624)
** Event #517  t=136.857229043883  SupplyChainNetwork.peer[4] (Node, id=8)  on BlockData (BlockMsg, id=625)
** Event #518  t=136.857229043883  SupplyChainNetwork.seed[0] (Node, id=2)  on BlockData (BlockMsg, id=627)
** Event #519  t=136.857229043883  SupplyChainNetwork.peer[4] (Node, id=8)  on BlockData (BlockMsg, id=628)
** Event #520  t=138  SupplyChainNetwork.peer[3] (Node, id=7)  on selfmsg LivenessTimer (omnetpp::cMessage, id=26)
INFO: WARNING: Neighbor on gate 2 is DEAD!
** Event #521  t=138.1  SupplyChainNetwork.seed[1] (Node, id=3)  on LivenessPing (GossipMsg, id=630)
** Event #522  t=138.1  SupplyChainNetwork.peer[2] (Node, id=6)  on LivenessPing (GossipMsg, id=631)
** Event #523  t=138.1  SupplyChainNetwork.peer[4] (Node, id=8)  on LivenessPing (GossipMsg, id=632)
** Event #524  t=138.896152256536  SupplyChainNetwork.peer[1] (Node, id=5)  on selfmsg MiningTimer (omnetpp::cMessage, id=15)
INFO: MINED BLOCK 16 | Root: f75791aa
** Event #525  t=138.996152256536  SupplyChainNetwork.seed[0] (Node, id=2)  on BlockData (BlockMsg, id=635)
INFO: Received longer chain (Block 16). Switching...
** Event #526  t=138.996152256536  SupplyChainNetwork.peer[0] (Node, id=4)  on BlockData (BlockMsg, id=636)
INFO: Received longer chain (Block 16). Switching...
** Event #527  t=138.996152256536  SupplyChainNetwork.peer[2] (Node, id=6)  on BlockData (BlockMsg, id=637)
INFO: Received longer chain (Block 16). Switching...
** Event #528  t=139.096152256536  SupplyChainNetwork.peer[0] (Node, id=4)  on BlockData (BlockMsg, id=639)
** Event #529  t=139.096152256536  SupplyChainNetwork.peer[4] (Node, id=8)  on BlockData (BlockMsg, id=640)
** Event #530  t=139.096152256536  SupplyChainNetwork.seed[1] (Node, id=3)  on BlockData (BlockMsg, id=641)
INFO: Received longer chain (Block 16). Switching...
** Event #531  t=139.096152256536  SupplyChainNetwork.seed[0] (Node, id=2)  on BlockData (BlockMsg, id=643)
** Event #532  t=139.096152256536  SupplyChainNetwork.peer[4] (Node, id=8)  on BlockData (BlockMsg, id=644)
** Event #533  t=139.096152256536  SupplyChainNetwork.seed[1] (Node, id=3)  on BlockData (BlockMsg, id=646)
** Event #534  t=139.096152256536  SupplyChainNetwork.peer[3] (Node, id=7)  on BlockData (BlockMsg, id=647)
INFO: SECURITY ALERT: Double Spending in Block 16!
** Event #535  t=139.196152256536  SupplyChainNetwork.peer[2] (Node, id=6)  on BlockData (BlockMsg, id=649)
** Event #536  t=139.196152256536  SupplyChainNetwork.peer[3] (Node, id=7)  on BlockData (BlockMsg, id=650)
INFO: SECURITY ALERT: Double Spending in Block 16!
** Event #537  t=140.525662391804  SupplyChainNetwork.peer[3] (Node, id=7)  on selfmsg MiningTimer (omnetpp::cMessage, id=25)
INFO: MINED BLOCK 6 | Root: 800664aa
** Event #538  t=140.625662391804  SupplyChainNetwork.seed[1] (Node, id=3)  on BlockData (BlockMsg, id=653)
INFO: SECURITY ALERT: Double Spending in Block 6!
** Event #539  t=140.625662391804  SupplyChainNetwork.peer[2] (Node, id=6)  on BlockData (BlockMsg, id=654)
INFO: SECURITY ALERT: Double Spending in Block 6!
** Event #540  t=140.625662391804  SupplyChainNetwork.peer[4] (Node, id=8)  on BlockData (BlockMsg, id=655)
** Event #541  t=143.120217897146  SupplyChainNetwork.peer[2] (Node, id=6)  on selfmsg MiningTimer (omnetpp::cMessage, id=20)
INFO: MINED BLOCK 17 | Root: 2964056c
** Event #542  t=143.220217897146  SupplyChainNetwork.seed[1] (Node, id=3)  on BlockData (BlockMsg, id=658)
INFO: Received longer chain (Block 17). Switching...
** Event #543  t=143.220217897146  SupplyChainNetwork.peer[1] (Node, id=5)  on BlockData (BlockMsg, id=659)
INFO: Received longer chain (Block 17). Switching...
** Event #544  t=143.220217897146  SupplyChainNetwork.peer[3] (Node, id=7)  on BlockData (BlockMsg, id=660)
INFO: SECURITY ALERT: Double Spending in Block 17!
** Event #545  t=143.320217897146  SupplyChainNetwork.peer[3] (Node, id=7)  on BlockData (BlockMsg, id=662)
INFO: SECURITY ALERT: Double Spending in Block 17!
** Event #546  t=143.320217897146  SupplyChainNetwork.seed[0] (Node, id=2)  on BlockData (BlockMsg, id=663)
INFO: Received longer chain (Block 17). Switching...
** Event #547  t=143.320217897146  SupplyChainNetwork.seed[0] (Node, id=2)  on BlockData (BlockMsg, id=665)
** Event #548  t=143.320217897146  SupplyChainNetwork.peer[0] (Node, id=4)  on BlockData (BlockMsg, id=666)
INFO: Received longer chain (Block 17). Switching...
** Event #549  t=143.420217897146  SupplyChainNetwork.peer[0] (Node, id=4)  on BlockData (BlockMsg, id=668)
** Event #550  t=143.420217897146  SupplyChainNetwork.peer[1] (Node, id=5)  on BlockData (BlockMsg, id=669)
** Event #551  t=143.420217897146  SupplyChainNetwork.peer[4] (Node, id=8)  on BlockData (BlockMsg, id=670)
** Event #552  t=143.420217897146  SupplyChainNetwork.seed[0] (Node, id=2)  on BlockData (BlockMsg, id=672)
** Event #553  t=143.420217897146  SupplyChainNetwork.peer[4] (Node, id=8)  on BlockData (BlockMsg, id=673)
** Event #554  t=144  SupplyChainNetwork.seed[0] (Node, id=2)  on selfmsg LivenessTimer (omnetpp::cMessage, id=1)
INFO: WARNING: Neighbor on gate 2 is DEAD!
** Event #555  t=144  SupplyChainNetwork.seed[1] (Node, id=3)  on selfmsg LivenessTimer (omnetpp::cMessage, id=6)
** Event #556  t=144  SupplyChainNetwork.peer[0] (Node, id=4)  on selfmsg LivenessTimer (omnetpp::cMessage, id=11)
INFO: WARNING: Neighbor on gate 2 is DEAD!
** Event #557  t=144  SupplyChainNetwork.peer[1] (Node, id=5)  on selfmsg LivenessTimer (omnetpp::cMessage, id=16)
** Event #558  t=144  SupplyChainNetwork.peer[2] (Node, id=6)  on selfmsg LivenessTimer (omnetpp::cMessage, id=21)
** Event #559  t=144.1  SupplyChainNetwork.peer[0] (Node, id=4)  on LivenessPing (GossipMsg, id=675)
** Event #560  t=144.1  SupplyChainNetwork.peer[1] (Node, id=5)  on LivenessPing (GossipMsg, id=676)
** Event #561  t=144.1  SupplyChainNetwork.peer[4] (Node, id=8)  on LivenessPing (GossipMsg, id=677)
** Event #562  t=144.1  SupplyChainNetwork.seed[1] (Node, id=3)  on LivenessPing (GossipMsg, id=678)
** Event #563  t=144.1  SupplyChainNetwork.peer[2] (Node, id=6)  on LivenessPing (GossipMsg, id=680)
** Event #564  t=144.1  SupplyChainNetwork.peer[3] (Node, id=7)  on LivenessPing (GossipMsg, id=681)
** Event #565  t=144.1  SupplyChainNetwork.seed[0] (Node, id=2)  on LivenessPing (GossipMsg, id=682)
** Event #566  t=144.1  SupplyChainNetwork.seed[0] (Node, id=2)  on LivenessPing (GossipMsg, id=684)
** Event #567  t=144.1  SupplyChainNetwork.peer[1] (Node, id=5)  on LivenessPing (GossipMsg, id=685)
** Event #568  t=144.1  SupplyChainNetwork.peer[4] (Node, id=8)  on LivenessPing (GossipMsg, id=686)
** Event #569  t=144.1  SupplyChainNetwork.seed[0] (Node, id=2)  on LivenessPing (GossipMsg, id=688)
** Event #570  t=144.1  SupplyChainNetwork.peer[0] (Node, id=4)  on LivenessPing (GossipMsg, id=689)
** Event #571  t=144.1  SupplyChainNetwork.peer[2] (Node, id=6)  on LivenessPing (GossipMsg, id=690)
** Event #572  t=144.1  SupplyChainNetwork.seed[1] (Node, id=3)  on LivenessPing (GossipMsg, id=692)
** Event #573  t=144.1  SupplyChainNetwork.peer[1] (Node, id=5)  on LivenessPing (GossipMsg, id=693)
** Event #574  t=144.1  SupplyChainNetwork.peer[3] (Node, id=7)  on LivenessPing (GossipMsg, id=694)
** Event #575  t=148.201187711876  SupplyChainNetwork.peer[0] (Node, id=4)  on selfmsg MiningTimer (omnetpp::cMessage, id=10)
INFO: MINED BLOCK 18 | Root: 27bb8b5d
** Event #576  t=148.301187711876  SupplyChainNetwork.seed[0] (Node, id=2)  on BlockData (BlockMsg, id=697)
INFO: Received longer chain (Block 18). Switching...
** Event #577  t=148.301187711876  SupplyChainNetwork.peer[1] (Node, id=5)  on BlockData (BlockMsg, id=698)
INFO: Received longer chain (Block 18). Switching...
** Event #578  t=148.301187711876  SupplyChainNetwork.peer[4] (Node, id=8)  on BlockData (BlockMsg, id=699)
** Event #579  t=148.401187711876  SupplyChainNetwork.peer[1] (Node, id=5)  on BlockData (BlockMsg, id=701)
** Event #580  t=148.401187711876  SupplyChainNetwork.peer[4] (Node, id=8)  on BlockData (BlockMsg, id=702)
** Event #581  t=148.401187711876  SupplyChainNetwork.seed[1] (Node, id=3)  on BlockData (BlockMsg, id=703)
INFO: Received longer chain (Block 18). Switching...
** Event #582  t=148.401187711876  SupplyChainNetwork.seed[0] (Node, id=2)  on BlockData (BlockMsg, id=705)
** Event #583  t=148.401187711876  SupplyChainNetwork.peer[2] (Node, id=6)  on BlockData (BlockMsg, id=706)
INFO: Received longer chain (Block 18). Switching...
** Event #584  t=148.501187711876  SupplyChainNetwork.peer[2] (Node, id=6)  on BlockData (BlockMsg, id=708)
** Event #585  t=148.501187711876  SupplyChainNetwork.peer[3] (Node, id=7)  on BlockData (BlockMsg, id=709)
INFO: SECURITY ALERT: Double Spending in Block 18!
** Event #586  t=148.501187711876  SupplyChainNetwork.seed[1] (Node, id=3)  on BlockData (BlockMsg, id=711)
** Event #587  t=148.501187711876  SupplyChainNetwork.peer[3] (Node, id=7)  on BlockData (BlockMsg, id=712)
INFO: SECURITY ALERT: Double Spending in Block 18!
** Event #588  t=148.780559095898  SupplyChainNetwork.peer[2] (Node, id=6)  on selfmsg MiningTimer (omnetpp::cMessage, id=20)
INFO: MINED BLOCK 19 | Root: 1e2c2066
** Event #589  t=148.880559095898  SupplyChainNetwork.seed[1] (Node, id=3)  on BlockData (BlockMsg, id=715)
INFO: Received longer chain (Block 19). Switching...
** Event #590  t=148.880559095898  SupplyChainNetwork.peer[1] (Node, id=5)  on BlockData (BlockMsg, id=716)
INFO: Received longer chain (Block 19). Switching...
** Event #591  t=148.880559095898  SupplyChainNetwork.peer[3] (Node, id=7)  on BlockData (BlockMsg, id=717)
INFO: SECURITY ALERT: Double Spending in Block 19!
** Event #592  t=148.980559095898  SupplyChainNetwork.peer[3] (Node, id=7)  on BlockData (BlockMsg, id=719)
INFO: SECURITY ALERT: Double Spending in Block 19!
** Event #593  t=148.980559095898  SupplyChainNetwork.seed[0] (Node, id=2)  on BlockData (BlockMsg, id=720)
INFO: Received longer chain (Block 19). Switching...
** Event #594  t=148.980559095898  SupplyChainNetwork.seed[0] (Node, id=2)  on BlockData (BlockMsg, id=722)
** Event #595  t=148.980559095898  SupplyChainNetwork.peer[0] (Node, id=4)  on BlockData (BlockMsg, id=723)
INFO: Received longer chain (Block 19). Switching...
** Event #596  t=149.080559095898  SupplyChainNetwork.peer[0] (Node, id=4)  on BlockData (BlockMsg, id=725)
** Event #597  t=149.080559095898  SupplyChainNetwork.peer[1] (Node, id=5)  on BlockData (BlockMsg, id=726)
** Event #598  t=149.080559095898  SupplyChainNetwork.peer[4] (Node, id=8)  on BlockData (BlockMsg, id=727)
** Event #599  t=149.080559095898  SupplyChainNetwork.seed[0] (Node, id=2)  on BlockData (BlockMsg, id=729)
** Event #600  t=149.080559095898  SupplyChainNetwork.peer[4] (Node, id=8)  on BlockData (BlockMsg, id=730)
** Event #601  t=151  SupplyChainNetwork.peer[3] (Node, id=7)  on selfmsg LivenessTimer (omnetpp::cMessage, id=26)
** Event #602  t=151.1  SupplyChainNetwork.seed[1] (Node, id=3)  on LivenessPing (GossipMsg, id=732)
** Event #603  t=151.1  SupplyChainNetwork.peer[2] (Node, id=6)  on LivenessPing (GossipMsg, id=733)
** Event #604  t=151.1  SupplyChainNetwork.peer[4] (Node, id=8)  on LivenessPing (GossipMsg, id=734)
** Event #605  t=152.223288884817  SupplyChainNetwork.peer[0] (Node, id=4)  on selfmsg MiningTimer (omnetpp::cMessage, id=10)
INFO: MINED BLOCK 20 | Root: 19a89512
** Event #606  t=152.323288884817  SupplyChainNetwork.seed[0] (Node, id=2)  on BlockData (BlockMsg, id=737)
INFO: Received longer chain (Block 20). Switching...
** Event #607  t=152.323288884817  SupplyChainNetwork.peer[1] (Node, id=5)  on BlockData (BlockMsg, id=738)
INFO: Received longer chain (Block 20). Switching...
** Event #608  t=152.323288884817  SupplyChainNetwork.peer[4] (Node, id=8)  on BlockData (BlockMsg, id=739)
** Event #609  t=152.423288884817  SupplyChainNetwork.peer[1] (Node, id=5)  on BlockData (BlockMsg, id=741)
** Event #610  t=152.423288884817  SupplyChainNetwork.peer[4] (Node, id=8)  on BlockData (BlockMsg, id=742)
** Event #611  t=152.423288884817  SupplyChainNetwork.seed[1] (Node, id=3)  on BlockData (BlockMsg, id=743)
INFO: Received longer chain (Block 20). Switching...
** Event #612  t=152.423288884817  SupplyChainNetwork.seed[0] (Node, id=2)  on BlockData (BlockMsg, id=745)
** Event #613  t=152.423288884817  SupplyChainNetwork.peer[2] (Node, id=6)  on BlockData (BlockMsg, id=746)
INFO: Received longer chain (Block 20). Switching...
** Event #614  t=152.523288884817  SupplyChainNetwork.peer[2] (Node, id=6)  on BlockData (BlockMsg, id=748)
** Event #615  t=152.523288884817  SupplyChainNetwork.peer[3] (Node, id=7)  on BlockData (BlockMsg, id=749)
INFO: SECURITY ALERT: Double Spending in Block 20!
** Event #616  t=152.523288884817  SupplyChainNetwork.seed[1] (Node, id=3)  on BlockData (BlockMsg, id=751)
** Event #617  t=152.523288884817  SupplyChainNetwork.peer[3] (Node, id=7)  on BlockData (BlockMsg, id=752)
INFO: SECURITY ALERT: Double Spending in Block 20!
** Event #618  t=157  SupplyChainNetwork.seed[0] (Node, id=2)  on selfmsg LivenessTimer (omnetpp::cMessage, id=1)
** Event #619  t=157  SupplyChainNetwork.seed[1] (Node, id=3)  on selfmsg LivenessTimer (omnetpp::cMessage, id=6)
** Event #620  t=157  SupplyChainNetwork.peer[0] (Node, id=4)  on selfmsg LivenessTimer (omnetpp::cMessage, id=11)
** Event #621  t=157  SupplyChainNetwork.peer[1] (Node, id=5)  on selfmsg LivenessTimer (omnetpp::cMessage, id=16)
** Event #622  t=157  SupplyChainNetwork.peer[2] (Node, id=6)  on selfmsg LivenessTimer (omnetpp::cMessage, id=21)
** Event #623  t=157.1  SupplyChainNetwork.peer[0] (Node, id=4)  on LivenessPing (GossipMsg, id=754)
** Event #624  t=157.1  SupplyChainNetwork.peer[1] (Node, id=5)  on LivenessPing (GossipMsg, id=755)
** Event #625  t=157.1  SupplyChainNetwork.peer[4] (Node, id=8)  on LivenessPing (GossipMsg, id=756)
** Event #626  t=157.1  SupplyChainNetwork.seed[1] (Node, id=3)  on LivenessPing (GossipMsg, id=757)
** Event #627  t=157.1  SupplyChainNetwork.peer[2] (Node, id=6)  on LivenessPing (GossipMsg, id=759)
** Event #628  t=157.1  SupplyChainNetwork.peer[3] (Node, id=7)  on LivenessPing (GossipMsg, id=760)
** Event #629  t=157.1  SupplyChainNetwork.seed[0] (Node, id=2)  on LivenessPing (GossipMsg, id=761)
** Event #630  t=157.1  SupplyChainNetwork.seed[0] (Node, id=2)  on LivenessPing (GossipMsg, id=763)
** Event #631  t=157.1  SupplyChainNetwork.peer[1] (Node, id=5)  on LivenessPing (GossipMsg, id=764)
** Event #632  t=157.1  SupplyChainNetwork.peer[4] (Node, id=8)  on LivenessPing (GossipMsg, id=765)
** Event #633  t=157.1  SupplyChainNetwork.seed[0] (Node, id=2)  on LivenessPing (GossipMsg, id=767)
** Event #634  t=157.1  SupplyChainNetwork.peer[0] (Node, id=4)  on LivenessPing (GossipMsg, id=768)
** Event #635  t=157.1  SupplyChainNetwork.peer[2] (Node, id=6)  on LivenessPing (GossipMsg, id=769)
** Event #636  t=157.1  SupplyChainNetwork.seed[1] (Node, id=3)  on LivenessPing (GossipMsg, id=771)
** Event #637  t=157.1  SupplyChainNetwork.peer[1] (Node, id=5)  on LivenessPing (GossipMsg, id=772)
** Event #638  t=157.1  SupplyChainNetwork.peer[3] (Node, id=7)  on LivenessPing (GossipMsg, id=773)
** Event #639  t=157.352127526313  SupplyChainNetwork.peer[1] (Node, id=5)  on selfmsg MiningTimer (omnetpp::cMessage, id=15)
INFO: MINED BLOCK 21 | Root: f1865267
** Event #640  t=157.452127526313  SupplyChainNetwork.seed[0] (Node, id=2)  on BlockData (BlockMsg, id=776)
INFO: Received longer chain (Block 21). Switching...
** Event #641  t=157.452127526313  SupplyChainNetwork.peer[0] (Node, id=4)  on BlockData (BlockMsg, id=777)
INFO: Received longer chain (Block 21). Switching...
** Event #642  t=157.452127526313  SupplyChainNetwork.peer[2] (Node, id=6)  on BlockData (BlockMsg, id=778)
INFO: Received longer chain (Block 21). Switching...
** Event #643  t=157.552127526313  SupplyChainNetwork.peer[0] (Node, id=4)  on BlockData (BlockMsg, id=780)
** Event #644  t=157.552127526313  SupplyChainNetwork.peer[4] (Node, id=8)  on BlockData (BlockMsg, id=781)
** Event #645  t=157.552127526313  SupplyChainNetwork.seed[1] (Node, id=3)  on BlockData (BlockMsg, id=782)
INFO: Received longer chain (Block 21). Switching...
** Event #646  t=157.552127526313  SupplyChainNetwork.seed[0] (Node, id=2)  on BlockData (BlockMsg, id=784)
** Event #647  t=157.552127526313  SupplyChainNetwork.peer[4] (Node, id=8)  on BlockData (BlockMsg, id=785)
** Event #648  t=157.552127526313  SupplyChainNetwork.seed[1] (Node, id=3)  on BlockData (BlockMsg, id=787)
** Event #649  t=157.552127526313  SupplyChainNetwork.peer[3] (Node, id=7)  on BlockData (BlockMsg, id=788)
INFO: SECURITY ALERT: Double Spending in Block 21!
** Event #650  t=157.652127526313  SupplyChainNetwork.peer[2] (Node, id=6)  on BlockData (BlockMsg, id=790)
** Event #651  t=157.652127526313  SupplyChainNetwork.peer[3] (Node, id=7)  on BlockData (BlockMsg, id=791)
INFO: SECURITY ALERT: Double Spending in Block 21!
** Event #652  t=164  SupplyChainNetwork.peer[3] (Node, id=7)  on selfmsg LivenessTimer (omnetpp::cMessage, id=26)
** Event #653  t=164.1  SupplyChainNetwork.seed[1] (Node, id=3)  on LivenessPing (GossipMsg, id=793)
** Event #654  t=164.1  SupplyChainNetwork.peer[2] (Node, id=6)  on LivenessPing (GossipMsg, id=794)
** Event #655  t=164.1  SupplyChainNetwork.peer[4] (Node, id=8)  on LivenessPing (GossipMsg, id=795)
** Event #656  t=167.123268512472  SupplyChainNetwork.peer[1] (Node, id=5)  on selfmsg MiningTimer (omnetpp::cMessage, id=15)
INFO: MINED BLOCK 22 | Root: fdbcf00e
** Event #657  t=167.223268512472  SupplyChainNetwork.seed[0] (Node, id=2)  on BlockData (BlockMsg, id=798)
INFO: Received longer chain (Block 22). Switching...
** Event #658  t=167.223268512472  SupplyChainNetwork.peer[0] (Node, id=4)  on BlockData (BlockMsg, id=799)
INFO: Received longer chain (Block 22). Switching...
** Event #659  t=167.223268512472  SupplyChainNetwork.peer[2] (Node, id=6)  on BlockData (BlockMsg, id=800)
INFO: Received longer chain (Block 22). Switching...
** Event #660  t=167.323268512472  SupplyChainNetwork.peer[0] (Node, id=4)  on BlockData (BlockMsg, id=802)
** Event #661  t=167.323268512472  SupplyChainNetwork.peer[4] (Node, id=8)  on BlockData (BlockMsg, id=803)
** Event #662  t=167.323268512472  SupplyChainNetwork.seed[1] (Node, id=3)  on BlockData (BlockMsg, id=804)
INFO: Received longer chain (Block 22). Switching...
** Event #663  t=167.323268512472  SupplyChainNetwork.seed[0] (Node, id=2)  on BlockData (BlockMsg, id=806)
** Event #664  t=167.323268512472  SupplyChainNetwork.peer[4] (Node, id=8)  on BlockData (BlockMsg, id=807)
** Event #665  t=167.323268512472  SupplyChainNetwork.seed[1] (Node, id=3)  on BlockData (BlockMsg, id=809)
** Event #666  t=167.323268512472  SupplyChainNetwork.peer[3] (Node, id=7)  on BlockData (BlockMsg, id=810)
INFO: SECURITY ALERT: Double Spending in Block 22!
** Event #667  t=167.423268512472  SupplyChainNetwork.peer[2] (Node, id=6)  on BlockData (BlockMsg, id=812)
** Event #668  t=167.423268512472  SupplyChainNetwork.peer[3] (Node, id=7)  on BlockData (BlockMsg, id=813)
INFO: SECURITY ALERT: Double Spending in Block 22!
** Event #669  t=170  SupplyChainNetwork.seed[0] (Node, id=2)  on selfmsg LivenessTimer (omnetpp::cMessage, id=1)
** Event #670  t=170  SupplyChainNetwork.seed[1] (Node, id=3)  on selfmsg LivenessTimer (omnetpp::cMessage, id=6)
** Event #671  t=170  SupplyChainNetwork.peer[0] (Node, id=4)  on selfmsg LivenessTimer (omnetpp::cMessage, id=11)
** Event #672  t=170  SupplyChainNetwork.peer[1] (Node, id=5)  on selfmsg LivenessTimer (omnetpp::cMessage, id=16)
** Event #673  t=170  SupplyChainNetwork.peer[2] (Node, id=6)  on selfmsg LivenessTimer (omnetpp::cMessage, id=21)
** Event #674  t=170.1  SupplyChainNetwork.peer[0] (Node, id=4)  on LivenessPing (GossipMsg, id=815)
** Event #675  t=170.1  SupplyChainNetwork.peer[1] (Node, id=5)  on LivenessPing (GossipMsg, id=816)
** Event #676  t=170.1  SupplyChainNetwork.peer[4] (Node, id=8)  on LivenessPing (GossipMsg, id=817)
** Event #677  t=170.1  SupplyChainNetwork.seed[1] (Node, id=3)  on LivenessPing (GossipMsg, id=818)
** Event #678  t=170.1  SupplyChainNetwork.peer[2] (Node, id=6)  on LivenessPing (GossipMsg, id=820)
** Event #679  t=170.1  SupplyChainNetwork.peer[3] (Node, id=7)  on LivenessPing (GossipMsg, id=821)
** Event #680  t=170.1  SupplyChainNetwork.seed[0] (Node, id=2)  on LivenessPing (GossipMsg, id=822)
** Event #681  t=170.1  SupplyChainNetwork.seed[0] (Node, id=2)  on LivenessPing (GossipMsg, id=824)
** Event #682  t=170.1  SupplyChainNetwork.peer[1] (Node, id=5)  on LivenessPing (GossipMsg, id=825)
** Event #683  t=170.1  SupplyChainNetwork.peer[4] (Node, id=8)  on LivenessPing (GossipMsg, id=826)
** Event #684  t=170.1  SupplyChainNetwork.seed[0] (Node, id=2)  on LivenessPing (GossipMsg, id=828)
** Event #685  t=170.1  SupplyChainNetwork.peer[0] (Node, id=4)  on LivenessPing (GossipMsg, id=829)
** Event #686  t=170.1  SupplyChainNetwork.peer[2] (Node, id=6)  on LivenessPing (GossipMsg, id=830)
** Event #687  t=170.1  SupplyChainNetwork.seed[1] (Node, id=3)  on LivenessPing (GossipMsg, id=832)
** Event #688  t=170.1  SupplyChainNetwork.peer[1] (Node, id=5)  on LivenessPing (GossipMsg, id=833)
** Event #689  t=170.1  SupplyChainNetwork.peer[3] (Node, id=7)  on LivenessPing (GossipMsg, id=834)
** Event #690  t=170.290758906838  SupplyChainNetwork.peer[3] (Node, id=7)  on selfmsg MiningTimer (omnetpp::cMessage, id=25)
INFO: MINED BLOCK 7 | Root: 0e4f3b95
** Event #691  t=170.390758906838  SupplyChainNetwork.seed[1] (Node, id=3)  on BlockData (BlockMsg, id=837)
INFO: SECURITY ALERT: Double Spending in Block 7!
** Event #692  t=170.390758906838  SupplyChainNetwork.peer[2] (Node, id=6)  on BlockData (BlockMsg, id=838)
INFO: SECURITY ALERT: Double Spending in Block 7!
** Event #693  t=170.390758906838  SupplyChainNetwork.peer[4] (Node, id=8)  on BlockData (BlockMsg, id=839)
** Event #694  t=176.133638413496  SupplyChainNetwork.peer[2] (Node, id=6)  on selfmsg MiningTimer (omnetpp::cMessage, id=20)
INFO: MINED BLOCK 23 | Root: 8a834a25
** Event #695  t=176.233638413496  SupplyChainNetwork.seed[1] (Node, id=3)  on BlockData (BlockMsg, id=842)
INFO: Received longer chain (Block 23). Switching...
** Event #696  t=176.233638413496  SupplyChainNetwork.peer[1] (Node, id=5)  on BlockData (BlockMsg, id=843)
INFO: Received longer chain (Block 23). Switching...
** Event #697  t=176.233638413496  SupplyChainNetwork.peer[3] (Node, id=7)  on BlockData (BlockMsg, id=844)
INFO: SECURITY ALERT: Double Spending in Block 23!
** Event #698  t=176.333638413496  SupplyChainNetwork.peer[3] (Node, id=7)  on BlockData (BlockMsg, id=846)
INFO: SECURITY ALERT: Double Spending in Block 23!
** Event #699  t=176.333638413496  SupplyChainNetwork.seed[0] (Node, id=2)  on BlockData (BlockMsg, id=847)
INFO: Received longer chain (Block 23). Switching...
** Event #700  t=176.333638413496  SupplyChainNetwork.seed[0] (Node, id=2)  on BlockData (BlockMsg, id=849)
** Event #701  t=176.333638413496  SupplyChainNetwork.peer[0] (Node, id=4)  on BlockData (BlockMsg, id=850)
INFO: Received longer chain (Block 23). Switching...
** Event #702  t=176.433638413496  SupplyChainNetwork.peer[0] (Node, id=4)  on BlockData (BlockMsg, id=852)
** Event #703  t=176.433638413496  SupplyChainNetwork.peer[1] (Node, id=5)  on BlockData (BlockMsg, id=853)
** Event #704  t=176.433638413496  SupplyChainNetwork.peer[4] (Node, id=8)  on BlockData (BlockMsg, id=854)
** Event #705  t=176.433638413496  SupplyChainNetwork.seed[0] (Node, id=2)  on BlockData (BlockMsg, id=856)
** Event #706  t=176.433638413496  SupplyChainNetwork.peer[4] (Node, id=8)  on BlockData (BlockMsg, id=857)
** Event #707  t=177  SupplyChainNetwork.peer[3] (Node, id=7)  on selfmsg LivenessTimer (omnetpp::cMessage, id=26)
** Event #708  t=177.1  SupplyChainNetwork.seed[1] (Node, id=3)  on LivenessPing (GossipMsg, id=859)
** Event #709  t=177.1  SupplyChainNetwork.peer[2] (Node, id=6)  on LivenessPing (GossipMsg, id=860)
** Event #710  t=177.1  SupplyChainNetwork.peer[4] (Node, id=8)  on LivenessPing (GossipMsg, id=861)
** Event #711  t=183  SupplyChainNetwork.seed[0] (Node, id=2)  on selfmsg LivenessTimer (omnetpp::cMessage, id=1)
** Event #712  t=183  SupplyChainNetwork.seed[1] (Node, id=3)  on selfmsg LivenessTimer (omnetpp::cMessage, id=6)
** Event #713  t=183  SupplyChainNetwork.peer[0] (Node, id=4)  on selfmsg LivenessTimer (omnetpp::cMessage, id=11)
** Event #714  t=183  SupplyChainNetwork.peer[1] (Node, id=5)  on selfmsg LivenessTimer (omnetpp::cMessage, id=16)
** Event #715  t=183  SupplyChainNetwork.peer[2] (Node, id=6)  on selfmsg LivenessTimer (omnetpp::cMessage, id=21)
** Event #716  t=183.1  SupplyChainNetwork.peer[0] (Node, id=4)  on LivenessPing (GossipMsg, id=863)
** Event #717  t=183.1  SupplyChainNetwork.peer[1] (Node, id=5)  on LivenessPing (GossipMsg, id=864)
** Event #718  t=183.1  SupplyChainNetwork.peer[4] (Node, id=8)  on LivenessPing (GossipMsg, id=865)
** Event #719  t=183.1  SupplyChainNetwork.seed[1] (Node, id=3)  on LivenessPing (GossipMsg, id=866)
** Event #720  t=183.1  SupplyChainNetwork.peer[2] (Node, id=6)  on LivenessPing (GossipMsg, id=868)
** Event #721  t=183.1  SupplyChainNetwork.peer[3] (Node, id=7)  on LivenessPing (GossipMsg, id=869)
** Event #722  t=183.1  SupplyChainNetwork.seed[0] (Node, id=2)  on LivenessPing (GossipMsg, id=870)
** Event #723  t=183.1  SupplyChainNetwork.seed[0] (Node, id=2)  on LivenessPing (GossipMsg, id=872)
** Event #724  t=183.1  SupplyChainNetwork.peer[1] (Node, id=5)  on LivenessPing (GossipMsg, id=873)
** Event #725  t=183.1  SupplyChainNetwork.peer[4] (Node, id=8)  on LivenessPing (GossipMsg, id=874)
** Event #726  t=183.1  SupplyChainNetwork.seed[0] (Node, id=2)  on LivenessPing (GossipMsg, id=876)
** Event #727  t=183.1  SupplyChainNetwork.peer[0] (Node, id=4)  on LivenessPing (GossipMsg, id=877)
** Event #728  t=183.1  SupplyChainNetwork.peer[2] (Node, id=6)  on LivenessPing (GossipMsg, id=878)
** Event #729  t=183.1  SupplyChainNetwork.seed[1] (Node, id=3)  on LivenessPing (GossipMsg, id=880)
** Event #730  t=183.1  SupplyChainNetwork.peer[1] (Node, id=5)  on LivenessPing (GossipMsg, id=881)
** Event #731  t=183.1  SupplyChainNetwork.peer[3] (Node, id=7)  on LivenessPing (GossipMsg, id=882)
** Event #732  t=187.624286548321  SupplyChainNetwork.peer[2] (Node, id=6)  on selfmsg MiningTimer (omnetpp::cMessage, id=20)
INFO: MINED BLOCK 24 | Root: 2a2dbd7f
** Event #733  t=187.724286548321  SupplyChainNetwork.seed[1] (Node, id=3)  on BlockData (BlockMsg, id=885)
INFO: Received longer chain (Block 24). Switching...
** Event #734  t=187.724286548321  SupplyChainNetwork.peer[1] (Node, id=5)  on BlockData (BlockMsg, id=886)
INFO: Received longer chain (Block 24). Switching...
** Event #735  t=187.724286548321  SupplyChainNetwork.peer[3] (Node, id=7)  on BlockData (BlockMsg, id=887)
INFO: SECURITY ALERT: Double Spending in Block 24!
** Event #736  t=187.824286548321  SupplyChainNetwork.peer[3] (Node, id=7)  on BlockData (BlockMsg, id=889)
INFO: SECURITY ALERT: Double Spending in Block 24!
** Event #737  t=187.824286548321  SupplyChainNetwork.seed[0] (Node, id=2)  on BlockData (BlockMsg, id=890)
INFO: Received longer chain (Block 24). Switching...
** Event #738  t=187.824286548321  SupplyChainNetwork.seed[0] (Node, id=2)  on BlockData (BlockMsg, id=892)
** Event #739  t=187.824286548321  SupplyChainNetwork.peer[0] (Node, id=4)  on BlockData (BlockMsg, id=893)
INFO: Received longer chain (Block 24). Switching...
** Event #740  t=187.924286548321  SupplyChainNetwork.peer[0] (Node, id=4)  on BlockData (BlockMsg, id=895)
** Event #741  t=187.924286548321  SupplyChainNetwork.peer[1] (Node, id=5)  on BlockData (BlockMsg, id=896)
** Event #742  t=187.924286548321  SupplyChainNetwork.peer[4] (Node, id=8)  on BlockData (BlockMsg, id=897)
** Event #743  t=187.924286548321  SupplyChainNetwork.seed[0] (Node, id=2)  on BlockData (BlockMsg, id=899)
** Event #744  t=187.924286548321  SupplyChainNetwork.peer[4] (Node, id=8)  on BlockData (BlockMsg, id=900)
** Event #745  t=188.966592357649  SupplyChainNetwork.peer[1] (Node, id=5)  on selfmsg MiningTimer (omnetpp::cMessage, id=15)
INFO: MINED BLOCK 25 | Root: fd5f4dc0
** Event #746  t=189.066592357649  SupplyChainNetwork.seed[0] (Node, id=2)  on BlockData (BlockMsg, id=903)
INFO: Received longer chain (Block 25). Switching...
** Event #747  t=189.066592357649  SupplyChainNetwork.peer[0] (Node, id=4)  on BlockData (BlockMsg, id=904)
INFO: Received longer chain (Block 25). Switching...
** Event #748  t=189.066592357649  SupplyChainNetwork.peer[2] (Node, id=6)  on BlockData (BlockMsg, id=905)
INFO: Received longer chain (Block 25). Switching...
** Event #749  t=189.166592357649  SupplyChainNetwork.peer[0] (Node, id=4)  on BlockData (BlockMsg, id=907)
** Event #750  t=189.166592357649  SupplyChainNetwork.peer[4] (Node, id=8)  on BlockData (BlockMsg, id=908)
** Event #751  t=189.166592357649  SupplyChainNetwork.seed[1] (Node, id=3)  on BlockData (BlockMsg, id=909)
INFO: Received longer chain (Block 25). Switching...
** Event #752  t=189.166592357649  SupplyChainNetwork.seed[0] (Node, id=2)  on BlockData (BlockMsg, id=911)
** Event #753  t=189.166592357649  SupplyChainNetwork.peer[4] (Node, id=8)  on BlockData (BlockMsg, id=912)
** Event #754  t=189.166592357649  SupplyChainNetwork.seed[1] (Node, id=3)  on BlockData (BlockMsg, id=914)
** Event #755  t=189.166592357649  SupplyChainNetwork.peer[3] (Node, id=7)  on BlockData (BlockMsg, id=915)
INFO: SECURITY ALERT: Double Spending in Block 25!
** Event #756  t=189.266592357649  SupplyChainNetwork.peer[2] (Node, id=6)  on BlockData (BlockMsg, id=917)
** Event #757  t=189.266592357649  SupplyChainNetwork.peer[3] (Node, id=7)  on BlockData (BlockMsg, id=918)
INFO: SECURITY ALERT: Double Spending in Block 25!
** Event #758  t=189.280650576773  SupplyChainNetwork.peer[3] (Node, id=7)  on selfmsg MiningTimer (omnetpp::cMessage, id=25)
INFO: MINED BLOCK 8 | Root: 6baac23a
** Event #759  t=189.380650576773  SupplyChainNetwork.seed[1] (Node, id=3)  on BlockData (BlockMsg, id=921)
INFO: SECURITY ALERT: Double Spending in Block 8!
** Event #760  t=189.380650576773  SupplyChainNetwork.peer[2] (Node, id=6)  on BlockData (BlockMsg, id=922)
INFO: SECURITY ALERT: Double Spending in Block 8!
** Event #761  t=189.380650576773  SupplyChainNetwork.peer[4] (Node, id=8)  on BlockData (BlockMsg, id=923)
** Event #762  t=190  SupplyChainNetwork.peer[3] (Node, id=7)  on selfmsg LivenessTimer (omnetpp::cMessage, id=26)
INFO: WARNING: Neighbor on gate 2 is DEAD!
** Event #763  t=190.1  SupplyChainNetwork.seed[1] (Node, id=3)  on LivenessPing (GossipMsg, id=925)
** Event #764  t=190.1  SupplyChainNetwork.peer[2] (Node, id=6)  on LivenessPing (GossipMsg, id=926)
** Event #765  t=190.1  SupplyChainNetwork.peer[4] (Node, id=8)  on LivenessPing (GossipMsg, id=927)
** Event #766  t=193.029171897131  SupplyChainNetwork.peer[3] (Node, id=7)  on selfmsg MiningTimer (omnetpp::cMessage, id=25)
INFO: MINED BLOCK 9 | Root: c1ac371c
** Event #767  t=193.129171897131  SupplyChainNetwork.seed[1] (Node, id=3)  on BlockData (BlockMsg, id=930)
INFO: SECURITY ALERT: Double Spending in Block 9!
** Event #768  t=193.129171897131  SupplyChainNetwork.peer[2] (Node, id=6)  on BlockData (BlockMsg, id=931)
INFO: SECURITY ALERT: Double Spending in Block 9!
** Event #769  t=193.129171897131  SupplyChainNetwork.peer[4] (Node, id=8)  on BlockData (BlockMsg, id=932)
** Event #770  t=196  SupplyChainNetwork.seed[0] (Node, id=2)  on selfmsg LivenessTimer (omnetpp::cMessage, id=1)
INFO: WARNING: Neighbor on gate 2 is DEAD!
** Event #771  t=196  SupplyChainNetwork.seed[1] (Node, id=3)  on selfmsg LivenessTimer (omnetpp::cMessage, id=6)
** Event #772  t=196  SupplyChainNetwork.peer[0] (Node, id=4)  on selfmsg LivenessTimer (omnetpp::cMessage, id=11)
INFO: WARNING: Neighbor on gate 2 is DEAD!
** Event #773  t=196  SupplyChainNetwork.peer[1] (Node, id=5)  on selfmsg LivenessTimer (omnetpp::cMessage, id=16)
** Event #774  t=196  SupplyChainNetwork.peer[2] (Node, id=6)  on selfmsg LivenessTimer (omnetpp::cMessage, id=21)
** Event #775  t=196.1  SupplyChainNetwork.peer[0] (Node, id=4)  on LivenessPing (GossipMsg, id=934)
** Event #776  t=196.1  SupplyChainNetwork.peer[1] (Node, id=5)  on LivenessPing (GossipMsg, id=935)
** Event #777  t=196.1  SupplyChainNetwork.peer[4] (Node, id=8)  on LivenessPing (GossipMsg, id=936)
** Event #778  t=196.1  SupplyChainNetwork.seed[1] (Node, id=3)  on LivenessPing (GossipMsg, id=937)
** Event #779  t=196.1  SupplyChainNetwork.peer[2] (Node, id=6)  on LivenessPing (GossipMsg, id=939)
** Event #780  t=196.1  SupplyChainNetwork.peer[3] (Node, id=7)  on LivenessPing (GossipMsg, id=940)
** Event #781  t=196.1  SupplyChainNetwork.seed[0] (Node, id=2)  on LivenessPing (GossipMsg, id=941)
** Event #782  t=196.1  SupplyChainNetwork.seed[0] (Node, id=2)  on LivenessPing (GossipMsg, id=943)
** Event #783  t=196.1  SupplyChainNetwork.peer[1] (Node, id=5)  on LivenessPing (GossipMsg, id=944)
** Event #784  t=196.1  SupplyChainNetwork.peer[4] (Node, id=8)  on LivenessPing (GossipMsg, id=945)
** Event #785  t=196.1  SupplyChainNetwork.seed[0] (Node, id=2)  on LivenessPing (GossipMsg, id=947)
** Event #786  t=196.1  SupplyChainNetwork.peer[0] (Node, id=4)  on LivenessPing (GossipMsg, id=948)
** Event #787  t=196.1  SupplyChainNetwork.peer[2] (Node, id=6)  on LivenessPing (GossipMsg, id=949)
** Event #788  t=196.1  SupplyChainNetwork.seed[1] (Node, id=3)  on LivenessPing (GossipMsg, id=951)
** Event #789  t=196.1  SupplyChainNetwork.peer[1] (Node, id=5)  on LivenessPing (GossipMsg, id=952)
** Event #790  t=196.1  SupplyChainNetwork.peer[3] (Node, id=7)  on LivenessPing (GossipMsg, id=953)
** Event #791  t=197.753306018785  SupplyChainNetwork.peer[3] (Node, id=7)  on selfmsg MiningTimer (omnetpp::cMessage, id=25)
INFO: MINED BLOCK 10 | Root: 56cabb12
** Event #792  t=197.853306018785  SupplyChainNetwork.seed[1] (Node, id=3)  on BlockData (BlockMsg, id=956)
INFO: SECURITY ALERT: Double Spending in Block 10!
** Event #793  t=197.853306018785  SupplyChainNetwork.peer[2] (Node, id=6)  on BlockData (BlockMsg, id=957)
INFO: SECURITY ALERT: Double Spending in Block 10!
** Event #794  t=197.853306018785  SupplyChainNetwork.peer[4] (Node, id=8)  on BlockData (BlockMsg, id=958)
** Event #795  t=203  SupplyChainNetwork.peer[3] (Node, id=7)  on selfmsg LivenessTimer (omnetpp::cMessage, id=26)
** Event #796  t=203.1  SupplyChainNetwork.seed[1] (Node, id=3)  on LivenessPing (GossipMsg, id=960)
** Event #797  t=203.1  SupplyChainNetwork.peer[2] (Node, id=6)  on LivenessPing (GossipMsg, id=961)
** Event #798  t=203.1  SupplyChainNetwork.peer[4] (Node, id=8)  on LivenessPing (GossipMsg, id=962)
** Event #799  t=206.621386591197  SupplyChainNetwork.peer[3] (Node, id=7)  on selfmsg MiningTimer (omnetpp::cMessage, id=25)
INFO: MINED BLOCK 11 | Root: 1a334a79
** Event #800  t=206.721386591197  SupplyChainNetwork.seed[1] (Node, id=3)  on BlockData (BlockMsg, id=965)
INFO: SECURITY ALERT: Double Spending in Block 11!
** Event #801  t=206.721386591197  SupplyChainNetwork.peer[2] (Node, id=6)  on BlockData (BlockMsg, id=966)
INFO: SECURITY ALERT: Double Spending in Block 11!
** Event #802  t=206.721386591197  SupplyChainNetwork.peer[4] (Node, id=8)  on BlockData (BlockMsg, id=967)
** Event #803  t=209  SupplyChainNetwork.seed[0] (Node, id=2)  on selfmsg LivenessTimer (omnetpp::cMessage, id=1)
** Event #804  t=209  SupplyChainNetwork.seed[1] (Node, id=3)  on selfmsg LivenessTimer (omnetpp::cMessage, id=6)
** Event #805  t=209  SupplyChainNetwork.peer[0] (Node, id=4)  on selfmsg LivenessTimer (omnetpp::cMessage, id=11)
** Event #806  t=209  SupplyChainNetwork.peer[1] (Node, id=5)  on selfmsg LivenessTimer (omnetpp::cMessage, id=16)
** Event #807  t=209  SupplyChainNetwork.peer[2] (Node, id=6)  on selfmsg LivenessTimer (omnetpp::cMessage, id=21)
** Event #808  t=209.1  SupplyChainNetwork.peer[0] (Node, id=4)  on LivenessPing (GossipMsg, id=969)
** Event #809  t=209.1  SupplyChainNetwork.peer[1] (Node, id=5)  on LivenessPing (GossipMsg, id=970)
** Event #810  t=209.1  SupplyChainNetwork.peer[4] (Node, id=8)  on LivenessPing (GossipMsg, id=971)
** Event #811  t=209.1  SupplyChainNetwork.seed[1] (Node, id=3)  on LivenessPing (GossipMsg, id=972)
** Event #812  t=209.1  SupplyChainNetwork.peer[2] (Node, id=6)  on LivenessPing (GossipMsg, id=974)
** Event #813  t=209.1  SupplyChainNetwork.peer[3] (Node, id=7)  on LivenessPing (GossipMsg, id=975)
** Event #814  t=209.1  SupplyChainNetwork.seed[0] (Node, id=2)  on LivenessPing (GossipMsg, id=976)
** Event #815  t=209.1  SupplyChainNetwork.seed[0] (Node, id=2)  on LivenessPing (GossipMsg, id=978)
** Event #816  t=209.1  SupplyChainNetwork.peer[1] (Node, id=5)  on LivenessPing (GossipMsg, id=979)
** Event #817  t=209.1  SupplyChainNetwork.peer[4] (Node, id=8)  on LivenessPing (GossipMsg, id=980)
** Event #818  t=209.1  SupplyChainNetwork.seed[0] (Node, id=2)  on LivenessPing (GossipMsg, id=982)
** Event #819  t=209.1  SupplyChainNetwork.peer[0] (Node, id=4)  on LivenessPing (GossipMsg, id=983)
** Event #820  t=209.1  SupplyChainNetwork.peer[2] (Node, id=6)  on LivenessPing (GossipMsg, id=984)
** Event #821  t=209.1  SupplyChainNetwork.seed[1] (Node, id=3)  on LivenessPing (GossipMsg, id=986)
** Event #822  t=209.1  SupplyChainNetwork.peer[1] (Node, id=5)  on LivenessPing (GossipMsg, id=987)
** Event #823  t=209.1  SupplyChainNetwork.peer[3] (Node, id=7)  on LivenessPing (GossipMsg, id=988)
** Event #824  t=209.381960359766  SupplyChainNetwork.peer[3] (Node, id=7)  on selfmsg MiningTimer (omnetpp::cMessage, id=25)
INFO: MINED BLOCK 12 | Root: f0d1c828
** Event #825  t=209.481960359766  SupplyChainNetwork.seed[1] (Node, id=3)  on BlockData (BlockMsg, id=991)
INFO: SECURITY ALERT: Double Spending in Block 12!
** Event #826  t=209.481960359766  SupplyChainNetwork.peer[2] (Node, id=6)  on BlockData (BlockMsg, id=992)
INFO: SECURITY ALERT: Double Spending in Block 12!
** Event #827  t=209.481960359766  SupplyChainNetwork.peer[4] (Node, id=8)  on BlockData (BlockMsg, id=993)
** Event #828  t=210.243274987401  SupplyChainNetwork.peer[0] (Node, id=4)  on selfmsg MiningTimer (omnetpp::cMessage, id=10)
INFO: MINED BLOCK 26 | Root: 86412efb
** Event #829  t=210.343274987401  SupplyChainNetwork.seed[0] (Node, id=2)  on BlockData (BlockMsg, id=996)
INFO: Received longer chain (Block 26). Switching...
** Event #830  t=210.343274987401  SupplyChainNetwork.peer[1] (Node, id=5)  on BlockData (BlockMsg, id=997)
INFO: Received longer chain (Block 26). Switching...
** Event #831  t=210.343274987401  SupplyChainNetwork.peer[4] (Node, id=8)  on BlockData (BlockMsg, id=998)
** Event #832  t=210.443274987401  SupplyChainNetwork.peer[1] (Node, id=5)  on BlockData (BlockMsg, id=1000)
** Event #833  t=210.443274987401  SupplyChainNetwork.peer[4] (Node, id=8)  on BlockData (BlockMsg, id=1001)
** Event #834  t=210.443274987401  SupplyChainNetwork.seed[1] (Node, id=3)  on BlockData (BlockMsg, id=1002)
INFO: Received longer chain (Block 26). Switching...
** Event #835  t=210.443274987401  SupplyChainNetwork.seed[0] (Node, id=2)  on BlockData (BlockMsg, id=1004)
** Event #836  t=210.443274987401  SupplyChainNetwork.peer[2] (Node, id=6)  on BlockData (BlockMsg, id=1005)
INFO: Received longer chain (Block 26). Switching...
** Event #837  t=210.543274987401  SupplyChainNetwork.peer[2] (Node, id=6)  on BlockData (BlockMsg, id=1007)
** Event #838  t=210.543274987401  SupplyChainNetwork.peer[3] (Node, id=7)  on BlockData (BlockMsg, id=1008)
INFO: SECURITY ALERT: Double Spending in Block 26!
** Event #839  t=210.543274987401  SupplyChainNetwork.seed[1] (Node, id=3)  on BlockData (BlockMsg, id=1010)
** Event #840  t=210.543274987401  SupplyChainNetwork.peer[3] (Node, id=7)  on BlockData (BlockMsg, id=1011)
INFO: SECURITY ALERT: Double Spending in Block 26!
** Event #841  t=216  SupplyChainNetwork.peer[3] (Node, id=7)  on selfmsg LivenessTimer (omnetpp::cMessage, id=26)
** Event #842  t=216.1  SupplyChainNetwork.seed[1] (Node, id=3)  on LivenessPing (GossipMsg, id=1013)
** Event #843  t=216.1  SupplyChainNetwork.peer[2] (Node, id=6)  on LivenessPing (GossipMsg, id=1014)
** Event #844  t=216.1  SupplyChainNetwork.peer[4] (Node, id=8)  on LivenessPing (GossipMsg, id=1015)
** Event #845  t=217.822514273054  SupplyChainNetwork.peer[0] (Node, id=4)  on selfmsg MiningTimer (omnetpp::cMessage, id=10)
INFO: MINED BLOCK 27 | Root: f9d46b91
** Event #846  t=217.922514273054  SupplyChainNetwork.seed[0] (Node, id=2)  on BlockData (BlockMsg, id=1018)
INFO: Received longer chain (Block 27). Switching...
** Event #847  t=217.922514273054  SupplyChainNetwork.peer[1] (Node, id=5)  on BlockData (BlockMsg, id=1019)
INFO: Received longer chain (Block 27). Switching...
** Event #848  t=217.922514273054  SupplyChainNetwork.peer[4] (Node, id=8)  on BlockData (BlockMsg, id=1020)
** Event #849  t=218.022514273054  SupplyChainNetwork.peer[1] (Node, id=5)  on BlockData (BlockMsg, id=1022)
** Event #850  t=218.022514273054  SupplyChainNetwork.peer[4] (Node, id=8)  on BlockData (BlockMsg, id=1023)
** Event #851  t=218.022514273054  SupplyChainNetwork.seed[1] (Node, id=3)  on BlockData (BlockMsg, id=1024)
INFO: Received longer chain (Block 27). Switching...
** Event #852  t=218.022514273054  SupplyChainNetwork.seed[0] (Node, id=2)  on BlockData (BlockMsg, id=1026)
** Event #853  t=218.022514273054  SupplyChainNetwork.peer[2] (Node, id=6)  on BlockData (BlockMsg, id=1027)
INFO: Received longer chain (Block 27). Switching...
** Event #854  t=218.122514273054  SupplyChainNetwork.peer[2] (Node, id=6)  on BlockData (BlockMsg, id=1029)
** Event #855  t=218.122514273054  SupplyChainNetwork.peer[3] (Node, id=7)  on BlockData (BlockMsg, id=1030)
INFO: SECURITY ALERT: Double Spending in Block 27!
** Event #856  t=218.122514273054  SupplyChainNetwork.seed[1] (Node, id=3)  on BlockData (BlockMsg, id=1032)
** Event #857  t=218.122514273054  SupplyChainNetwork.peer[3] (Node, id=7)  on BlockData (BlockMsg, id=1033)
INFO: SECURITY ALERT: Double Spending in Block 27!
** Event #858  t=218.806177401316  SupplyChainNetwork.peer[2] (Node, id=6)  on selfmsg MiningTimer (omnetpp::cMessage, id=20)
INFO: MINED BLOCK 28 | Root: 0dc35814
** Event #859  t=218.906177401316  SupplyChainNetwork.seed[1] (Node, id=3)  on BlockData (BlockMsg, id=1036)
INFO: Received longer chain (Block 28). Switching...
** Event #860  t=218.906177401316  SupplyChainNetwork.peer[1] (Node, id=5)  on BlockData (BlockMsg, id=1037)
INFO: Received longer chain (Block 28). Switching...
** Event #861  t=218.906177401316  SupplyChainNetwork.peer[3] (Node, id=7)  on BlockData (BlockMsg, id=1038)
INFO: SECURITY ALERT: Double Spending in Block 28!
** Event #862  t=219.006177401316  SupplyChainNetwork.peer[3] (Node, id=7)  on BlockData (BlockMsg, id=1040)
INFO: SECURITY ALERT: Double Spending in Block 28!
** Event #863  t=219.006177401316  SupplyChainNetwork.seed[0] (Node, id=2)  on BlockData (BlockMsg, id=1041)
INFO: Received longer chain (Block 28). Switching...
** Event #864  t=219.006177401316  SupplyChainNetwork.seed[0] (Node, id=2)  on BlockData (BlockMsg, id=1043)
** Event #865  t=219.006177401316  SupplyChainNetwork.peer[0] (Node, id=4)  on BlockData (BlockMsg, id=1044)
INFO: Received longer chain (Block 28). Switching...
** Event #866  t=219.106177401316  SupplyChainNetwork.peer[0] (Node, id=4)  on BlockData (BlockMsg, id=1046)
** Event #867  t=219.106177401316  SupplyChainNetwork.peer[1] (Node, id=5)  on BlockData (BlockMsg, id=1047)
** Event #868  t=219.106177401316  SupplyChainNetwork.peer[4] (Node, id=8)  on BlockData (BlockMsg, id=1048)
** Event #869  t=219.106177401316  SupplyChainNetwork.seed[0] (Node, id=2)  on BlockData (BlockMsg, id=1050)
** Event #870  t=219.106177401316  SupplyChainNetwork.peer[4] (Node, id=8)  on BlockData (BlockMsg, id=1051)
** Event #871  t=222  SupplyChainNetwork.seed[0] (Node, id=2)  on selfmsg LivenessTimer (omnetpp::cMessage, id=1)
** Event #872  t=222  SupplyChainNetwork.seed[1] (Node, id=3)  on selfmsg LivenessTimer (omnetpp::cMessage, id=6)
** Event #873  t=222  SupplyChainNetwork.peer[0] (Node, id=4)  on selfmsg LivenessTimer (omnetpp::cMessage, id=11)
** Event #874  t=222  SupplyChainNetwork.peer[1] (Node, id=5)  on selfmsg LivenessTimer (omnetpp::cMessage, id=16)
** Event #875  t=222  SupplyChainNetwork.peer[2] (Node, id=6)  on selfmsg LivenessTimer (omnetpp::cMessage, id=21)
** Event #876  t=222.1  SupplyChainNetwork.peer[0] (Node, id=4)  on LivenessPing (GossipMsg, id=1053)
** Event #877  t=222.1  SupplyChainNetwork.peer[1] (Node, id=5)  on LivenessPing (GossipMsg, id=1054)
** Event #878  t=222.1  SupplyChainNetwork.peer[4] (Node, id=8)  on LivenessPing (GossipMsg, id=1055)
** Event #879  t=222.1  SupplyChainNetwork.seed[1] (Node, id=3)  on LivenessPing (GossipMsg, id=1056)
** Event #880  t=222.1  SupplyChainNetwork.peer[2] (Node, id=6)  on LivenessPing (GossipMsg, id=1058)
** Event #881  t=222.1  SupplyChainNetwork.peer[3] (Node, id=7)  on LivenessPing (GossipMsg, id=1059)
** Event #882  t=222.1  SupplyChainNetwork.seed[0] (Node, id=2)  on LivenessPing (GossipMsg, id=1060)
** Event #883  t=222.1  SupplyChainNetwork.seed[0] (Node, id=2)  on LivenessPing (GossipMsg, id=1062)
** Event #884  t=222.1  SupplyChainNetwork.peer[1] (Node, id=5)  on LivenessPing (GossipMsg, id=1063)
** Event #885  t=222.1  SupplyChainNetwork.peer[4] (Node, id=8)  on LivenessPing (GossipMsg, id=1064)
** Event #886  t=222.1  SupplyChainNetwork.seed[0] (Node, id=2)  on LivenessPing (GossipMsg, id=1066)
** Event #887  t=222.1  SupplyChainNetwork.peer[0] (Node, id=4)  on LivenessPing (GossipMsg, id=1067)
** Event #888  t=222.1  SupplyChainNetwork.peer[2] (Node, id=6)  on LivenessPing (GossipMsg, id=1068)
** Event #889  t=222.1  SupplyChainNetwork.seed[1] (Node, id=3)  on LivenessPing (GossipMsg, id=1070)
** Event #890  t=222.1  SupplyChainNetwork.peer[1] (Node, id=5)  on LivenessPing (GossipMsg, id=1071)
** Event #891  t=222.1  SupplyChainNetwork.peer[3] (Node, id=7)  on LivenessPing (GossipMsg, id=1072)
** Event #892  t=229  SupplyChainNetwork.peer[3] (Node, id=7)  on selfmsg LivenessTimer (omnetpp::cMessage, id=26)
** Event #893  t=229.1  SupplyChainNetwork.seed[1] (Node, id=3)  on LivenessPing (GossipMsg, id=1074)
** Event #894  t=229.1  SupplyChainNetwork.peer[2] (Node, id=6)  on LivenessPing (GossipMsg, id=1075)
** Event #895  t=229.1  SupplyChainNetwork.peer[4] (Node, id=8)  on LivenessPing (GossipMsg, id=1076)
** Event #896  t=230.352663617446  SupplyChainNetwork.peer[2] (Node, id=6)  on selfmsg MiningTimer (omnetpp::cMessage, id=20)
INFO: MINED BLOCK 29 | Root: d41240aa
** Event #897  t=230.452663617446  SupplyChainNetwork.seed[1] (Node, id=3)  on BlockData (BlockMsg, id=1079)
INFO: Received longer chain (Block 29). Switching...
** Event #898  t=230.452663617446  SupplyChainNetwork.peer[1] (Node, id=5)  on BlockData (BlockMsg, id=1080)
INFO: Received longer chain (Block 29). Switching...
** Event #899  t=230.452663617446  SupplyChainNetwork.peer[3] (Node, id=7)  on BlockData (BlockMsg, id=1081)
INFO: SECURITY ALERT: Double Spending in Block 29!
** Event #900  t=230.552663617446  SupplyChainNetwork.peer[3] (Node, id=7)  on BlockData (BlockMsg, id=1083)
INFO: SECURITY ALERT: Double Spending in Block 29!
** Event #901  t=230.552663617446  SupplyChainNetwork.seed[0] (Node, id=2)  on BlockData (BlockMsg, id=1084)
INFO: Received longer chain (Block 29). Switching...
** Event #902  t=230.552663617446  SupplyChainNetwork.seed[0] (Node, id=2)  on BlockData (BlockMsg, id=1086)
** Event #903  t=230.552663617446  SupplyChainNetwork.peer[0] (Node, id=4)  on BlockData (BlockMsg, id=1087)
INFO: Received longer chain (Block 29). Switching...
** Event #904  t=230.652663617446  SupplyChainNetwork.peer[0] (Node, id=4)  on BlockData (BlockMsg, id=1089)
** Event #905  t=230.652663617446  SupplyChainNetwork.peer[1] (Node, id=5)  on BlockData (BlockMsg, id=1090)
** Event #906  t=230.652663617446  SupplyChainNetwork.peer[4] (Node, id=8)  on BlockData (BlockMsg, id=1091)
** Event #907  t=230.652663617446  SupplyChainNetwork.seed[0] (Node, id=2)  on BlockData (BlockMsg, id=1093)
** Event #908  t=230.652663617446  SupplyChainNetwork.peer[4] (Node, id=8)  on BlockData (BlockMsg, id=1094)
** Event #909  t=232.605365780567  SupplyChainNetwork.peer[1] (Node, id=5)  on selfmsg MiningTimer (omnetpp::cMessage, id=15)
INFO: MINED BLOCK 30 | Root: 96eca7ec
** Event #910  t=232.705365780567  SupplyChainNetwork.seed[0] (Node, id=2)  on BlockData (BlockMsg, id=1097)
INFO: Received longer chain (Block 30). Switching...
** Event #911  t=232.705365780567  SupplyChainNetwork.peer[0] (Node, id=4)  on BlockData (BlockMsg, id=1098)
INFO: Received longer chain (Block 30). Switching...
** Event #912  t=232.705365780567  SupplyChainNetwork.peer[2] (Node, id=6)  on BlockData (BlockMsg, id=1099)
INFO: Received longer chain (Block 30). Switching...
** Event #913  t=232.805365780567  SupplyChainNetwork.peer[0] (Node, id=4)  on BlockData (BlockMsg, id=1101)
** Event #914  t=232.805365780567  SupplyChainNetwork.peer[4] (Node, id=8)  on BlockData (BlockMsg, id=1102)
** Event #915  t=232.805365780567  SupplyChainNetwork.seed[1] (Node, id=3)  on BlockData (BlockMsg, id=1103)
INFO: Received longer chain (Block 30). Switching...
** Event #916  t=232.805365780567  SupplyChainNetwork.seed[0] (Node, id=2)  on BlockData (BlockMsg, id=1105)
** Event #917  t=232.805365780567  SupplyChainNetwork.peer[4] (Node, id=8)  on BlockData (BlockMsg, id=1106)
** Event #918  t=232.805365780567  SupplyChainNetwork.seed[1] (Node, id=3)  on BlockData (BlockMsg, id=1108)
** Event #919  t=232.805365780567  SupplyChainNetwork.peer[3] (Node, id=7)  on BlockData (BlockMsg, id=1109)
INFO: SECURITY ALERT: Double Spending in Block 30!
** Event #920  t=232.905365780567  SupplyChainNetwork.peer[2] (Node, id=6)  on BlockData (BlockMsg, id=1111)
** Event #921  t=232.905365780567  SupplyChainNetwork.peer[3] (Node, id=7)  on BlockData (BlockMsg, id=1112)
INFO: SECURITY ALERT: Double Spending in Block 30!
** Event #922  t=235  SupplyChainNetwork.seed[0] (Node, id=2)  on selfmsg LivenessTimer (omnetpp::cMessage, id=1)
** Event #923  t=235  SupplyChainNetwork.seed[1] (Node, id=3)  on selfmsg LivenessTimer (omnetpp::cMessage, id=6)
** Event #924  t=235  SupplyChainNetwork.peer[0] (Node, id=4)  on selfmsg LivenessTimer (omnetpp::cMessage, id=11)
** Event #925  t=235  SupplyChainNetwork.peer[1] (Node, id=5)  on selfmsg LivenessTimer (omnetpp::cMessage, id=16)
** Event #926  t=235  SupplyChainNetwork.peer[2] (Node, id=6)  on selfmsg LivenessTimer (omnetpp::cMessage, id=21)
** Event #927  t=235.1  SupplyChainNetwork.peer[0] (Node, id=4)  on LivenessPing (GossipMsg, id=1114)
** Event #928  t=235.1  SupplyChainNetwork.peer[1] (Node, id=5)  on LivenessPing (GossipMsg, id=1115)
** Event #929  t=235.1  SupplyChainNetwork.peer[4] (Node, id=8)  on LivenessPing (GossipMsg, id=1116)
** Event #930  t=235.1  SupplyChainNetwork.seed[1] (Node, id=3)  on LivenessPing (GossipMsg, id=1117)
** Event #931  t=235.1  SupplyChainNetwork.peer[2] (Node, id=6)  on LivenessPing (GossipMsg, id=1119)
** Event #932  t=235.1  SupplyChainNetwork.peer[3] (Node, id=7)  on LivenessPing (GossipMsg, id=1120)
** Event #933  t=235.1  SupplyChainNetwork.seed[0] (Node, id=2)  on LivenessPing (GossipMsg, id=1121)
** Event #934  t=235.1  SupplyChainNetwork.seed[0] (Node, id=2)  on LivenessPing (GossipMsg, id=1123)
** Event #935  t=235.1  SupplyChainNetwork.peer[1] (Node, id=5)  on LivenessPing (GossipMsg, id=1124)
** Event #936  t=235.1  SupplyChainNetwork.peer[4] (Node, id=8)  on LivenessPing (GossipMsg, id=1125)
** Event #937  t=235.1  SupplyChainNetwork.seed[0] (Node, id=2)  on LivenessPing (GossipMsg, id=1127)
** Event #938  t=235.1  SupplyChainNetwork.peer[0] (Node, id=4)  on LivenessPing (GossipMsg, id=1128)
** Event #939  t=235.1  SupplyChainNetwork.peer[2] (Node, id=6)  on LivenessPing (GossipMsg, id=1129)
** Event #940  t=235.1  SupplyChainNetwork.seed[1] (Node, id=3)  on LivenessPing (GossipMsg, id=1131)
** Event #941  t=235.1  SupplyChainNetwork.peer[1] (Node, id=5)  on LivenessPing (GossipMsg, id=1132)
** Event #942  t=235.1  SupplyChainNetwork.peer[3] (Node, id=7)  on LivenessPing (GossipMsg, id=1133)
** Event #943  t=236.223636689079  SupplyChainNetwork.peer[2] (Node, id=6)  on selfmsg MiningTimer (omnetpp::cMessage, id=20)
INFO: MINED BLOCK 31 | Root: 6e01383c
** Event #944  t=236.323636689079  SupplyChainNetwork.seed[1] (Node, id=3)  on BlockData (BlockMsg, id=1136)
INFO: Received longer chain (Block 31). Switching...
** Event #945  t=236.323636689079  SupplyChainNetwork.peer[1] (Node, id=5)  on BlockData (BlockMsg, id=1137)
INFO: Received longer chain (Block 31). Switching...
** Event #946  t=236.323636689079  SupplyChainNetwork.peer[3] (Node, id=7)  on BlockData (BlockMsg, id=1138)
INFO: SECURITY ALERT: Double Spending in Block 31!
** Event #947  t=236.423636689079  SupplyChainNetwork.peer[3] (Node, id=7)  on BlockData (BlockMsg, id=1140)
INFO: SECURITY ALERT: Double Spending in Block 31!
** Event #948  t=236.423636689079  SupplyChainNetwork.seed[0] (Node, id=2)  on BlockData (BlockMsg, id=1141)
INFO: Received longer chain (Block 31). Switching...
** Event #949  t=236.423636689079  SupplyChainNetwork.seed[0] (Node, id=2)  on BlockData (BlockMsg, id=1143)
** Event #950  t=236.423636689079  SupplyChainNetwork.peer[0] (Node, id=4)  on BlockData (BlockMsg, id=1144)
INFO: Received longer chain (Block 31). Switching...
** Event #951  t=236.523636689079  SupplyChainNetwork.peer[0] (Node, id=4)  on BlockData (BlockMsg, id=1146)
** Event #952  t=236.523636689079  SupplyChainNetwork.peer[1] (Node, id=5)  on BlockData (BlockMsg, id=1147)
** Event #953  t=236.523636689079  SupplyChainNetwork.peer[4] (Node, id=8)  on BlockData (BlockMsg, id=1148)
** Event #954  t=236.523636689079  SupplyChainNetwork.seed[0] (Node, id=2)  on BlockData (BlockMsg, id=1150)
** Event #955  t=236.523636689079  SupplyChainNetwork.peer[4] (Node, id=8)  on BlockData (BlockMsg, id=1151)
** Event #956  t=237.162814155586  SupplyChainNetwork.peer[3] (Node, id=7)  on selfmsg MiningTimer (omnetpp::cMessage, id=25)
INFO: MINED BLOCK 13 | Root: 5b77bb9f
** Event #957  t=237.262814155586  SupplyChainNetwork.seed[1] (Node, id=3)  on BlockData (BlockMsg, id=1154)
INFO: SECURITY ALERT: Double Spending in Block 13!
** Event #958  t=237.262814155586  SupplyChainNetwork.peer[2] (Node, id=6)  on BlockData (BlockMsg, id=1155)
INFO: SECURITY ALERT: Double Spending in Block 13!
** Event #959  t=237.262814155586  SupplyChainNetwork.peer[4] (Node, id=8)  on BlockData (BlockMsg, id=1156)
** Event #960  t=242  SupplyChainNetwork.peer[3] (Node, id=7)  on selfmsg LivenessTimer (omnetpp::cMessage, id=26)
INFO: WARNING: Neighbor on gate 2 is DEAD!
** Event #961  t=242.1  SupplyChainNetwork.seed[1] (Node, id=3)  on LivenessPing (GossipMsg, id=1158)
** Event #962  t=242.1  SupplyChainNetwork.peer[2] (Node, id=6)  on LivenessPing (GossipMsg, id=1159)
** Event #963  t=242.1  SupplyChainNetwork.peer[4] (Node, id=8)  on LivenessPing (GossipMsg, id=1160)
** Event #964  t=243.00442482093  SupplyChainNetwork.peer[3] (Node, id=7)  on selfmsg MiningTimer (omnetpp::cMessage, id=25)
INFO: MINED BLOCK 14 | Root: 84a44aa0
** Event #965  t=243.10442482093  SupplyChainNetwork.seed[1] (Node, id=3)  on BlockData (BlockMsg, id=1163)
INFO: SECURITY ALERT: Double Spending in Block 14!
** Event #966  t=243.10442482093  SupplyChainNetwork.peer[2] (Node, id=6)  on BlockData (BlockMsg, id=1164)
INFO: SECURITY ALERT: Double Spending in Block 14!
** Event #967  t=243.10442482093  SupplyChainNetwork.peer[4] (Node, id=8)  on BlockData (BlockMsg, id=1165)
** Event #968  t=248  SupplyChainNetwork.seed[0] (Node, id=2)  on selfmsg LivenessTimer (omnetpp::cMessage, id=1)
INFO: WARNING: Neighbor on gate 2 is DEAD!
** Event #969  t=248  SupplyChainNetwork.seed[1] (Node, id=3)  on selfmsg LivenessTimer (omnetpp::cMessage, id=6)
** Event #970  t=248  SupplyChainNetwork.peer[0] (Node, id=4)  on selfmsg LivenessTimer (omnetpp::cMessage, id=11)
INFO: WARNING: Neighbor on gate 2 is DEAD!
** Event #971  t=248  SupplyChainNetwork.peer[1] (Node, id=5)  on selfmsg LivenessTimer (omnetpp::cMessage, id=16)
** Event #972  t=248  SupplyChainNetwork.peer[2] (Node, id=6)  on selfmsg LivenessTimer (omnetpp::cMessage, id=21)
** Event #973  t=248.1  SupplyChainNetwork.peer[0] (Node, id=4)  on LivenessPing (GossipMsg, id=1167)
** Event #974  t=248.1  SupplyChainNetwork.peer[1] (Node, id=5)  on LivenessPing (GossipMsg, id=1168)
** Event #975  t=248.1  SupplyChainNetwork.peer[4] (Node, id=8)  on LivenessPing (GossipMsg, id=1169)
** Event #976  t=248.1  SupplyChainNetwork.seed[1] (Node, id=3)  on LivenessPing (GossipMsg, id=1170)
** Event #977  t=248.1  SupplyChainNetwork.peer[2] (Node, id=6)  on LivenessPing (GossipMsg, id=1172)
** Event #978  t=248.1  SupplyChainNetwork.peer[3] (Node, id=7)  on LivenessPing (GossipMsg, id=1173)
** Event #979  t=248.1  SupplyChainNetwork.seed[0] (Node, id=2)  on LivenessPing (GossipMsg, id=1174)
** Event #980  t=248.1  SupplyChainNetwork.seed[0] (Node, id=2)  on LivenessPing (GossipMsg, id=1176)
** Event #981  t=248.1  SupplyChainNetwork.peer[1] (Node, id=5)  on LivenessPing (GossipMsg, id=1177)
** Event #982  t=248.1  SupplyChainNetwork.peer[4] (Node, id=8)  on LivenessPing (GossipMsg, id=1178)
** Event #983  t=248.1  SupplyChainNetwork.seed[0] (Node, id=2)  on LivenessPing (GossipMsg, id=1180)
** Event #984  t=248.1  SupplyChainNetwork.peer[0] (Node, id=4)  on LivenessPing (GossipMsg, id=1181)
** Event #985  t=248.1  SupplyChainNetwork.peer[2] (Node, id=6)  on LivenessPing (GossipMsg, id=1182)
** Event #986  t=248.1  SupplyChainNetwork.seed[1] (Node, id=3)  on LivenessPing (GossipMsg, id=1184)
** Event #987  t=248.1  SupplyChainNetwork.peer[1] (Node, id=5)  on LivenessPing (GossipMsg, id=1185)
** Event #988  t=248.1  SupplyChainNetwork.peer[3] (Node, id=7)  on LivenessPing (GossipMsg, id=1186)
** Event #989  t=253.705718362595  SupplyChainNetwork.peer[3] (Node, id=7)  on selfmsg MiningTimer (omnetpp::cMessage, id=25)
INFO: MINED BLOCK 15 | Root: 6988d721
** Event #990  t=253.805718362595  SupplyChainNetwork.seed[1] (Node, id=3)  on BlockData (BlockMsg, id=1189)
INFO: SECURITY ALERT: Double Spending in Block 15!
** Event #991  t=253.805718362595  SupplyChainNetwork.peer[2] (Node, id=6)  on BlockData (BlockMsg, id=1190)
INFO: SECURITY ALERT: Double Spending in Block 15!
** Event #992  t=253.805718362595  SupplyChainNetwork.peer[4] (Node, id=8)  on BlockData (BlockMsg, id=1191)
** Event #993  t=253.861953761594  SupplyChainNetwork.peer[0] (Node, id=4)  on selfmsg MiningTimer (omnetpp::cMessage, id=10)
INFO: MINED BLOCK 32 | Root: b19ca33b
** Event #994  t=253.961953761594  SupplyChainNetwork.seed[0] (Node, id=2)  on BlockData (BlockMsg, id=1194)
INFO: Received longer chain (Block 32). Switching...
** Event #995  t=253.961953761594  SupplyChainNetwork.peer[1] (Node, id=5)  on BlockData (BlockMsg, id=1195)
INFO: Received longer chain (Block 32). Switching...
** Event #996  t=253.961953761594  SupplyChainNetwork.peer[4] (Node, id=8)  on BlockData (BlockMsg, id=1196)
** Event #997  t=254.061953761594  SupplyChainNetwork.peer[1] (Node, id=5)  on BlockData (BlockMsg, id=1198)
** Event #998  t=254.061953761594  SupplyChainNetwork.peer[4] (Node, id=8)  on BlockData (BlockMsg, id=1199)
** Event #999  t=254.061953761594  SupplyChainNetwork.seed[1] (Node, id=3)  on BlockData (BlockMsg, id=1200)
INFO: Received longer chain (Block 32). Switching...
** Event #1000  t=254.061953761594  SupplyChainNetwork.seed[0] (Node, id=2)  on BlockData (BlockMsg, id=1202)
** Event #1001  t=254.061953761594  SupplyChainNetwork.peer[2] (Node, id=6)  on BlockData (BlockMsg, id=1203)
INFO: Received longer chain (Block 32). Switching...
** Event #1002  t=254.161953761594  SupplyChainNetwork.peer[2] (Node, id=6)  on BlockData (BlockMsg, id=1205)
** Event #1003  t=254.161953761594  SupplyChainNetwork.peer[3] (Node, id=7)  on BlockData (BlockMsg, id=1206)
INFO: SECURITY ALERT: Double Spending in Block 32!
** Event #1004  t=254.161953761594  SupplyChainNetwork.seed[1] (Node, id=3)  on BlockData (BlockMsg, id=1208)
** Event #1005  t=254.161953761594  SupplyChainNetwork.peer[3] (Node, id=7)  on BlockData (BlockMsg, id=1209)
INFO: SECURITY ALERT: Double Spending in Block 32!
** Event #1006  t=255  SupplyChainNetwork.peer[3] (Node, id=7)  on selfmsg LivenessTimer (omnetpp::cMessage, id=26)
** Event #1007  t=255.1  SupplyChainNetwork.seed[1] (Node, id=3)  on LivenessPing (GossipMsg, id=1211)
** Event #1008  t=255.1  SupplyChainNetwork.peer[2] (Node, id=6)  on LivenessPing (GossipMsg, id=1212)
** Event #1009  t=255.1  SupplyChainNetwork.peer[4] (Node, id=8)  on LivenessPing (GossipMsg, id=1213)
** Event #1010  t=259.567493931174  SupplyChainNetwork.peer[1] (Node, id=5)  on selfmsg MiningTimer (omnetpp::cMessage, id=15)
INFO: MINED BLOCK 33 | Root: 1452168b
** Event #1011  t=259.667493931174  SupplyChainNetwork.seed[0] (Node, id=2)  on BlockData (BlockMsg, id=1216)
INFO: Received longer chain (Block 33). Switching...
** Event #1012  t=259.667493931174  SupplyChainNetwork.peer[0] (Node, id=4)  on BlockData (BlockMsg, id=1217)
INFO: Received longer chain (Block 33). Switching...
** Event #1013  t=259.667493931174  SupplyChainNetwork.peer[2] (Node, id=6)  on BlockData (BlockMsg, id=1218)
INFO: Received longer chain (Block 33). Switching...
** Event #1014  t=259.767493931174  SupplyChainNetwork.peer[0] (Node, id=4)  on BlockData (BlockMsg, id=1220)
** Event #1015  t=259.767493931174  SupplyChainNetwork.peer[4] (Node, id=8)  on BlockData (BlockMsg, id=1221)
** Event #1016  t=259.767493931174  SupplyChainNetwork.seed[1] (Node, id=3)  on BlockData (BlockMsg, id=1222)
INFO: Received longer chain (Block 33). Switching...
** Event #1017  t=259.767493931174  SupplyChainNetwork.seed[0] (Node, id=2)  on BlockData (BlockMsg, id=1224)
** Event #1018  t=259.767493931174  SupplyChainNetwork.peer[4] (Node, id=8)  on BlockData (BlockMsg, id=1225)
** Event #1019  t=259.767493931174  SupplyChainNetwork.seed[1] (Node, id=3)  on BlockData (BlockMsg, id=1227)
** Event #1020  t=259.767493931174  SupplyChainNetwork.peer[3] (Node, id=7)  on BlockData (BlockMsg, id=1228)
INFO: SECURITY ALERT: Double Spending in Block 33!
** Event #1021  t=259.867493931174  SupplyChainNetwork.peer[2] (Node, id=6)  on BlockData (BlockMsg, id=1230)
** Event #1022  t=259.867493931174  SupplyChainNetwork.peer[3] (Node, id=7)  on BlockData (BlockMsg, id=1231)
INFO: SECURITY ALERT: Double Spending in Block 33!
** Event #1023  t=261  SupplyChainNetwork.seed[0] (Node, id=2)  on selfmsg LivenessTimer (omnetpp::cMessage, id=1)
** Event #1024  t=261  SupplyChainNetwork.seed[1] (Node, id=3)  on selfmsg LivenessTimer (omnetpp::cMessage, id=6)
** Event #1025  t=261  SupplyChainNetwork.peer[0] (Node, id=4)  on selfmsg LivenessTimer (omnetpp::cMessage, id=11)
** Event #1026  t=261  SupplyChainNetwork.peer[1] (Node, id=5)  on selfmsg LivenessTimer (omnetpp::cMessage, id=16)
** Event #1027  t=261  SupplyChainNetwork.peer[2] (Node, id=6)  on selfmsg LivenessTimer (omnetpp::cMessage, id=21)
** Event #1028  t=261.1  SupplyChainNetwork.peer[0] (Node, id=4)  on LivenessPing (GossipMsg, id=1233)
** Event #1029  t=261.1  SupplyChainNetwork.peer[1] (Node, id=5)  on LivenessPing (GossipMsg, id=1234)
** Event #1030  t=261.1  SupplyChainNetwork.peer[4] (Node, id=8)  on LivenessPing (GossipMsg, id=1235)
** Event #1031  t=261.1  SupplyChainNetwork.seed[1] (Node, id=3)  on LivenessPing (GossipMsg, id=1236)
** Event #1032  t=261.1  SupplyChainNetwork.peer[2] (Node, id=6)  on LivenessPing (GossipMsg, id=1238)
** Event #1033  t=261.1  SupplyChainNetwork.peer[3] (Node, id=7)  on LivenessPing (GossipMsg, id=1239)
** Event #1034  t=261.1  SupplyChainNetwork.seed[0] (Node, id=2)  on LivenessPing (GossipMsg, id=1240)
** Event #1035  t=261.1  SupplyChainNetwork.seed[0] (Node, id=2)  on LivenessPing (GossipMsg, id=1242)
** Event #1036  t=261.1  SupplyChainNetwork.peer[1] (Node, id=5)  on LivenessPing (GossipMsg, id=1243)
** Event #1037  t=261.1  SupplyChainNetwork.peer[4] (Node, id=8)  on LivenessPing (GossipMsg, id=1244)
** Event #1038  t=261.1  SupplyChainNetwork.seed[0] (Node, id=2)  on LivenessPing (GossipMsg, id=1246)
** Event #1039  t=261.1  SupplyChainNetwork.peer[0] (Node, id=4)  on LivenessPing (GossipMsg, id=1247)
** Event #1040  t=261.1  SupplyChainNetwork.peer[2] (Node, id=6)  on LivenessPing (GossipMsg, id=1248)
** Event #1041  t=261.1  SupplyChainNetwork.seed[1] (Node, id=3)  on LivenessPing (GossipMsg, id=1250)
** Event #1042  t=261.1  SupplyChainNetwork.peer[1] (Node, id=5)  on LivenessPing (GossipMsg, id=1251)
** Event #1043  t=261.1  SupplyChainNetwork.peer[3] (Node, id=7)  on LivenessPing (GossipMsg, id=1252)
** Event #1044  t=262.006602127023  SupplyChainNetwork.peer[2] (Node, id=6)  on selfmsg MiningTimer (omnetpp::cMessage, id=20)
INFO: MINED BLOCK 34 | Root: 5c67a1af
** Event #1045  t=262.106602127023  SupplyChainNetwork.seed[1] (Node, id=3)  on BlockData (BlockMsg, id=1255)
INFO: Received longer chain (Block 34). Switching...
** Event #1046  t=262.106602127023  SupplyChainNetwork.peer[1] (Node, id=5)  on BlockData (BlockMsg, id=1256)
INFO: Received longer chain (Block 34). Switching...
** Event #1047  t=262.106602127023  SupplyChainNetwork.peer[3] (Node, id=7)  on BlockData (BlockMsg, id=1257)
INFO: SECURITY ALERT: Double Spending in Block 34!
** Event #1048  t=262.206602127023  SupplyChainNetwork.peer[3] (Node, id=7)  on BlockData (BlockMsg, id=1259)
INFO: SECURITY ALERT: Double Spending in Block 34!
** Event #1049  t=262.206602127023  SupplyChainNetwork.seed[0] (Node, id=2)  on BlockData (BlockMsg, id=1260)
INFO: Received longer chain (Block 34). Switching...
** Event #1050  t=262.206602127023  SupplyChainNetwork.seed[0] (Node, id=2)  on BlockData (BlockMsg, id=1262)
** Event #1051  t=262.206602127023  SupplyChainNetwork.peer[0] (Node, id=4)  on BlockData (BlockMsg, id=1263)
INFO: Received longer chain (Block 34). Switching...
** Event #1052  t=262.306602127023  SupplyChainNetwork.peer[0] (Node, id=4)  on BlockData (BlockMsg, id=1265)
** Event #1053  t=262.306602127023  SupplyChainNetwork.peer[1] (Node, id=5)  on BlockData (BlockMsg, id=1266)
** Event #1054  t=262.306602127023  SupplyChainNetwork.peer[4] (Node, id=8)  on BlockData (BlockMsg, id=1267)
** Event #1055  t=262.306602127023  SupplyChainNetwork.seed[0] (Node, id=2)  on BlockData (BlockMsg, id=1269)
** Event #1056  t=262.306602127023  SupplyChainNetwork.peer[4] (Node, id=8)  on BlockData (BlockMsg, id=1270)
** Event #1057  t=266.264549982418  SupplyChainNetwork.peer[3] (Node, id=7)  on selfmsg MiningTimer (omnetpp::cMessage, id=25)
INFO: MINED BLOCK 16 | Root: 545cc080
** Event #1058  t=266.364549982418  SupplyChainNetwork.seed[1] (Node, id=3)  on BlockData (BlockMsg, id=1273)
INFO: SECURITY ALERT: Double Spending in Block 16!
** Event #1059  t=266.364549982418  SupplyChainNetwork.peer[2] (Node, id=6)  on BlockData (BlockMsg, id=1274)
INFO: SECURITY ALERT: Double Spending in Block 16!
** Event #1060  t=266.364549982418  SupplyChainNetwork.peer[4] (Node, id=8)  on BlockData (BlockMsg, id=1275)
** Event #1061  t=268  SupplyChainNetwork.peer[3] (Node, id=7)  on selfmsg LivenessTimer (omnetpp::cMessage, id=26)
** Event #1062  t=268.1  SupplyChainNetwork.seed[1] (Node, id=3)  on LivenessPing (GossipMsg, id=1277)
** Event #1063  t=268.1  SupplyChainNetwork.peer[2] (Node, id=6)  on LivenessPing (GossipMsg, id=1278)
** Event #1064  t=268.1  SupplyChainNetwork.peer[4] (Node, id=8)  on LivenessPing (GossipMsg, id=1279)
** Event #1065  t=269.23879536746  SupplyChainNetwork.peer[3] (Node, id=7)  on selfmsg MiningTimer (omnetpp::cMessage, id=25)
INFO: MINED BLOCK 17 | Root: e5b78c08
** Event #1066  t=269.33879536746  SupplyChainNetwork.seed[1] (Node, id=3)  on BlockData (BlockMsg, id=1282)
INFO: SECURITY ALERT: Double Spending in Block 17!
** Event #1067  t=269.33879536746  SupplyChainNetwork.peer[2] (Node, id=6)  on BlockData (BlockMsg, id=1283)
INFO: SECURITY ALERT: Double Spending in Block 17!
** Event #1068  t=269.33879536746  SupplyChainNetwork.peer[4] (Node, id=8)  on BlockData (BlockMsg, id=1284)
** Event #1069  t=269.837718994507  SupplyChainNetwork.peer[0] (Node, id=4)  on selfmsg MiningTimer (omnetpp::cMessage, id=10)
INFO: MINED BLOCK 35 | Root: a662721d
** Event #1070  t=269.937718994507  SupplyChainNetwork.seed[0] (Node, id=2)  on BlockData (BlockMsg, id=1287)
INFO: Received longer chain (Block 35). Switching...
** Event #1071  t=269.937718994507  SupplyChainNetwork.peer[1] (Node, id=5)  on BlockData (BlockMsg, id=1288)
INFO: Received longer chain (Block 35). Switching...
** Event #1072  t=269.937718994507  SupplyChainNetwork.peer[4] (Node, id=8)  on BlockData (BlockMsg, id=1289)
** Event #1073  t=270.037718994507  SupplyChainNetwork.peer[1] (Node, id=5)  on BlockData (BlockMsg, id=1291)
** Event #1074  t=270.037718994507  SupplyChainNetwork.peer[4] (Node, id=8)  on BlockData (BlockMsg, id=1292)
** Event #1075  t=270.037718994507  SupplyChainNetwork.seed[1] (Node, id=3)  on BlockData (BlockMsg, id=1293)
INFO: Received longer chain (Block 35). Switching...
** Event #1076  t=270.037718994507  SupplyChainNetwork.seed[0] (Node, id=2)  on BlockData (BlockMsg, id=1295)
** Event #1077  t=270.037718994507  SupplyChainNetwork.peer[2] (Node, id=6)  on BlockData (BlockMsg, id=1296)
INFO: Received longer chain (Block 35). Switching...
** Event #1078  t=270.137718994507  SupplyChainNetwork.peer[2] (Node, id=6)  on BlockData (BlockMsg, id=1298)
** Event #1079  t=270.137718994507  SupplyChainNetwork.peer[3] (Node, id=7)  on BlockData (BlockMsg, id=1299)
INFO: SECURITY ALERT: Double Spending in Block 35!
** Event #1080  t=270.137718994507  SupplyChainNetwork.seed[1] (Node, id=3)  on BlockData (BlockMsg, id=1301)
** Event #1081  t=270.137718994507  SupplyChainNetwork.peer[3] (Node, id=7)  on BlockData (BlockMsg, id=1302)
INFO: SECURITY ALERT: Double Spending in Block 35!
** Event #1082  t=274  SupplyChainNetwork.seed[0] (Node, id=2)  on selfmsg LivenessTimer (omnetpp::cMessage, id=1)
** Event #1083  t=274  SupplyChainNetwork.seed[1] (Node, id=3)  on selfmsg LivenessTimer (omnetpp::cMessage, id=6)
** Event #1084  t=274  SupplyChainNetwork.peer[0] (Node, id=4)  on selfmsg LivenessTimer (omnetpp::cMessage, id=11)
** Event #1085  t=274  SupplyChainNetwork.peer[1] (Node, id=5)  on selfmsg LivenessTimer (omnetpp::cMessage, id=16)
** Event #1086  t=274  SupplyChainNetwork.peer[2] (Node, id=6)  on selfmsg LivenessTimer (omnetpp::cMessage, id=21)
** Event #1087  t=274.1  SupplyChainNetwork.peer[0] (Node, id=4)  on LivenessPing (GossipMsg, id=1304)
** Event #1088  t=274.1  SupplyChainNetwork.peer[1] (Node, id=5)  on LivenessPing (GossipMsg, id=1305)
** Event #1089  t=274.1  SupplyChainNetwork.peer[4] (Node, id=8)  on LivenessPing (GossipMsg, id=1306)
** Event #1090  t=274.1  SupplyChainNetwork.seed[1] (Node, id=3)  on LivenessPing (GossipMsg, id=1307)
** Event #1091  t=274.1  SupplyChainNetwork.peer[2] (Node, id=6)  on LivenessPing (GossipMsg, id=1309)
** Event #1092  t=274.1  SupplyChainNetwork.peer[3] (Node, id=7)  on LivenessPing (GossipMsg, id=1310)
** Event #1093  t=274.1  SupplyChainNetwork.seed[0] (Node, id=2)  on LivenessPing (GossipMsg, id=1311)
** Event #1094  t=274.1  SupplyChainNetwork.seed[0] (Node, id=2)  on LivenessPing (GossipMsg, id=1313)
** Event #1095  t=274.1  SupplyChainNetwork.peer[1] (Node, id=5)  on LivenessPing (GossipMsg, id=1314)
** Event #1096  t=274.1  SupplyChainNetwork.peer[4] (Node, id=8)  on LivenessPing (GossipMsg, id=1315)
** Event #1097  t=274.1  SupplyChainNetwork.seed[0] (Node, id=2)  on LivenessPing (GossipMsg, id=1317)
** Event #1098  t=274.1  SupplyChainNetwork.peer[0] (Node, id=4)  on LivenessPing (GossipMsg, id=1318)
** Event #1099  t=274.1  SupplyChainNetwork.peer[2] (Node, id=6)  on LivenessPing (GossipMsg, id=1319)
** Event #1100  t=274.1  SupplyChainNetwork.seed[1] (Node, id=3)  on LivenessPing (GossipMsg, id=1321)
** Event #1101  t=274.1  SupplyChainNetwork.peer[1] (Node, id=5)  on LivenessPing (GossipMsg, id=1322)
** Event #1102  t=274.1  SupplyChainNetwork.peer[3] (Node, id=7)  on LivenessPing (GossipMsg, id=1323)
** Event #1103  t=274.215330924653  SupplyChainNetwork.peer[0] (Node, id=4)  on selfmsg MiningTimer (omnetpp::cMessage, id=10)
INFO: MINED BLOCK 36 | Root: 87cb0d10
** Event #1104  t=274.315330924653  SupplyChainNetwork.seed[0] (Node, id=2)  on BlockData (BlockMsg, id=1326)
INFO: Received longer chain (Block 36). Switching...
** Event #1105  t=274.315330924653  SupplyChainNetwork.peer[1] (Node, id=5)  on BlockData (BlockMsg, id=1327)
INFO: Received longer chain (Block 36). Switching...
** Event #1106  t=274.315330924653  SupplyChainNetwork.peer[4] (Node, id=8)  on BlockData (BlockMsg, id=1328)
** Event #1107  t=274.415330924653  SupplyChainNetwork.peer[1] (Node, id=5)  on BlockData (BlockMsg, id=1330)
** Event #1108  t=274.415330924653  SupplyChainNetwork.peer[4] (Node, id=8)  on BlockData (BlockMsg, id=1331)
** Event #1109  t=274.415330924653  SupplyChainNetwork.seed[1] (Node, id=3)  on BlockData (BlockMsg, id=1332)
INFO: Received longer chain (Block 36). Switching...
** Event #1110  t=274.415330924653  SupplyChainNetwork.seed[0] (Node, id=2)  on BlockData (BlockMsg, id=1334)
** Event #1111  t=274.415330924653  SupplyChainNetwork.peer[2] (Node, id=6)  on BlockData (BlockMsg, id=1335)
INFO: Received longer chain (Block 36). Switching...
** Event #1112  t=274.515330924653  SupplyChainNetwork.peer[2] (Node, id=6)  on BlockData (BlockMsg, id=1337)
** Event #1113  t=274.515330924653  SupplyChainNetwork.peer[3] (Node, id=7)  on BlockData (BlockMsg, id=1338)
INFO: SECURITY ALERT: Double Spending in Block 36!
** Event #1114  t=274.515330924653  SupplyChainNetwork.seed[1] (Node, id=3)  on BlockData (BlockMsg, id=1340)
** Event #1115  t=274.515330924653  SupplyChainNetwork.peer[3] (Node, id=7)  on BlockData (BlockMsg, id=1341)
INFO: SECURITY ALERT: Double Spending in Block 36!
** Event #1116  t=274.68862249327  SupplyChainNetwork.peer[2] (Node, id=6)  on selfmsg MiningTimer (omnetpp::cMessage, id=20)
INFO: MINED BLOCK 37 | Root: dd7c8975
** Event #1117  t=274.78862249327  SupplyChainNetwork.seed[1] (Node, id=3)  on BlockData (BlockMsg, id=1344)
INFO: Received longer chain (Block 37). Switching...
** Event #1118  t=274.78862249327  SupplyChainNetwork.peer[1] (Node, id=5)  on BlockData (BlockMsg, id=1345)
INFO: Received longer chain (Block 37). Switching...
** Event #1119  t=274.78862249327  SupplyChainNetwork.peer[3] (Node, id=7)  on BlockData (BlockMsg, id=1346)
INFO: SECURITY ALERT: Double Spending in Block 37!
** Event #1120  t=274.88862249327  SupplyChainNetwork.peer[3] (Node, id=7)  on BlockData (BlockMsg, id=1348)
INFO: SECURITY ALERT: Double Spending in Block 37!
** Event #1121  t=274.88862249327  SupplyChainNetwork.seed[0] (Node, id=2)  on BlockData (BlockMsg, id=1349)
INFO: Received longer chain (Block 37). Switching...
** Event #1122  t=274.88862249327  SupplyChainNetwork.seed[0] (Node, id=2)  on BlockData (BlockMsg, id=1351)
** Event #1123  t=274.88862249327  SupplyChainNetwork.peer[0] (Node, id=4)  on BlockData (BlockMsg, id=1352)
INFO: Received longer chain (Block 37). Switching...
** Event #1124  t=274.98862249327  SupplyChainNetwork.peer[0] (Node, id=4)  on BlockData (BlockMsg, id=1354)
** Event #1125  t=274.98862249327  SupplyChainNetwork.peer[1] (Node, id=5)  on BlockData (BlockMsg, id=1355)
** Event #1126  t=274.98862249327  SupplyChainNetwork.peer[4] (Node, id=8)  on BlockData (BlockMsg, id=1356)
** Event #1127  t=274.98862249327  SupplyChainNetwork.seed[0] (Node, id=2)  on BlockData (BlockMsg, id=1358)
** Event #1128  t=274.98862249327  SupplyChainNetwork.peer[4] (Node, id=8)  on BlockData (BlockMsg, id=1359)
** Event #1129  t=276.731520123769  SupplyChainNetwork.peer[2] (Node, id=6)  on selfmsg MiningTimer (omnetpp::cMessage, id=20)
INFO: MINED BLOCK 38 | Root: 775526c9
** Event #1130  t=276.831520123769  SupplyChainNetwork.seed[1] (Node, id=3)  on BlockData (BlockMsg, id=1362)
INFO: Received longer chain (Block 38). Switching...
** Event #1131  t=276.831520123769  SupplyChainNetwork.peer[1] (Node, id=5)  on BlockData (BlockMsg, id=1363)
INFO: Received longer chain (Block 38). Switching...
** Event #1132  t=276.831520123769  SupplyChainNetwork.peer[3] (Node, id=7)  on BlockData (BlockMsg, id=1364)
INFO: SECURITY ALERT: Double Spending in Block 38!
** Event #1133  t=276.931520123769  SupplyChainNetwork.peer[3] (Node, id=7)  on BlockData (BlockMsg, id=1366)
INFO: SECURITY ALERT: Double Spending in Block 38!
** Event #1134  t=276.931520123769  SupplyChainNetwork.seed[0] (Node, id=2)  on BlockData (BlockMsg, id=1367)
INFO: Received longer chain (Block 38). Switching...
** Event #1135  t=276.931520123769  SupplyChainNetwork.seed[0] (Node, id=2)  on BlockData (BlockMsg, id=1369)
** Event #1136  t=276.931520123769  SupplyChainNetwork.peer[0] (Node, id=4)  on BlockData (BlockMsg, id=1370)
INFO: Received longer chain (Block 38). Switching...
** Event #1137  t=277.031520123769  SupplyChainNetwork.peer[0] (Node, id=4)  on BlockData (BlockMsg, id=1372)
** Event #1138  t=277.031520123769  SupplyChainNetwork.peer[1] (Node, id=5)  on BlockData (BlockMsg, id=1373)
** Event #1139  t=277.031520123769  SupplyChainNetwork.peer[4] (Node, id=8)  on BlockData (BlockMsg, id=1374)
** Event #1140  t=277.031520123769  SupplyChainNetwork.seed[0] (Node, id=2)  on BlockData (BlockMsg, id=1376)
** Event #1141  t=277.031520123769  SupplyChainNetwork.peer[4] (Node, id=8)  on BlockData (BlockMsg, id=1377)
** Event #1142  t=278.852215629948  SupplyChainNetwork.peer[1] (Node, id=5)  on selfmsg MiningTimer (omnetpp::cMessage, id=15)
INFO: MINED BLOCK 39 | Root: df8dd1d9
** Event #1143  t=278.952215629948  SupplyChainNetwork.seed[0] (Node, id=2)  on BlockData (BlockMsg, id=1380)
INFO: Received longer chain (Block 39). Switching...
** Event #1144  t=278.952215629948  SupplyChainNetwork.peer[0] (Node, id=4)  on BlockData (BlockMsg, id=1381)
INFO: Received longer chain (Block 39). Switching...
** Event #1145  t=278.952215629948  SupplyChainNetwork.peer[2] (Node, id=6)  on BlockData (BlockMsg, id=1382)
INFO: Received longer chain (Block 39). Switching...
** Event #1146  t=279.052215629948  SupplyChainNetwork.peer[0] (Node, id=4)  on BlockData (BlockMsg, id=1384)
** Event #1147  t=279.052215629948  SupplyChainNetwork.peer[4] (Node, id=8)  on BlockData (BlockMsg, id=1385)
** Event #1148  t=279.052215629948  SupplyChainNetwork.seed[1] (Node, id=3)  on BlockData (BlockMsg, id=1386)
INFO: Received longer chain (Block 39). Switching...
** Event #1149  t=279.052215629948  SupplyChainNetwork.seed[0] (Node, id=2)  on BlockData (BlockMsg, id=1388)
** Event #1150  t=279.052215629948  SupplyChainNetwork.peer[4] (Node, id=8)  on BlockData (BlockMsg, id=1389)
** Event #1151  t=279.052215629948  SupplyChainNetwork.seed[1] (Node, id=3)  on BlockData (BlockMsg, id=1391)
** Event #1152  t=279.052215629948  SupplyChainNetwork.peer[3] (Node, id=7)  on BlockData (BlockMsg, id=1392)
INFO: SECURITY ALERT: Double Spending in Block 39!
** Event #1153  t=279.152215629948  SupplyChainNetwork.peer[2] (Node, id=6)  on BlockData (BlockMsg, id=1394)
** Event #1154  t=279.152215629948  SupplyChainNetwork.peer[3] (Node, id=7)  on BlockData (BlockMsg, id=1395)
INFO: SECURITY ALERT: Double Spending in Block 39!
** Event #1155  t=281  SupplyChainNetwork.peer[3] (Node, id=7)  on selfmsg LivenessTimer (omnetpp::cMessage, id=26)
** Event #1156  t=281.1  SupplyChainNetwork.seed[1] (Node, id=3)  on LivenessPing (GossipMsg, id=1397)
** Event #1157  t=281.1  SupplyChainNetwork.peer[2] (Node, id=6)  on LivenessPing (GossipMsg, id=1398)
** Event #1158  t=281.1  SupplyChainNetwork.peer[4] (Node, id=8)  on LivenessPing (GossipMsg, id=1399)
** Event #1159  t=287  SupplyChainNetwork.seed[0] (Node, id=2)  on selfmsg LivenessTimer (omnetpp::cMessage, id=1)
** Event #1160  t=287  SupplyChainNetwork.seed[1] (Node, id=3)  on selfmsg LivenessTimer (omnetpp::cMessage, id=6)
** Event #1161  t=287  SupplyChainNetwork.peer[0] (Node, id=4)  on selfmsg LivenessTimer (omnetpp::cMessage, id=11)
** Event #1162  t=287  SupplyChainNetwork.peer[1] (Node, id=5)  on selfmsg LivenessTimer (omnetpp::cMessage, id=16)
** Event #1163  t=287  SupplyChainNetwork.peer[2] (Node, id=6)  on selfmsg LivenessTimer (omnetpp::cMessage, id=21)
** Event #1164  t=287.1  SupplyChainNetwork.peer[0] (Node, id=4)  on LivenessPing (GossipMsg, id=1401)
** Event #1165  t=287.1  SupplyChainNetwork.peer[1] (Node, id=5)  on LivenessPing (GossipMsg, id=1402)
** Event #1166  t=287.1  SupplyChainNetwork.peer[4] (Node, id=8)  on LivenessPing (GossipMsg, id=1403)
** Event #1167  t=287.1  SupplyChainNetwork.seed[1] (Node, id=3)  on LivenessPing (GossipMsg, id=1404)
** Event #1168  t=287.1  SupplyChainNetwork.peer[2] (Node, id=6)  on LivenessPing (GossipMsg, id=1406)
** Event #1169  t=287.1  SupplyChainNetwork.peer[3] (Node, id=7)  on LivenessPing (GossipMsg, id=1407)
** Event #1170  t=287.1  SupplyChainNetwork.seed[0] (Node, id=2)  on LivenessPing (GossipMsg, id=1408)
** Event #1171  t=287.1  SupplyChainNetwork.seed[0] (Node, id=2)  on LivenessPing (GossipMsg, id=1410)
** Event #1172  t=287.1  SupplyChainNetwork.peer[1] (Node, id=5)  on LivenessPing (GossipMsg, id=1411)
** Event #1173  t=287.1  SupplyChainNetwork.peer[4] (Node, id=8)  on LivenessPing (GossipMsg, id=1412)
** Event #1174  t=287.1  SupplyChainNetwork.seed[0] (Node, id=2)  on LivenessPing (GossipMsg, id=1414)
** Event #1175  t=287.1  SupplyChainNetwork.peer[0] (Node, id=4)  on LivenessPing (GossipMsg, id=1415)
** Event #1176  t=287.1  SupplyChainNetwork.peer[2] (Node, id=6)  on LivenessPing (GossipMsg, id=1416)
** Event #1177  t=287.1  SupplyChainNetwork.seed[1] (Node, id=3)  on LivenessPing (GossipMsg, id=1418)
** Event #1178  t=287.1  SupplyChainNetwork.peer[1] (Node, id=5)  on LivenessPing (GossipMsg, id=1419)
** Event #1179  t=287.1  SupplyChainNetwork.peer[3] (Node, id=7)  on LivenessPing (GossipMsg, id=1420)
** Event #1180  t=291.598947557864  SupplyChainNetwork.peer[2] (Node, id=6)  on selfmsg MiningTimer (omnetpp::cMessage, id=20)
INFO: MINED BLOCK 40 | Root: 8d3178fc
** Event #1181  t=291.698947557864  SupplyChainNetwork.seed[1] (Node, id=3)  on BlockData (BlockMsg, id=1423)
INFO: Received longer chain (Block 40). Switching...
** Event #1182  t=291.698947557864  SupplyChainNetwork.peer[1] (Node, id=5)  on BlockData (BlockMsg, id=1424)
INFO: Received longer chain (Block 40). Switching...
** Event #1183  t=291.698947557864  SupplyChainNetwork.peer[3] (Node, id=7)  on BlockData (BlockMsg, id=1425)
INFO: SECURITY ALERT: Double Spending in Block 40!
** Event #1184  t=291.798947557864  SupplyChainNetwork.peer[3] (Node, id=7)  on BlockData (BlockMsg, id=1427)
INFO: SECURITY ALERT: Double Spending in Block 40!
** Event #1185  t=291.798947557864  SupplyChainNetwork.seed[0] (Node, id=2)  on BlockData (BlockMsg, id=1428)
INFO: Received longer chain (Block 40). Switching...
** Event #1186  t=291.798947557864  SupplyChainNetwork.seed[0] (Node, id=2)  on BlockData (BlockMsg, id=1430)
** Event #1187  t=291.798947557864  SupplyChainNetwork.peer[0] (Node, id=4)  on BlockData (BlockMsg, id=1431)
INFO: Received longer chain (Block 40). Switching...
** Event #1188  t=291.898947557864  SupplyChainNetwork.peer[0] (Node, id=4)  on BlockData (BlockMsg, id=1433)
** Event #1189  t=291.898947557864  SupplyChainNetwork.peer[1] (Node, id=5)  on BlockData (BlockMsg, id=1434)
** Event #1190  t=291.898947557864  SupplyChainNetwork.peer[4] (Node, id=8)  on BlockData (BlockMsg, id=1435)
** Event #1191  t=291.898947557864  SupplyChainNetwork.seed[0] (Node, id=2)  on BlockData (BlockMsg, id=1437)
** Event #1192  t=291.898947557864  SupplyChainNetwork.peer[4] (Node, id=8)  on BlockData (BlockMsg, id=1438)
** Event #1193  t=292.945486086339  SupplyChainNetwork.peer[0] (Node, id=4)  on selfmsg MiningTimer (omnetpp::cMessage, id=10)
INFO: MINED BLOCK 41 | Root: ba274bd0
** Event #1194  t=293.045486086339  SupplyChainNetwork.seed[0] (Node, id=2)  on BlockData (BlockMsg, id=1441)
INFO: Received longer chain (Block 41). Switching...
** Event #1195  t=293.045486086339  SupplyChainNetwork.peer[1] (Node, id=5)  on BlockData (BlockMsg, id=1442)
INFO: Received longer chain (Block 41). Switching...
** Event #1196  t=293.045486086339  SupplyChainNetwork.peer[4] (Node, id=8)  on BlockData (BlockMsg, id=1443)
** Event #1197  t=293.145486086339  SupplyChainNetwork.peer[1] (Node, id=5)  on BlockData (BlockMsg, id=1445)
** Event #1198  t=293.145486086339  SupplyChainNetwork.peer[4] (Node, id=8)  on BlockData (BlockMsg, id=1446)
** Event #1199  t=293.145486086339  SupplyChainNetwork.seed[1] (Node, id=3)  on BlockData (BlockMsg, id=1447)
INFO: Received longer chain (Block 41). Switching...
** Event #1200  t=293.145486086339  SupplyChainNetwork.seed[0] (Node, id=2)  on BlockData (BlockMsg, id=1449)
** Event #1201  t=293.145486086339  SupplyChainNetwork.peer[2] (Node, id=6)  on BlockData (BlockMsg, id=1450)
INFO: Received longer chain (Block 41). Switching...
** Event #1202  t=293.245486086339  SupplyChainNetwork.peer[2] (Node, id=6)  on BlockData (BlockMsg, id=1452)
** Event #1203  t=293.245486086339  SupplyChainNetwork.peer[3] (Node, id=7)  on BlockData (BlockMsg, id=1453)
INFO: SECURITY ALERT: Double Spending in Block 41!
** Event #1204  t=293.245486086339  SupplyChainNetwork.seed[1] (Node, id=3)  on BlockData (BlockMsg, id=1455)
** Event #1205  t=293.245486086339  SupplyChainNetwork.peer[3] (Node, id=7)  on BlockData (BlockMsg, id=1456)
INFO: SECURITY ALERT: Double Spending in Block 41!
** Event #1206  t=294  SupplyChainNetwork.peer[3] (Node, id=7)  on selfmsg LivenessTimer (omnetpp::cMessage, id=26)
INFO: WARNING: Neighbor on gate 2 is DEAD!
** Event #1207  t=294.1  SupplyChainNetwork.seed[1] (Node, id=3)  on LivenessPing (GossipMsg, id=1458)
** Event #1208  t=294.1  SupplyChainNetwork.peer[2] (Node, id=6)  on LivenessPing (GossipMsg, id=1459)
** Event #1209  t=294.1  SupplyChainNetwork.peer[4] (Node, id=8)  on LivenessPing (GossipMsg, id=1460)
** Event #1210  t=299.37150203291  SupplyChainNetwork.peer[3] (Node, id=7)  on selfmsg MiningTimer (omnetpp::cMessage, id=25)
INFO: MINED BLOCK 18 | Root: 4bae9618
** Event #1211  t=299.47150203291  SupplyChainNetwork.seed[1] (Node, id=3)  on BlockData (BlockMsg, id=1463)
INFO: SECURITY ALERT: Double Spending in Block 18!
** Event #1212  t=299.47150203291  SupplyChainNetwork.peer[2] (Node, id=6)  on BlockData (BlockMsg, id=1464)
INFO: SECURITY ALERT: Double Spending in Block 18!
** Event #1213  t=299.47150203291  SupplyChainNetwork.peer[4] (Node, id=8)  on BlockData (BlockMsg, id=1465)
** Event #1214  t=299.775304595833  SupplyChainNetwork.peer[3] (Node, id=7)  on selfmsg MiningTimer (omnetpp::cMessage, id=25)
INFO: MINED BLOCK 19 | Root: 5ec45306
** Event #1215  t=299.875304595833  SupplyChainNetwork.seed[1] (Node, id=3)  on BlockData (BlockMsg, id=1468)
INFO: SECURITY ALERT: Double Spending in Block 19!
** Event #1216  t=299.875304595833  SupplyChainNetwork.peer[2] (Node, id=6)  on BlockData (BlockMsg, id=1469)
INFO: SECURITY ALERT: Double Spending in Block 19!
** Event #1217  t=299.875304595833  SupplyChainNetwork.peer[4] (Node, id=8)  on BlockData (BlockMsg, id=1470)
** Event #1218  t=300  SupplyChainNetwork.seed[0] (Node, id=2)  on selfmsg LivenessTimer (omnetpp::cMessage, id=1)
INFO: WARNING: Neighbor on gate 2 is DEAD!
** Event #1219  t=300  SupplyChainNetwork.seed[1] (Node, id=3)  on selfmsg LivenessTimer (omnetpp::cMessage, id=6)
** Event #1220  t=300  SupplyChainNetwork.peer[0] (Node, id=4)  on selfmsg LivenessTimer (omnetpp::cMessage, id=11)
INFO: WARNING: Neighbor on gate 2 is DEAD!
** Event #1221  t=300  SupplyChainNetwork.peer[1] (Node, id=5)  on selfmsg LivenessTimer (omnetpp::cMessage, id=16)
** Event #1222  t=300  SupplyChainNetwork.peer[2] (Node, id=6)  on selfmsg LivenessTimer (omnetpp::cMessage, id=21)
** Event #1223  t=300.1  SupplyChainNetwork.peer[0] (Node, id=4)  on LivenessPing (GossipMsg, id=1472)
** Event #1224  t=300.1  SupplyChainNetwork.peer[1] (Node, id=5)  on LivenessPing (GossipMsg, id=1473)
** Event #1225  t=300.1  SupplyChainNetwork.peer[4] (Node, id=8)  on LivenessPing (GossipMsg, id=1474)
** Event #1226  t=300.1  SupplyChainNetwork.seed[1] (Node, id=3)  on LivenessPing (GossipMsg, id=1475)
** Event #1227  t=300.1  SupplyChainNetwork.peer[2] (Node, id=6)  on LivenessPing (GossipMsg, id=1477)
** Event #1228  t=300.1  SupplyChainNetwork.peer[3] (Node, id=7)  on LivenessPing (GossipMsg, id=1478)
** Event #1229  t=300.1  SupplyChainNetwork.seed[0] (Node, id=2)  on LivenessPing (GossipMsg, id=1479)
** Event #1230  t=300.1  SupplyChainNetwork.seed[0] (Node, id=2)  on LivenessPing (GossipMsg, id=1481)
** Event #1231  t=300.1  SupplyChainNetwork.peer[1] (Node, id=5)  on LivenessPing (GossipMsg, id=1482)
** Event #1232  t=300.1  SupplyChainNetwork.peer[4] (Node, id=8)  on LivenessPing (GossipMsg, id=1483)
** Event #1233  t=300.1  SupplyChainNetwork.seed[0] (Node, id=2)  on LivenessPing (GossipMsg, id=1485)
** Event #1234  t=300.1  SupplyChainNetwork.peer[0] (Node, id=4)  on LivenessPing (GossipMsg, id=1486)
** Event #1235  t=300.1  SupplyChainNetwork.peer[2] (Node, id=6)  on LivenessPing (GossipMsg, id=1487)
** Event #1236  t=300.1  SupplyChainNetwork.seed[1] (Node, id=3)  on LivenessPing (GossipMsg, id=1489)
** Event #1237  t=300.1  SupplyChainNetwork.peer[1] (Node, id=5)  on LivenessPing (GossipMsg, id=1490)
** Event #1238  t=300.1  SupplyChainNetwork.peer[3] (Node, id=7)  on LivenessPing (GossipMsg, id=1491)
** Event #1239  t=300.574830576999  SupplyChainNetwork.peer[3] (Node, id=7)  on selfmsg MiningTimer (omnetpp::cMessage, id=25)
INFO: MINED BLOCK 20 | Root: 82a1d686
** Event #1240  t=300.674830576999  SupplyChainNetwork.seed[1] (Node, id=3)  on BlockData (BlockMsg, id=1494)
INFO: SECURITY ALERT: Double Spending in Block 20!
** Event #1241  t=300.674830576999  SupplyChainNetwork.peer[2] (Node, id=6)  on BlockData (BlockMsg, id=1495)
INFO: SECURITY ALERT: Double Spending in Block 20!
** Event #1242  t=300.674830576999  SupplyChainNetwork.peer[4] (Node, id=8)  on BlockData (BlockMsg, id=1496)
** Event #1243  t=305.04442381916  SupplyChainNetwork.peer[1] (Node, id=5)  on selfmsg MiningTimer (omnetpp::cMessage, id=15)
INFO: MINED BLOCK 42 | Root: 73ba1446
** Event #1244  t=305.14442381916  SupplyChainNetwork.seed[0] (Node, id=2)  on BlockData (BlockMsg, id=1499)
INFO: Received longer chain (Block 42). Switching...
** Event #1245  t=305.14442381916  SupplyChainNetwork.peer[0] (Node, id=4)  on BlockData (BlockMsg, id=1500)
INFO: Received longer chain (Block 42). Switching...
** Event #1246  t=305.14442381916  SupplyChainNetwork.peer[2] (Node, id=6)  on BlockData (BlockMsg, id=1501)
INFO: Received longer chain (Block 42). Switching...
** Event #1247  t=305.24442381916  SupplyChainNetwork.peer[0] (Node, id=4)  on BlockData (BlockMsg, id=1503)
** Event #1248  t=305.24442381916  SupplyChainNetwork.peer[4] (Node, id=8)  on BlockData (BlockMsg, id=1504)
** Event #1249  t=305.24442381916  SupplyChainNetwork.seed[1] (Node, id=3)  on BlockData (BlockMsg, id=1505)
INFO: Received longer chain (Block 42). Switching...
** Event #1250  t=305.24442381916  SupplyChainNetwork.seed[0] (Node, id=2)  on BlockData (BlockMsg, id=1507)
** Event #1251  t=305.24442381916  SupplyChainNetwork.peer[4] (Node, id=8)  on BlockData (BlockMsg, id=1508)
** Event #1252  t=305.24442381916  SupplyChainNetwork.seed[1] (Node, id=3)  on BlockData (BlockMsg, id=1510)
** Event #1253  t=305.24442381916  SupplyChainNetwork.peer[3] (Node, id=7)  on BlockData (BlockMsg, id=1511)
INFO: SECURITY ALERT: Double Spending in Block 42!
** Event #1254  t=305.34442381916  SupplyChainNetwork.peer[2] (Node, id=6)  on BlockData (BlockMsg, id=1513)
** Event #1255  t=305.34442381916  SupplyChainNetwork.peer[3] (Node, id=7)  on BlockData (BlockMsg, id=1514)
INFO: SECURITY ALERT: Double Spending in Block 42!
** Event #1256  t=307  SupplyChainNetwork.peer[3] (Node, id=7)  on selfmsg LivenessTimer (omnetpp::cMessage, id=26)
** Event #1257  t=307.1  SupplyChainNetwork.seed[1] (Node, id=3)  on LivenessPing (GossipMsg, id=1516)
** Event #1258  t=307.1  SupplyChainNetwork.peer[2] (Node, id=6)  on LivenessPing (GossipMsg, id=1517)
** Event #1259  t=307.1  SupplyChainNetwork.peer[4] (Node, id=8)  on LivenessPing (GossipMsg, id=1518)
** Event #1260  t=307.705559125384  SupplyChainNetwork.peer[2] (Node, id=6)  on selfmsg MiningTimer (omnetpp::cMessage, id=20)
INFO: MINED BLOCK 43 | Root: 75771b60
** Event #1261  t=307.805559125384  SupplyChainNetwork.seed[1] (Node, id=3)  on BlockData (BlockMsg, id=1521)
INFO: Received longer chain (Block 43). Switching...
** Event #1262  t=307.805559125384  SupplyChainNetwork.peer[1] (Node, id=5)  on BlockData (BlockMsg, id=1522)
INFO: Received longer chain (Block 43). Switching...
** Event #1263  t=307.805559125384  SupplyChainNetwork.peer[3] (Node, id=7)  on BlockData (BlockMsg, id=1523)
INFO: SECURITY ALERT: Double Spending in Block 43!
** Event #1264  t=307.905559125384  SupplyChainNetwork.peer[3] (Node, id=7)  on BlockData (BlockMsg, id=1525)
INFO: SECURITY ALERT: Double Spending in Block 43!
** Event #1265  t=307.905559125384  SupplyChainNetwork.seed[0] (Node, id=2)  on BlockData (BlockMsg, id=1526)
INFO: Received longer chain (Block 43). Switching...
** Event #1266  t=307.905559125384  SupplyChainNetwork.seed[0] (Node, id=2)  on BlockData (BlockMsg, id=1528)
** Event #1267  t=307.905559125384  SupplyChainNetwork.peer[0] (Node, id=4)  on BlockData (BlockMsg, id=1529)
INFO: Received longer chain (Block 43). Switching...
** Event #1268  t=308.005559125384  SupplyChainNetwork.peer[0] (Node, id=4)  on BlockData (BlockMsg, id=1531)
** Event #1269  t=308.005559125384  SupplyChainNetwork.peer[1] (Node, id=5)  on BlockData (BlockMsg, id=1532)
** Event #1270  t=308.005559125384  SupplyChainNetwork.peer[4] (Node, id=8)  on BlockData (BlockMsg, id=1533)
** Event #1271  t=308.005559125384  SupplyChainNetwork.seed[0] (Node, id=2)  on BlockData (BlockMsg, id=1535)
** Event #1272  t=308.005559125384  SupplyChainNetwork.peer[4] (Node, id=8)  on BlockData (BlockMsg, id=1536)
** Event #1273  t=312.232398354338  SupplyChainNetwork.peer[3] (Node, id=7)  on selfmsg MiningTimer (omnetpp::cMessage, id=25)
INFO: MINED BLOCK 21 | Root: f936826c
** Event #1274  t=312.332398354338  SupplyChainNetwork.seed[1] (Node, id=3)  on BlockData (BlockMsg, id=1539)
INFO: SECURITY ALERT: Double Spending in Block 21!
** Event #1275  t=312.332398354338  SupplyChainNetwork.peer[2] (Node, id=6)  on BlockData (BlockMsg, id=1540)
INFO: SECURITY ALERT: Double Spending in Block 21!
** Event #1276  t=312.332398354338  SupplyChainNetwork.peer[4] (Node, id=8)  on BlockData (BlockMsg, id=1541)
** Event #1277  t=313  SupplyChainNetwork.seed[0] (Node, id=2)  on selfmsg LivenessTimer (omnetpp::cMessage, id=1)
** Event #1278  t=313  SupplyChainNetwork.seed[1] (Node, id=3)  on selfmsg LivenessTimer (omnetpp::cMessage, id=6)
** Event #1279  t=313  SupplyChainNetwork.peer[0] (Node, id=4)  on selfmsg LivenessTimer (omnetpp::cMessage, id=11)
** Event #1280  t=313  SupplyChainNetwork.peer[1] (Node, id=5)  on selfmsg LivenessTimer (omnetpp::cMessage, id=16)
** Event #1281  t=313  SupplyChainNetwork.peer[2] (Node, id=6)  on selfmsg LivenessTimer (omnetpp::cMessage, id=21)
** Event #1282  t=313.1  SupplyChainNetwork.peer[0] (Node, id=4)  on LivenessPing (GossipMsg, id=1543)
** Event #1283  t=313.1  SupplyChainNetwork.peer[1] (Node, id=5)  on LivenessPing (GossipMsg, id=1544)
** Event #1284  t=313.1  SupplyChainNetwork.peer[4] (Node, id=8)  on LivenessPing (GossipMsg, id=1545)
** Event #1285  t=313.1  SupplyChainNetwork.seed[1] (Node, id=3)  on LivenessPing (GossipMsg, id=1546)
** Event #1286  t=313.1  SupplyChainNetwork.peer[2] (Node, id=6)  on LivenessPing (GossipMsg, id=1548)
** Event #1287  t=313.1  SupplyChainNetwork.peer[3] (Node, id=7)  on LivenessPing (GossipMsg, id=1549)
** Event #1288  t=313.1  SupplyChainNetwork.seed[0] (Node, id=2)  on LivenessPing (GossipMsg, id=1550)
** Event #1289  t=313.1  SupplyChainNetwork.seed[0] (Node, id=2)  on LivenessPing (GossipMsg, id=1552)
** Event #1290  t=313.1  SupplyChainNetwork.peer[1] (Node, id=5)  on LivenessPing (GossipMsg, id=1553)
** Event #1291  t=313.1  SupplyChainNetwork.peer[4] (Node, id=8)  on LivenessPing (GossipMsg, id=1554)
** Event #1292  t=313.1  SupplyChainNetwork.seed[0] (Node, id=2)  on LivenessPing (GossipMsg, id=1556)
** Event #1293  t=313.1  SupplyChainNetwork.peer[0] (Node, id=4)  on LivenessPing (GossipMsg, id=1557)
** Event #1294  t=313.1  SupplyChainNetwork.peer[2] (Node, id=6)  on LivenessPing (GossipMsg, id=1558)
** Event #1295  t=313.1  SupplyChainNetwork.seed[1] (Node, id=3)  on LivenessPing (GossipMsg, id=1560)
** Event #1296  t=313.1  SupplyChainNetwork.peer[1] (Node, id=5)  on LivenessPing (GossipMsg, id=1561)
** Event #1297  t=313.1  SupplyChainNetwork.peer[3] (Node, id=7)  on LivenessPing (GossipMsg, id=1562)
** Event #1298  t=314.760171082844  SupplyChainNetwork.peer[3] (Node, id=7)  on selfmsg MiningTimer (omnetpp::cMessage, id=25)
INFO: MINED BLOCK 22 | Root: 1932ea22
** Event #1299  t=314.82908091301  SupplyChainNetwork.peer[1] (Node, id=5)  on selfmsg MiningTimer (omnetpp::cMessage, id=15)
INFO: MINED BLOCK 44 | Root: 0b3e8e4f
** Event #1300  t=314.860171082844  SupplyChainNetwork.seed[1] (Node, id=3)  on BlockData (BlockMsg, id=1565)
INFO: SECURITY ALERT: Double Spending in Block 22!
** Event #1301  t=314.860171082844  SupplyChainNetwork.peer[2] (Node, id=6)  on BlockData (BlockMsg, id=1566)
INFO: SECURITY ALERT: Double Spending in Block 22!
** Event #1302  t=314.860171082844  SupplyChainNetwork.peer[4] (Node, id=8)  on BlockData (BlockMsg, id=1567)
** Event #1303  t=314.92908091301  SupplyChainNetwork.seed[0] (Node, id=2)  on BlockData (BlockMsg, id=1570)
INFO: Received longer chain (Block 44). Switching...
** Event #1304  t=314.92908091301  SupplyChainNetwork.peer[0] (Node, id=4)  on BlockData (BlockMsg, id=1571)
INFO: Received longer chain (Block 44). Switching...
** Event #1305  t=314.92908091301  SupplyChainNetwork.peer[2] (Node, id=6)  on BlockData (BlockMsg, id=1572)
INFO: Received longer chain (Block 44). Switching...
** Event #1306  t=315.02908091301  SupplyChainNetwork.peer[0] (Node, id=4)  on BlockData (BlockMsg, id=1574)
** Event #1307  t=315.02908091301  SupplyChainNetwork.peer[4] (Node, id=8)  on BlockData (BlockMsg, id=1575)
** Event #1308  t=315.02908091301  SupplyChainNetwork.seed[1] (Node, id=3)  on BlockData (BlockMsg, id=1576)
INFO: Received longer chain (Block 44). Switching...
** Event #1309  t=315.02908091301  SupplyChainNetwork.seed[0] (Node, id=2)  on BlockData (BlockMsg, id=1578)
** Event #1310  t=315.02908091301  SupplyChainNetwork.peer[4] (Node, id=8)  on BlockData (BlockMsg, id=1579)
** Event #1311  t=315.02908091301  SupplyChainNetwork.seed[1] (Node, id=3)  on BlockData (BlockMsg, id=1581)
** Event #1312  t=315.02908091301  SupplyChainNetwork.peer[3] (Node, id=7)  on BlockData (BlockMsg, id=1582)
INFO: SECURITY ALERT: Double Spending in Block 44!
** Event #1313  t=315.12908091301  SupplyChainNetwork.peer[2] (Node, id=6)  on BlockData (BlockMsg, id=1584)
** Event #1314  t=315.12908091301  SupplyChainNetwork.peer[3] (Node, id=7)  on BlockData (BlockMsg, id=1585)
INFO: SECURITY ALERT: Double Spending in Block 44!
** Event #1315  t=320  SupplyChainNetwork.peer[3] (Node, id=7)  on selfmsg LivenessTimer (omnetpp::cMessage, id=26)
** Event #1316  t=320.1  SupplyChainNetwork.seed[1] (Node, id=3)  on LivenessPing (GossipMsg, id=1587)
** Event #1317  t=320.1  SupplyChainNetwork.peer[2] (Node, id=6)  on LivenessPing (GossipMsg, id=1588)
** Event #1318  t=320.1  SupplyChainNetwork.peer[4] (Node, id=8)  on LivenessPing (GossipMsg, id=1589)
** Event #1319  t=322.483099890246  SupplyChainNetwork.peer[1] (Node, id=5)  on selfmsg MiningTimer (omnetpp::cMessage, id=15)
INFO: MINED BLOCK 45 | Root: 16fb526d
** Event #1320  t=322.583099890246  SupplyChainNetwork.seed[0] (Node, id=2)  on BlockData (BlockMsg, id=1592)
INFO: Received longer chain (Block 45). Switching...
** Event #1321  t=322.583099890246  SupplyChainNetwork.peer[0] (Node, id=4)  on BlockData (BlockMsg, id=1593)
INFO: Received longer chain (Block 45). Switching...
** Event #1322  t=322.583099890246  SupplyChainNetwork.peer[2] (Node, id=6)  on BlockData (BlockMsg, id=1594)
INFO: Received longer chain (Block 45). Switching...
** Event #1323  t=322.683099890246  SupplyChainNetwork.peer[0] (Node, id=4)  on BlockData (BlockMsg, id=1596)
** Event #1324  t=322.683099890246  SupplyChainNetwork.peer[4] (Node, id=8)  on BlockData (BlockMsg, id=1597)
** Event #1325  t=322.683099890246  SupplyChainNetwork.seed[1] (Node, id=3)  on BlockData (BlockMsg, id=1598)
INFO: Received longer chain (Block 45). Switching...
** Event #1326  t=322.683099890246  SupplyChainNetwork.seed[0] (Node, id=2)  on BlockData (BlockMsg, id=1600)
** Event #1327  t=322.683099890246  SupplyChainNetwork.peer[4] (Node, id=8)  on BlockData (BlockMsg, id=1601)
** Event #1328  t=322.683099890246  SupplyChainNetwork.seed[1] (Node, id=3)  on BlockData (BlockMsg, id=1603)
** Event #1329  t=322.683099890246  SupplyChainNetwork.peer[3] (Node, id=7)  on BlockData (BlockMsg, id=1604)
INFO: SECURITY ALERT: Double Spending in Block 45!
** Event #1330  t=322.783099890246  SupplyChainNetwork.peer[2] (Node, id=6)  on BlockData (BlockMsg, id=1606)
** Event #1331  t=322.783099890246  SupplyChainNetwork.peer[3] (Node, id=7)  on BlockData (BlockMsg, id=1607)
INFO: SECURITY ALERT: Double Spending in Block 45!
** Event #1332  t=323.90904791989  SupplyChainNetwork.peer[0] (Node, id=4)  on selfmsg MiningTimer (omnetpp::cMessage, id=10)
INFO: MINED BLOCK 46 | Root: 57e25762
** Event #1333  t=324.00904791989  SupplyChainNetwork.seed[0] (Node, id=2)  on BlockData (BlockMsg, id=1610)
INFO: Received longer chain (Block 46). Switching...
** Event #1334  t=324.00904791989  SupplyChainNetwork.peer[1] (Node, id=5)  on BlockData (BlockMsg, id=1611)
INFO: Received longer chain (Block 46). Switching...
** Event #1335  t=324.00904791989  SupplyChainNetwork.peer[4] (Node, id=8)  on BlockData (BlockMsg, id=1612)
** Event #1336  t=324.10904791989  SupplyChainNetwork.peer[1] (Node, id=5)  on BlockData (BlockMsg, id=1614)
** Event #1337  t=324.10904791989  SupplyChainNetwork.peer[4] (Node, id=8)  on BlockData (BlockMsg, id=1615)
** Event #1338  t=324.10904791989  SupplyChainNetwork.seed[1] (Node, id=3)  on BlockData (BlockMsg, id=1616)
INFO: Received longer chain (Block 46). Switching...
** Event #1339  t=324.10904791989  SupplyChainNetwork.seed[0] (Node, id=2)  on BlockData (BlockMsg, id=1618)
** Event #1340  t=324.10904791989  SupplyChainNetwork.peer[2] (Node, id=6)  on BlockData (BlockMsg, id=1619)
INFO: Received longer chain (Block 46). Switching...
** Event #1341  t=324.20904791989  SupplyChainNetwork.peer[2] (Node, id=6)  on BlockData (BlockMsg, id=1621)
** Event #1342  t=324.20904791989  SupplyChainNetwork.peer[3] (Node, id=7)  on BlockData (BlockMsg, id=1622)
INFO: SECURITY ALERT: Double Spending in Block 46!
** Event #1343  t=324.20904791989  SupplyChainNetwork.seed[1] (Node, id=3)  on BlockData (BlockMsg, id=1624)
** Event #1344  t=324.20904791989  SupplyChainNetwork.peer[3] (Node, id=7)  on BlockData (BlockMsg, id=1625)
INFO: SECURITY ALERT: Double Spending in Block 46!
** Event #1345  t=326  SupplyChainNetwork.seed[0] (Node, id=2)  on selfmsg LivenessTimer (omnetpp::cMessage, id=1)
** Event #1346  t=326  SupplyChainNetwork.seed[1] (Node, id=3)  on selfmsg LivenessTimer (omnetpp::cMessage, id=6)
** Event #1347  t=326  SupplyChainNetwork.peer[0] (Node, id=4)  on selfmsg LivenessTimer (omnetpp::cMessage, id=11)
** Event #1348  t=326  SupplyChainNetwork.peer[1] (Node, id=5)  on selfmsg LivenessTimer (omnetpp::cMessage, id=16)
** Event #1349  t=326  SupplyChainNetwork.peer[2] (Node, id=6)  on selfmsg LivenessTimer (omnetpp::cMessage, id=21)
** Event #1350  t=326.1  SupplyChainNetwork.peer[0] (Node, id=4)  on LivenessPing (GossipMsg, id=1627)
** Event #1351  t=326.1  SupplyChainNetwork.peer[1] (Node, id=5)  on LivenessPing (GossipMsg, id=1628)
** Event #1352  t=326.1  SupplyChainNetwork.peer[4] (Node, id=8)  on LivenessPing (GossipMsg, id=1629)
** Event #1353  t=326.1  SupplyChainNetwork.seed[1] (Node, id=3)  on LivenessPing (GossipMsg, id=1630)
** Event #1354  t=326.1  SupplyChainNetwork.peer[2] (Node, id=6)  on LivenessPing (GossipMsg, id=1632)
** Event #1355  t=326.1  SupplyChainNetwork.peer[3] (Node, id=7)  on LivenessPing (GossipMsg, id=1633)
** Event #1356  t=326.1  SupplyChainNetwork.seed[0] (Node, id=2)  on LivenessPing (GossipMsg, id=1634)
** Event #1357  t=326.1  SupplyChainNetwork.seed[0] (Node, id=2)  on LivenessPing (GossipMsg, id=1636)
** Event #1358  t=326.1  SupplyChainNetwork.peer[1] (Node, id=5)  on LivenessPing (GossipMsg, id=1637)
** Event #1359  t=326.1  SupplyChainNetwork.peer[4] (Node, id=8)  on LivenessPing (GossipMsg, id=1638)
** Event #1360  t=326.1  SupplyChainNetwork.seed[0] (Node, id=2)  on LivenessPing (GossipMsg, id=1640)
** Event #1361  t=326.1  SupplyChainNetwork.peer[0] (Node, id=4)  on LivenessPing (GossipMsg, id=1641)
** Event #1362  t=326.1  SupplyChainNetwork.peer[2] (Node, id=6)  on LivenessPing (GossipMsg, id=1642)
** Event #1363  t=326.1  SupplyChainNetwork.seed[1] (Node, id=3)  on LivenessPing (GossipMsg, id=1644)
** Event #1364  t=326.1  SupplyChainNetwork.peer[1] (Node, id=5)  on LivenessPing (GossipMsg, id=1645)
** Event #1365  t=326.1  SupplyChainNetwork.peer[3] (Node, id=7)  on LivenessPing (GossipMsg, id=1646)
** Event #1366  t=333  SupplyChainNetwork.peer[3] (Node, id=7)  on selfmsg LivenessTimer (omnetpp::cMessage, id=26)
** Event #1367  t=333.1  SupplyChainNetwork.seed[1] (Node, id=3)  on LivenessPing (GossipMsg, id=1648)
** Event #1368  t=333.1  SupplyChainNetwork.peer[2] (Node, id=6)  on LivenessPing (GossipMsg, id=1649)
** Event #1369  t=333.1  SupplyChainNetwork.peer[4] (Node, id=8)  on LivenessPing (GossipMsg, id=1650)
** Event #1370  t=338.097641613817  SupplyChainNetwork.peer[3] (Node, id=7)  on selfmsg MiningTimer (omnetpp::cMessage, id=25)
INFO: MINED BLOCK 23 | Root: cddc3091
** Event #1371  t=338.197641613817  SupplyChainNetwork.seed[1] (Node, id=3)  on BlockData (BlockMsg, id=1653)
INFO: SECURITY ALERT: Double Spending in Block 23!
** Event #1372  t=338.197641613817  SupplyChainNetwork.peer[2] (Node, id=6)  on BlockData (BlockMsg, id=1654)
INFO: SECURITY ALERT: Double Spending in Block 23!
** Event #1373  t=338.197641613817  SupplyChainNetwork.peer[4] (Node, id=8)  on BlockData (BlockMsg, id=1655)
** Event #1374  t=339  SupplyChainNetwork.seed[0] (Node, id=2)  on selfmsg LivenessTimer (omnetpp::cMessage, id=1)
** Event #1375  t=339  SupplyChainNetwork.seed[1] (Node, id=3)  on selfmsg LivenessTimer (omnetpp::cMessage, id=6)
** Event #1376  t=339  SupplyChainNetwork.peer[0] (Node, id=4)  on selfmsg LivenessTimer (omnetpp::cMessage, id=11)
** Event #1377  t=339  SupplyChainNetwork.peer[1] (Node, id=5)  on selfmsg LivenessTimer (omnetpp::cMessage, id=16)
** Event #1378  t=339  SupplyChainNetwork.peer[2] (Node, id=6)  on selfmsg LivenessTimer (omnetpp::cMessage, id=21)
** Event #1379  t=339.1  SupplyChainNetwork.peer[0] (Node, id=4)  on LivenessPing (GossipMsg, id=1657)
** Event #1380  t=339.1  SupplyChainNetwork.peer[1] (Node, id=5)  on LivenessPing (GossipMsg, id=1658)
** Event #1381  t=339.1  SupplyChainNetwork.peer[4] (Node, id=8)  on LivenessPing (GossipMsg, id=1659)
** Event #1382  t=339.1  SupplyChainNetwork.seed[1] (Node, id=3)  on LivenessPing (GossipMsg, id=1660)
** Event #1383  t=339.1  SupplyChainNetwork.peer[2] (Node, id=6)  on LivenessPing (GossipMsg, id=1662)
** Event #1384  t=339.1  SupplyChainNetwork.peer[3] (Node, id=7)  on LivenessPing (GossipMsg, id=1663)
** Event #1385  t=339.1  SupplyChainNetwork.seed[0] (Node, id=2)  on LivenessPing (GossipMsg, id=1664)
** Event #1386  t=339.1  SupplyChainNetwork.seed[0] (Node, id=2)  on LivenessPing (GossipMsg, id=1666)
** Event #1387  t=339.1  SupplyChainNetwork.peer[1] (Node, id=5)  on LivenessPing (GossipMsg, id=1667)
** Event #1388  t=339.1  SupplyChainNetwork.peer[4] (Node, id=8)  on LivenessPing (GossipMsg, id=1668)
** Event #1389  t=339.1  SupplyChainNetwork.seed[0] (Node, id=2)  on LivenessPing (GossipMsg, id=1670)
** Event #1390  t=339.1  SupplyChainNetwork.peer[0] (Node, id=4)  on LivenessPing (GossipMsg, id=1671)
** Event #1391  t=339.1  SupplyChainNetwork.peer[2] (Node, id=6)  on LivenessPing (GossipMsg, id=1672)
** Event #1392  t=339.1  SupplyChainNetwork.seed[1] (Node, id=3)  on LivenessPing (GossipMsg, id=1674)
** Event #1393  t=339.1  SupplyChainNetwork.peer[1] (Node, id=5)  on LivenessPing (GossipMsg, id=1675)
** Event #1394  t=339.1  SupplyChainNetwork.peer[3] (Node, id=7)  on LivenessPing (GossipMsg, id=1676)
** Event #1395  t=340.665918241213  SupplyChainNetwork.peer[1] (Node, id=5)  on selfmsg MiningTimer (omnetpp::cMessage, id=15)
INFO: MINED BLOCK 47 | Root: 96740e05
** Event #1396  t=340.765918241213  SupplyChainNetwork.seed[0] (Node, id=2)  on BlockData (BlockMsg, id=1679)
INFO: Received longer chain (Block 47). Switching...
** Event #1397  t=340.765918241213  SupplyChainNetwork.peer[0] (Node, id=4)  on BlockData (BlockMsg, id=1680)
INFO: Received longer chain (Block 47). Switching...
** Event #1398  t=340.765918241213  SupplyChainNetwork.peer[2] (Node, id=6)  on BlockData (BlockMsg, id=1681)
INFO: Received longer chain (Block 47). Switching...
** Event #1399  t=340.865918241213  SupplyChainNetwork.peer[0] (Node, id=4)  on BlockData (BlockMsg, id=1683)
** Event #1400  t=340.865918241213  SupplyChainNetwork.peer[4] (Node, id=8)  on BlockData (BlockMsg, id=1684)
** Event #1401  t=340.865918241213  SupplyChainNetwork.seed[1] (Node, id=3)  on BlockData (BlockMsg, id=1685)
INFO: Received longer chain (Block 47). Switching...
** Event #1402  t=340.865918241213  SupplyChainNetwork.seed[0] (Node, id=2)  on BlockData (BlockMsg, id=1687)
** Event #1403  t=340.865918241213  SupplyChainNetwork.peer[4] (Node, id=8)  on BlockData (BlockMsg, id=1688)
** Event #1404  t=340.865918241213  SupplyChainNetwork.seed[1] (Node, id=3)  on BlockData (BlockMsg, id=1690)
** Event #1405  t=340.865918241213  SupplyChainNetwork.peer[3] (Node, id=7)  on BlockData (BlockMsg, id=1691)
INFO: SECURITY ALERT: Double Spending in Block 47!
** Event #1406  t=340.965918241213  SupplyChainNetwork.peer[2] (Node, id=6)  on BlockData (BlockMsg, id=1693)
** Event #1407  t=340.965918241213  SupplyChainNetwork.peer[3] (Node, id=7)  on BlockData (BlockMsg, id=1694)
INFO: SECURITY ALERT: Double Spending in Block 47!
** Event #1408  t=346  SupplyChainNetwork.peer[3] (Node, id=7)  on selfmsg LivenessTimer (omnetpp::cMessage, id=26)
INFO: WARNING: Neighbor on gate 2 is DEAD!
** Event #1409  t=346.1  SupplyChainNetwork.seed[1] (Node, id=3)  on LivenessPing (GossipMsg, id=1696)
** Event #1410  t=346.1  SupplyChainNetwork.peer[2] (Node, id=6)  on LivenessPing (GossipMsg, id=1697)
** Event #1411  t=346.1  SupplyChainNetwork.peer[4] (Node, id=8)  on LivenessPing (GossipMsg, id=1698)
** Event #1412  t=346.834215043169  SupplyChainNetwork.peer[1] (Node, id=5)  on selfmsg MiningTimer (omnetpp::cMessage, id=15)
INFO: MINED BLOCK 48 | Root: 4842229f
** Event #1413  t=346.934215043169  SupplyChainNetwork.seed[0] (Node, id=2)  on BlockData (BlockMsg, id=1701)
INFO: Received longer chain (Block 48). Switching...
** Event #1414  t=346.934215043169  SupplyChainNetwork.peer[0] (Node, id=4)  on BlockData (BlockMsg, id=1702)
INFO: Received longer chain (Block 48). Switching...
** Event #1415  t=346.934215043169  SupplyChainNetwork.peer[2] (Node, id=6)  on BlockData (BlockMsg, id=1703)
INFO: Received longer chain (Block 48). Switching...
** Event #1416  t=347.034215043169  SupplyChainNetwork.peer[0] (Node, id=4)  on BlockData (BlockMsg, id=1705)
** Event #1417  t=347.034215043169  SupplyChainNetwork.peer[4] (Node, id=8)  on BlockData (BlockMsg, id=1706)
** Event #1418  t=347.034215043169  SupplyChainNetwork.seed[1] (Node, id=3)  on BlockData (BlockMsg, id=1707)
INFO: Received longer chain (Block 48). Switching...
** Event #1419  t=347.034215043169  SupplyChainNetwork.seed[0] (Node, id=2)  on BlockData (BlockMsg, id=1709)
** Event #1420  t=347.034215043169  SupplyChainNetwork.peer[4] (Node, id=8)  on BlockData (BlockMsg, id=1710)
** Event #1421  t=347.034215043169  SupplyChainNetwork.seed[1] (Node, id=3)  on BlockData (BlockMsg, id=1712)
** Event #1422  t=347.034215043169  SupplyChainNetwork.peer[3] (Node, id=7)  on BlockData (BlockMsg, id=1713)
INFO: SECURITY ALERT: Double Spending in Block 48!
** Event #1423  t=347.134215043169  SupplyChainNetwork.peer[2] (Node, id=6)  on BlockData (BlockMsg, id=1715)
** Event #1424  t=347.134215043169  SupplyChainNetwork.peer[3] (Node, id=7)  on BlockData (BlockMsg, id=1716)
INFO: SECURITY ALERT: Double Spending in Block 48!
** Event #1425  t=348.907221211534  SupplyChainNetwork.peer[0] (Node, id=4)  on selfmsg MiningTimer (omnetpp::cMessage, id=10)
INFO: MINED BLOCK 49 | Root: 79aa9702
** Event #1426  t=349.007221211534  SupplyChainNetwork.seed[0] (Node, id=2)  on BlockData (BlockMsg, id=1719)
INFO: Received longer chain (Block 49). Switching...
** Event #1427  t=349.007221211534  SupplyChainNetwork.peer[1] (Node, id=5)  on BlockData (BlockMsg, id=1720)
INFO: Received longer chain (Block 49). Switching...
** Event #1428  t=349.007221211534  SupplyChainNetwork.peer[4] (Node, id=8)  on BlockData (BlockMsg, id=1721)
** Event #1429  t=349.107221211534  SupplyChainNetwork.peer[1] (Node, id=5)  on BlockData (BlockMsg, id=1723)
** Event #1430  t=349.107221211534  SupplyChainNetwork.peer[4] (Node, id=8)  on BlockData (BlockMsg, id=1724)
** Event #1431  t=349.107221211534  SupplyChainNetwork.seed[1] (Node, id=3)  on BlockData (BlockMsg, id=1725)
INFO: Received longer chain (Block 49). Switching...
** Event #1432  t=349.107221211534  SupplyChainNetwork.seed[0] (Node, id=2)  on BlockData (BlockMsg, id=1727)
** Event #1433  t=349.107221211534  SupplyChainNetwork.peer[2] (Node, id=6)  on BlockData (BlockMsg, id=1728)
INFO: Received longer chain (Block 49). Switching...
** Event #1434  t=349.207221211534  SupplyChainNetwork.peer[2] (Node, id=6)  on BlockData (BlockMsg, id=1730)
** Event #1435  t=349.207221211534  SupplyChainNetwork.peer[3] (Node, id=7)  on BlockData (BlockMsg, id=1731)
INFO: SECURITY ALERT: Double Spending in Block 49!
** Event #1436  t=349.207221211534  SupplyChainNetwork.seed[1] (Node, id=3)  on BlockData (BlockMsg, id=1733)
** Event #1437  t=349.207221211534  SupplyChainNetwork.peer[3] (Node, id=7)  on BlockData (BlockMsg, id=1734)
INFO: SECURITY ALERT: Double Spending in Block 49!
** Event #1438  t=350.742630858326  SupplyChainNetwork.peer[1] (Node, id=5)  on selfmsg MiningTimer (omnetpp::cMessage, id=15)
INFO: MINED BLOCK 50 | Root: 00617b48
** Event #1439  t=350.842630858326  SupplyChainNetwork.seed[0] (Node, id=2)  on BlockData (BlockMsg, id=1737)
INFO: Received longer chain (Block 50). Switching...
** Event #1440  t=350.842630858326  SupplyChainNetwork.peer[0] (Node, id=4)  on BlockData (BlockMsg, id=1738)
INFO: Received longer chain (Block 50). Switching...
** Event #1441  t=350.842630858326  SupplyChainNetwork.peer[2] (Node, id=6)  on BlockData (BlockMsg, id=1739)
INFO: Received longer chain (Block 50). Switching...
** Event #1442  t=350.942630858326  SupplyChainNetwork.peer[0] (Node, id=4)  on BlockData (BlockMsg, id=1741)
** Event #1443  t=350.942630858326  SupplyChainNetwork.peer[4] (Node, id=8)  on BlockData (BlockMsg, id=1742)
** Event #1444  t=350.942630858326  SupplyChainNetwork.seed[1] (Node, id=3)  on BlockData (BlockMsg, id=1743)
INFO: Received longer chain (Block 50). Switching...
** Event #1445  t=350.942630858326  SupplyChainNetwork.seed[0] (Node, id=2)  on BlockData (BlockMsg, id=1745)
** Event #1446  t=350.942630858326  SupplyChainNetwork.peer[4] (Node, id=8)  on BlockData (BlockMsg, id=1746)
** Event #1447  t=350.942630858326  SupplyChainNetwork.seed[1] (Node, id=3)  on BlockData (BlockMsg, id=1748)
** Event #1448  t=350.942630858326  SupplyChainNetwork.peer[3] (Node, id=7)  on BlockData (BlockMsg, id=1749)
INFO: SECURITY ALERT: Double Spending in Block 50!
** Event #1449  t=351.030645871608  SupplyChainNetwork.peer[2] (Node, id=6)  on selfmsg MiningTimer (omnetpp::cMessage, id=20)
INFO: MINED BLOCK 51 | Root: 540aa00d
** Event #1450  t=351.042630858326  SupplyChainNetwork.peer[2] (Node, id=6)  on BlockData (BlockMsg, id=1751)
** Event #1451  t=351.042630858326  SupplyChainNetwork.peer[3] (Node, id=7)  on BlockData (BlockMsg, id=1752)
INFO: SECURITY ALERT: Double Spending in Block 50!
** Event #1452  t=351.130645871608  SupplyChainNetwork.seed[1] (Node, id=3)  on BlockData (BlockMsg, id=1755)
INFO: Received longer chain (Block 51). Switching...
** Event #1453  t=351.130645871608  SupplyChainNetwork.peer[1] (Node, id=5)  on BlockData (BlockMsg, id=1756)
INFO: Received longer chain (Block 51). Switching...
** Event #1454  t=351.130645871608  SupplyChainNetwork.peer[3] (Node, id=7)  on BlockData (BlockMsg, id=1757)
INFO: SECURITY ALERT: Double Spending in Block 51!
** Event #1455  t=351.230645871608  SupplyChainNetwork.peer[3] (Node, id=7)  on BlockData (BlockMsg, id=1759)
INFO: SECURITY ALERT: Double Spending in Block 51!
** Event #1456  t=351.230645871608  SupplyChainNetwork.seed[0] (Node, id=2)  on BlockData (BlockMsg, id=1760)
INFO: Received longer chain (Block 51). Switching...
** Event #1457  t=351.230645871608  SupplyChainNetwork.seed[0] (Node, id=2)  on BlockData (BlockMsg, id=1762)
** Event #1458  t=351.230645871608  SupplyChainNetwork.peer[0] (Node, id=4)  on BlockData (BlockMsg, id=1763)
INFO: Received longer chain (Block 51). Switching...
** Event #1459  t=351.330645871608  SupplyChainNetwork.peer[0] (Node, id=4)  on BlockData (BlockMsg, id=1765)
** Event #1460  t=351.330645871608  SupplyChainNetwork.peer[1] (Node, id=5)  on BlockData (BlockMsg, id=1766)
** Event #1461  t=351.330645871608  SupplyChainNetwork.peer[4] (Node, id=8)  on BlockData (BlockMsg, id=1767)
** Event #1462  t=351.330645871608  SupplyChainNetwork.seed[0] (Node, id=2)  on BlockData (BlockMsg, id=1769)
** Event #1463  t=351.330645871608  SupplyChainNetwork.peer[4] (Node, id=8)  on BlockData (BlockMsg, id=1770)
** Event #1464  t=352  SupplyChainNetwork.seed[0] (Node, id=2)  on selfmsg LivenessTimer (omnetpp::cMessage, id=1)
INFO: WARNING: Neighbor on gate 2 is DEAD!
** Event #1465  t=352  SupplyChainNetwork.seed[1] (Node, id=3)  on selfmsg LivenessTimer (omnetpp::cMessage, id=6)
** Event #1466  t=352  SupplyChainNetwork.peer[0] (Node, id=4)  on selfmsg LivenessTimer (omnetpp::cMessage, id=11)
INFO: WARNING: Neighbor on gate 2 is DEAD!
** Event #1467  t=352  SupplyChainNetwork.peer[1] (Node, id=5)  on selfmsg LivenessTimer (omnetpp::cMessage, id=16)
** Event #1468  t=352  SupplyChainNetwork.peer[2] (Node, id=6)  on selfmsg LivenessTimer (omnetpp::cMessage, id=21)
** Event #1469  t=352.1  SupplyChainNetwork.peer[0] (Node, id=4)  on LivenessPing (GossipMsg, id=1772)
** Event #1470  t=352.1  SupplyChainNetwork.peer[1] (Node, id=5)  on LivenessPing (GossipMsg, id=1773)
** Event #1471  t=352.1  SupplyChainNetwork.peer[4] (Node, id=8)  on LivenessPing (GossipMsg, id=1774)
** Event #1472  t=352.1  SupplyChainNetwork.seed[1] (Node, id=3)  on LivenessPing (GossipMsg, id=1775)
** Event #1473  t=352.1  SupplyChainNetwork.peer[2] (Node, id=6)  on LivenessPing (GossipMsg, id=1777)
** Event #1474  t=352.1  SupplyChainNetwork.peer[3] (Node, id=7)  on LivenessPing (GossipMsg, id=1778)
** Event #1475  t=352.1  SupplyChainNetwork.seed[0] (Node, id=2)  on LivenessPing (GossipMsg, id=1779)
** Event #1476  t=352.1  SupplyChainNetwork.seed[0] (Node, id=2)  on LivenessPing (GossipMsg, id=1781)
** Event #1477  t=352.1  SupplyChainNetwork.peer[1] (Node, id=5)  on LivenessPing (GossipMsg, id=1782)
** Event #1478  t=352.1  SupplyChainNetwork.peer[4] (Node, id=8)  on LivenessPing (GossipMsg, id=1783)
** Event #1479  t=352.1  SupplyChainNetwork.seed[0] (Node, id=2)  on LivenessPing (GossipMsg, id=1785)
** Event #1480  t=352.1  SupplyChainNetwork.peer[0] (Node, id=4)  on LivenessPing (GossipMsg, id=1786)
** Event #1481  t=352.1  SupplyChainNetwork.peer[2] (Node, id=6)  on LivenessPing (GossipMsg, id=1787)
** Event #1482  t=352.1  SupplyChainNetwork.seed[1] (Node, id=3)  on LivenessPing (GossipMsg, id=1789)
** Event #1483  t=352.1  SupplyChainNetwork.peer[1] (Node, id=5)  on LivenessPing (GossipMsg, id=1790)
** Event #1484  t=352.1  SupplyChainNetwork.peer[3] (Node, id=7)  on LivenessPing (GossipMsg, id=1791)
** Event #1485  t=354.057260142823  SupplyChainNetwork.peer[0] (Node, id=4)  on selfmsg MiningTimer (omnetpp::cMessage, id=10)
INFO: MINED BLOCK 52 | Root: 7c7be1a4
** Event #1486  t=354.157260142823  SupplyChainNetwork.seed[0] (Node, id=2)  on BlockData (BlockMsg, id=1794)
INFO: Received longer chain (Block 52). Switching...
** Event #1487  t=354.157260142823  SupplyChainNetwork.peer[1] (Node, id=5)  on BlockData (BlockMsg, id=1795)
INFO: Received longer chain (Block 52). Switching...
** Event #1488  t=354.157260142823  SupplyChainNetwork.peer[4] (Node, id=8)  on BlockData (BlockMsg, id=1796)
** Event #1489  t=354.257260142823  SupplyChainNetwork.peer[1] (Node, id=5)  on BlockData (BlockMsg, id=1798)
** Event #1490  t=354.257260142823  SupplyChainNetwork.peer[4] (Node, id=8)  on BlockData (BlockMsg, id=1799)
** Event #1491  t=354.257260142823  SupplyChainNetwork.seed[1] (Node, id=3)  on BlockData (BlockMsg, id=1800)
INFO: Received longer chain (Block 52). Switching...
** Event #1492  t=354.257260142823  SupplyChainNetwork.seed[0] (Node, id=2)  on BlockData (BlockMsg, id=1802)
** Event #1493  t=354.257260142823  SupplyChainNetwork.peer[2] (Node, id=6)  on BlockData (BlockMsg, id=1803)
INFO: Received longer chain (Block 52). Switching...
** Event #1494  t=354.357260142823  SupplyChainNetwork.peer[2] (Node, id=6)  on BlockData (BlockMsg, id=1805)
** Event #1495  t=354.357260142823  SupplyChainNetwork.peer[3] (Node, id=7)  on BlockData (BlockMsg, id=1806)
INFO: SECURITY ALERT: Double Spending in Block 52!
** Event #1496  t=354.357260142823  SupplyChainNetwork.seed[1] (Node, id=3)  on BlockData (BlockMsg, id=1808)
** Event #1497  t=354.357260142823  SupplyChainNetwork.peer[3] (Node, id=7)  on BlockData (BlockMsg, id=1809)
INFO: SECURITY ALERT: Double Spending in Block 52!
** Event #1498  t=359  SupplyChainNetwork.peer[3] (Node, id=7)  on selfmsg LivenessTimer (omnetpp::cMessage, id=26)
** Event #1499  t=359.1  SupplyChainNetwork.seed[1] (Node, id=3)  on LivenessPing (GossipMsg, id=1811)
** Event #1500  t=359.1  SupplyChainNetwork.peer[2] (Node, id=6)  on LivenessPing (GossipMsg, id=1812)
** Event #1501  t=359.1  SupplyChainNetwork.peer[4] (Node, id=8)  on LivenessPing (GossipMsg, id=1813)
** Event #1502  t=365  SupplyChainNetwork.seed[0] (Node, id=2)  on selfmsg LivenessTimer (omnetpp::cMessage, id=1)
** Event #1503  t=365  SupplyChainNetwork.seed[1] (Node, id=3)  on selfmsg LivenessTimer (omnetpp::cMessage, id=6)
** Event #1504  t=365  SupplyChainNetwork.peer[0] (Node, id=4)  on selfmsg LivenessTimer (omnetpp::cMessage, id=11)
** Event #1505  t=365  SupplyChainNetwork.peer[1] (Node, id=5)  on selfmsg LivenessTimer (omnetpp::cMessage, id=16)
** Event #1506  t=365  SupplyChainNetwork.peer[2] (Node, id=6)  on selfmsg LivenessTimer (omnetpp::cMessage, id=21)
** Event #1507  t=365.1  SupplyChainNetwork.peer[0] (Node, id=4)  on LivenessPing (GossipMsg, id=1815)
** Event #1508  t=365.1  SupplyChainNetwork.peer[1] (Node, id=5)  on LivenessPing (GossipMsg, id=1816)
** Event #1509  t=365.1  SupplyChainNetwork.peer[4] (Node, id=8)  on LivenessPing (GossipMsg, id=1817)
** Event #1510  t=365.1  SupplyChainNetwork.seed[1] (Node, id=3)  on LivenessPing (GossipMsg, id=1818)
** Event #1511  t=365.1  SupplyChainNetwork.peer[2] (Node, id=6)  on LivenessPing (GossipMsg, id=1820)
** Event #1512  t=365.1  SupplyChainNetwork.peer[3] (Node, id=7)  on LivenessPing (GossipMsg, id=1821)
** Event #1513  t=365.1  SupplyChainNetwork.seed[0] (Node, id=2)  on LivenessPing (GossipMsg, id=1822)
** Event #1514  t=365.1  SupplyChainNetwork.seed[0] (Node, id=2)  on LivenessPing (GossipMsg, id=1824)
** Event #1515  t=365.1  SupplyChainNetwork.peer[1] (Node, id=5)  on LivenessPing (GossipMsg, id=1825)
** Event #1516  t=365.1  SupplyChainNetwork.peer[4] (Node, id=8)  on LivenessPing (GossipMsg, id=1826)
** Event #1517  t=365.1  SupplyChainNetwork.seed[0] (Node, id=2)  on LivenessPing (GossipMsg, id=1828)
** Event #1518  t=365.1  SupplyChainNetwork.peer[0] (Node, id=4)  on LivenessPing (GossipMsg, id=1829)
** Event #1519  t=365.1  SupplyChainNetwork.peer[2] (Node, id=6)  on LivenessPing (GossipMsg, id=1830)
** Event #1520  t=365.1  SupplyChainNetwork.seed[1] (Node, id=3)  on LivenessPing (GossipMsg, id=1832)
** Event #1521  t=365.1  SupplyChainNetwork.peer[1] (Node, id=5)  on LivenessPing (GossipMsg, id=1833)
** Event #1522  t=365.1  SupplyChainNetwork.peer[3] (Node, id=7)  on LivenessPing (GossipMsg, id=1834)
** Event #1523  t=372  SupplyChainNetwork.peer[3] (Node, id=7)  on selfmsg LivenessTimer (omnetpp::cMessage, id=26)
** Event #1524  t=372.1  SupplyChainNetwork.seed[1] (Node, id=3)  on LivenessPing (GossipMsg, id=1836)
** Event #1525  t=372.1  SupplyChainNetwork.peer[2] (Node, id=6)  on LivenessPing (GossipMsg, id=1837)
** Event #1526  t=372.1  SupplyChainNetwork.peer[4] (Node, id=8)  on LivenessPing (GossipMsg, id=1838)
** Event #1527  t=374.892873226412  SupplyChainNetwork.peer[0] (Node, id=4)  on selfmsg MiningTimer (omnetpp::cMessage, id=10)
INFO: MINED BLOCK 53 | Root: 952fb7c4
** Event #1528  t=374.992873226412  SupplyChainNetwork.seed[0] (Node, id=2)  on BlockData (BlockMsg, id=1841)
INFO: Received longer chain (Block 53). Switching...
** Event #1529  t=374.992873226412  SupplyChainNetwork.peer[1] (Node, id=5)  on BlockData (BlockMsg, id=1842)
INFO: Received longer chain (Block 53). Switching...
** Event #1530  t=374.992873226412  SupplyChainNetwork.peer[4] (Node, id=8)  on BlockData (BlockMsg, id=1843)
** Event #1531  t=375.092873226412  SupplyChainNetwork.peer[1] (Node, id=5)  on BlockData (BlockMsg, id=1845)
** Event #1532  t=375.092873226412  SupplyChainNetwork.peer[4] (Node, id=8)  on BlockData (BlockMsg, id=1846)
** Event #1533  t=375.092873226412  SupplyChainNetwork.seed[1] (Node, id=3)  on BlockData (BlockMsg, id=1847)
INFO: Received longer chain (Block 53). Switching...
** Event #1534  t=375.092873226412  SupplyChainNetwork.seed[0] (Node, id=2)  on BlockData (BlockMsg, id=1849)
** Event #1535  t=375.092873226412  SupplyChainNetwork.peer[2] (Node, id=6)  on BlockData (BlockMsg, id=1850)
INFO: Received longer chain (Block 53). Switching...
** Event #1536  t=375.192873226412  SupplyChainNetwork.peer[2] (Node, id=6)  on BlockData (BlockMsg, id=1852)
** Event #1537  t=375.192873226412  SupplyChainNetwork.peer[3] (Node, id=7)  on BlockData (BlockMsg, id=1853)
INFO: SECURITY ALERT: Double Spending in Block 53!
** Event #1538  t=375.192873226412  SupplyChainNetwork.seed[1] (Node, id=3)  on BlockData (BlockMsg, id=1855)
** Event #1539  t=375.192873226412  SupplyChainNetwork.peer[3] (Node, id=7)  on BlockData (BlockMsg, id=1856)
INFO: SECURITY ALERT: Double Spending in Block 53!
** Event #1540  t=378  SupplyChainNetwork.seed[0] (Node, id=2)  on selfmsg LivenessTimer (omnetpp::cMessage, id=1)
** Event #1541  t=378  SupplyChainNetwork.seed[1] (Node, id=3)  on selfmsg LivenessTimer (omnetpp::cMessage, id=6)
** Event #1542  t=378  SupplyChainNetwork.peer[0] (Node, id=4)  on selfmsg LivenessTimer (omnetpp::cMessage, id=11)
** Event #1543  t=378  SupplyChainNetwork.peer[1] (Node, id=5)  on selfmsg LivenessTimer (omnetpp::cMessage, id=16)
** Event #1544  t=378  SupplyChainNetwork.peer[2] (Node, id=6)  on selfmsg LivenessTimer (omnetpp::cMessage, id=21)
** Event #1545  t=378.1  SupplyChainNetwork.peer[0] (Node, id=4)  on LivenessPing (GossipMsg, id=1858)
** Event #1546  t=378.1  SupplyChainNetwork.peer[1] (Node, id=5)  on LivenessPing (GossipMsg, id=1859)
** Event #1547  t=378.1  SupplyChainNetwork.peer[4] (Node, id=8)  on LivenessPing (GossipMsg, id=1860)
** Event #1548  t=378.1  SupplyChainNetwork.seed[1] (Node, id=3)  on LivenessPing (GossipMsg, id=1861)
** Event #1549  t=378.1  SupplyChainNetwork.peer[2] (Node, id=6)  on LivenessPing (GossipMsg, id=1863)
** Event #1550  t=378.1  SupplyChainNetwork.peer[3] (Node, id=7)  on LivenessPing (GossipMsg, id=1864)
** Event #1551  t=378.1  SupplyChainNetwork.seed[0] (Node, id=2)  on LivenessPing (GossipMsg, id=1865)
** Event #1552  t=378.1  SupplyChainNetwork.seed[0] (Node, id=2)  on LivenessPing (GossipMsg, id=1867)
** Event #1553  t=378.1  SupplyChainNetwork.peer[1] (Node, id=5)  on LivenessPing (GossipMsg, id=1868)
** Event #1554  t=378.1  SupplyChainNetwork.peer[4] (Node, id=8)  on LivenessPing (GossipMsg, id=1869)
** Event #1555  t=378.1  SupplyChainNetwork.seed[0] (Node, id=2)  on LivenessPing (GossipMsg, id=1871)
** Event #1556  t=378.1  SupplyChainNetwork.peer[0] (Node, id=4)  on LivenessPing (GossipMsg, id=1872)
** Event #1557  t=378.1  SupplyChainNetwork.peer[2] (Node, id=6)  on LivenessPing (GossipMsg, id=1873)
** Event #1558  t=378.1  SupplyChainNetwork.seed[1] (Node, id=3)  on LivenessPing (GossipMsg, id=1875)
** Event #1559  t=378.1  SupplyChainNetwork.peer[1] (Node, id=5)  on LivenessPing (GossipMsg, id=1876)
** Event #1560  t=378.1  SupplyChainNetwork.peer[3] (Node, id=7)  on LivenessPing (GossipMsg, id=1877)
** Event #1561  t=378.162452063961  SupplyChainNetwork.peer[3] (Node, id=7)  on selfmsg MiningTimer (omnetpp::cMessage, id=25)
INFO: MINED BLOCK 24 | Root: 7c1ffca9
** Event #1562  t=378.262452063961  SupplyChainNetwork.seed[1] (Node, id=3)  on BlockData (BlockMsg, id=1880)
INFO: SECURITY ALERT: Double Spending in Block 24!
** Event #1563  t=378.262452063961  SupplyChainNetwork.peer[2] (Node, id=6)  on BlockData (BlockMsg, id=1881)
INFO: SECURITY ALERT: Double Spending in Block 24!
** Event #1564  t=378.262452063961  SupplyChainNetwork.peer[4] (Node, id=8)  on BlockData (BlockMsg, id=1882)
** Event #1565  t=379.139881997757  SupplyChainNetwork.peer[2] (Node, id=6)  on selfmsg MiningTimer (omnetpp::cMessage, id=20)
INFO: MINED BLOCK 54 | Root: 762cff19
** Event #1566  t=379.239881997757  SupplyChainNetwork.seed[1] (Node, id=3)  on BlockData (BlockMsg, id=1885)
INFO: Received longer chain (Block 54). Switching...
** Event #1567  t=379.239881997757  SupplyChainNetwork.peer[1] (Node, id=5)  on BlockData (BlockMsg, id=1886)
INFO: Received longer chain (Block 54). Switching...
** Event #1568  t=379.239881997757  SupplyChainNetwork.peer[3] (Node, id=7)  on BlockData (BlockMsg, id=1887)
INFO: SECURITY ALERT: Double Spending in Block 54!
** Event #1569  t=379.339881997757  SupplyChainNetwork.peer[3] (Node, id=7)  on BlockData (BlockMsg, id=1889)
INFO: SECURITY ALERT: Double Spending in Block 54!
** Event #1570  t=379.339881997757  SupplyChainNetwork.seed[0] (Node, id=2)  on BlockData (BlockMsg, id=1890)
INFO: Received longer chain (Block 54). Switching...
** Event #1571  t=379.339881997757  SupplyChainNetwork.seed[0] (Node, id=2)  on BlockData (BlockMsg, id=1892)
** Event #1572  t=379.339881997757  SupplyChainNetwork.peer[0] (Node, id=4)  on BlockData (BlockMsg, id=1893)
INFO: Received longer chain (Block 54). Switching...
** Event #1573  t=379.439881997757  SupplyChainNetwork.peer[0] (Node, id=4)  on BlockData (BlockMsg, id=1895)
** Event #1574  t=379.439881997757  SupplyChainNetwork.peer[1] (Node, id=5)  on BlockData (BlockMsg, id=1896)
** Event #1575  t=379.439881997757  SupplyChainNetwork.peer[4] (Node, id=8)  on BlockData (BlockMsg, id=1897)
** Event #1576  t=379.439881997757  SupplyChainNetwork.seed[0] (Node, id=2)  on BlockData (BlockMsg, id=1899)
** Event #1577  t=379.439881997757  SupplyChainNetwork.peer[4] (Node, id=8)  on BlockData (BlockMsg, id=1900)
** Event #1578  t=379.74613117367  SupplyChainNetwork.peer[0] (Node, id=4)  on selfmsg MiningTimer (omnetpp::cMessage, id=10)
INFO: MINED BLOCK 55 | Root: 63846ba7
** Event #1579  t=379.84613117367  SupplyChainNetwork.seed[0] (Node, id=2)  on BlockData (BlockMsg, id=1903)
INFO: Received longer chain (Block 55). Switching...
** Event #1580  t=379.84613117367  SupplyChainNetwork.peer[1] (Node, id=5)  on BlockData (BlockMsg, id=1904)
INFO: Received longer chain (Block 55). Switching...
** Event #1581  t=379.84613117367  SupplyChainNetwork.peer[4] (Node, id=8)  on BlockData (BlockMsg, id=1905)
** Event #1582  t=379.94613117367  SupplyChainNetwork.peer[1] (Node, id=5)  on BlockData (BlockMsg, id=1907)
** Event #1583  t=379.94613117367  SupplyChainNetwork.peer[4] (Node, id=8)  on BlockData (BlockMsg, id=1908)
** Event #1584  t=379.94613117367  SupplyChainNetwork.seed[1] (Node, id=3)  on BlockData (BlockMsg, id=1909)
INFO: Received longer chain (Block 55). Switching...
** Event #1585  t=379.94613117367  SupplyChainNetwork.seed[0] (Node, id=2)  on BlockData (BlockMsg, id=1911)
** Event #1586  t=379.94613117367  SupplyChainNetwork.peer[2] (Node, id=6)  on BlockData (BlockMsg, id=1912)
INFO: Received longer chain (Block 55). Switching...
** Event #1587  t=380.04613117367  SupplyChainNetwork.peer[2] (Node, id=6)  on BlockData (BlockMsg, id=1914)
** Event #1588  t=380.04613117367  SupplyChainNetwork.peer[3] (Node, id=7)  on BlockData (BlockMsg, id=1915)
INFO: SECURITY ALERT: Double Spending in Block 55!
** Event #1589  t=380.04613117367  SupplyChainNetwork.seed[1] (Node, id=3)  on BlockData (BlockMsg, id=1917)
** Event #1590  t=380.04613117367  SupplyChainNetwork.peer[3] (Node, id=7)  on BlockData (BlockMsg, id=1918)
INFO: SECURITY ALERT: Double Spending in Block 55!
** Event #1591  t=383.351176213366  SupplyChainNetwork.peer[0] (Node, id=4)  on selfmsg MiningTimer (omnetpp::cMessage, id=10)
INFO: MINED BLOCK 56 | Root: 8d1b6917
** Event #1592  t=383.445307023213  SupplyChainNetwork.peer[0] (Node, id=4)  on selfmsg MiningTimer (omnetpp::cMessage, id=10)
INFO: MINED BLOCK 57 | Root: 1a5f107c
** Event #1593  t=383.451176213366  SupplyChainNetwork.seed[0] (Node, id=2)  on BlockData (BlockMsg, id=1921)
INFO: Received longer chain (Block 56). Switching...
** Event #1594  t=383.451176213366  SupplyChainNetwork.peer[1] (Node, id=5)  on BlockData (BlockMsg, id=1922)
INFO: Received longer chain (Block 56). Switching...
** Event #1595  t=383.451176213366  SupplyChainNetwork.peer[4] (Node, id=8)  on BlockData (BlockMsg, id=1923)
** Event #1596  t=383.545307023213  SupplyChainNetwork.seed[0] (Node, id=2)  on BlockData (BlockMsg, id=1926)
INFO: Received longer chain (Block 57). Switching...
** Event #1597  t=383.545307023213  SupplyChainNetwork.peer[1] (Node, id=5)  on BlockData (BlockMsg, id=1927)
INFO: Received longer chain (Block 57). Switching...
** Event #1598  t=383.545307023213  SupplyChainNetwork.peer[4] (Node, id=8)  on BlockData (BlockMsg, id=1928)
** Event #1599  t=383.551176213366  SupplyChainNetwork.peer[1] (Node, id=5)  on BlockData (BlockMsg, id=1930)
** Event #1600  t=383.551176213366  SupplyChainNetwork.peer[4] (Node, id=8)  on BlockData (BlockMsg, id=1931)
** Event #1601  t=383.551176213366  SupplyChainNetwork.seed[1] (Node, id=3)  on BlockData (BlockMsg, id=1932)
INFO: Received longer chain (Block 56). Switching...
** Event #1602  t=383.551176213366  SupplyChainNetwork.seed[0] (Node, id=2)  on BlockData (BlockMsg, id=1934)
** Event #1603  t=383.551176213366  SupplyChainNetwork.peer[2] (Node, id=6)  on BlockData (BlockMsg, id=1935)
INFO: Received longer chain (Block 56). Switching...
** Event #1604  t=383.645307023213  SupplyChainNetwork.peer[1] (Node, id=5)  on BlockData (BlockMsg, id=1937)
** Event #1605  t=383.645307023213  SupplyChainNetwork.peer[4] (Node, id=8)  on BlockData (BlockMsg, id=1938)
** Event #1606  t=383.645307023213  SupplyChainNetwork.seed[1] (Node, id=3)  on BlockData (BlockMsg, id=1939)
INFO: Received longer chain (Block 57). Switching...
** Event #1607  t=383.645307023213  SupplyChainNetwork.seed[0] (Node, id=2)  on BlockData (BlockMsg, id=1941)
** Event #1608  t=383.645307023213  SupplyChainNetwork.peer[2] (Node, id=6)  on BlockData (BlockMsg, id=1942)
INFO: Received longer chain (Block 57). Switching...
** Event #1609  t=383.651176213366  SupplyChainNetwork.peer[2] (Node, id=6)  on BlockData (BlockMsg, id=1944)
** Event #1610  t=383.651176213366  SupplyChainNetwork.peer[3] (Node, id=7)  on BlockData (BlockMsg, id=1945)
INFO: SECURITY ALERT: Double Spending in Block 56!
** Event #1611  t=383.651176213366  SupplyChainNetwork.seed[1] (Node, id=3)  on BlockData (BlockMsg, id=1947)
** Event #1612  t=383.651176213366  SupplyChainNetwork.peer[3] (Node, id=7)  on BlockData (BlockMsg, id=1948)
INFO: SECURITY ALERT: Double Spending in Block 56!
** Event #1613  t=383.745307023213  SupplyChainNetwork.peer[2] (Node, id=6)  on BlockData (BlockMsg, id=1950)
** Event #1614  t=383.745307023213  SupplyChainNetwork.peer[3] (Node, id=7)  on BlockData (BlockMsg, id=1951)
INFO: SECURITY ALERT: Double Spending in Block 57!
** Event #1615  t=383.745307023213  SupplyChainNetwork.seed[1] (Node, id=3)  on BlockData (BlockMsg, id=1953)
** Event #1616  t=383.745307023213  SupplyChainNetwork.peer[3] (Node, id=7)  on BlockData (BlockMsg, id=1954)
INFO: SECURITY ALERT: Double Spending in Block 57!
** Event #1617  t=385  SupplyChainNetwork.peer[3] (Node, id=7)  on selfmsg LivenessTimer (omnetpp::cMessage, id=26)
** Event #1618  t=385.1  SupplyChainNetwork.seed[1] (Node, id=3)  on LivenessPing (GossipMsg, id=1956)
** Event #1619  t=385.1  SupplyChainNetwork.peer[2] (Node, id=6)  on LivenessPing (GossipMsg, id=1957)
** Event #1620  t=385.1  SupplyChainNetwork.peer[4] (Node, id=8)  on LivenessPing (GossipMsg, id=1958)
** Event #1621  t=386.612137147824  SupplyChainNetwork.peer[0] (Node, id=4)  on selfmsg MiningTimer (omnetpp::cMessage, id=10)
INFO: MINED BLOCK 58 | Root: ea8aec70
** Event #1622  t=386.712137147824  SupplyChainNetwork.seed[0] (Node, id=2)  on BlockData (BlockMsg, id=1961)
INFO: Received longer chain (Block 58). Switching...
** Event #1623  t=386.712137147824  SupplyChainNetwork.peer[1] (Node, id=5)  on BlockData (BlockMsg, id=1962)
INFO: Received longer chain (Block 58). Switching...
** Event #1624  t=386.712137147824  SupplyChainNetwork.peer[4] (Node, id=8)  on BlockData (BlockMsg, id=1963)
** Event #1625  t=386.812137147824  SupplyChainNetwork.peer[1] (Node, id=5)  on BlockData (BlockMsg, id=1965)
** Event #1626  t=386.812137147824  SupplyChainNetwork.peer[4] (Node, id=8)  on BlockData (BlockMsg, id=1966)
** Event #1627  t=386.812137147824  SupplyChainNetwork.seed[1] (Node, id=3)  on BlockData (BlockMsg, id=1967)
INFO: Received longer chain (Block 58). Switching...
** Event #1628  t=386.812137147824  SupplyChainNetwork.seed[0] (Node, id=2)  on BlockData (BlockMsg, id=1969)
** Event #1629  t=386.812137147824  SupplyChainNetwork.peer[2] (Node, id=6)  on BlockData (BlockMsg, id=1970)
INFO: Received longer chain (Block 58). Switching...
** Event #1630  t=386.912137147824  SupplyChainNetwork.peer[2] (Node, id=6)  on BlockData (BlockMsg, id=1972)
** Event #1631  t=386.912137147824  SupplyChainNetwork.peer[3] (Node, id=7)  on BlockData (BlockMsg, id=1973)
INFO: SECURITY ALERT: Double Spending in Block 58!
** Event #1632  t=386.912137147824  SupplyChainNetwork.seed[1] (Node, id=3)  on BlockData (BlockMsg, id=1975)
** Event #1633  t=386.912137147824  SupplyChainNetwork.peer[3] (Node, id=7)  on BlockData (BlockMsg, id=1976)
INFO: SECURITY ALERT: Double Spending in Block 58!
** Event #1634  t=388.306454529093  SupplyChainNetwork.peer[3] (Node, id=7)  on selfmsg MiningTimer (omnetpp::cMessage, id=25)
INFO: MINED BLOCK 25 | Root: cf3d6053
** Event #1635  t=388.406454529093  SupplyChainNetwork.seed[1] (Node, id=3)  on BlockData (BlockMsg, id=1979)
INFO: SECURITY ALERT: Double Spending in Block 25!
** Event #1636  t=388.406454529093  SupplyChainNetwork.peer[2] (Node, id=6)  on BlockData (BlockMsg, id=1980)
INFO: SECURITY ALERT: Double Spending in Block 25!
** Event #1637  t=388.406454529093  SupplyChainNetwork.peer[4] (Node, id=8)  on BlockData (BlockMsg, id=1981)
** Event #1638  t=391  SupplyChainNetwork.seed[0] (Node, id=2)  on selfmsg LivenessTimer (omnetpp::cMessage, id=1)
** Event #1639  t=391  SupplyChainNetwork.seed[1] (Node, id=3)  on selfmsg LivenessTimer (omnetpp::cMessage, id=6)
** Event #1640  t=391  SupplyChainNetwork.peer[0] (Node, id=4)  on selfmsg LivenessTimer (omnetpp::cMessage, id=11)
** Event #1641  t=391  SupplyChainNetwork.peer[1] (Node, id=5)  on selfmsg LivenessTimer (omnetpp::cMessage, id=16)
** Event #1642  t=391  SupplyChainNetwork.peer[2] (Node, id=6)  on selfmsg LivenessTimer (omnetpp::cMessage, id=21)
** Event #1643  t=391.1  SupplyChainNetwork.peer[0] (Node, id=4)  on LivenessPing (GossipMsg, id=1983)
** Event #1644  t=391.1  SupplyChainNetwork.peer[1] (Node, id=5)  on LivenessPing (GossipMsg, id=1984)
** Event #1645  t=391.1  SupplyChainNetwork.peer[4] (Node, id=8)  on LivenessPing (GossipMsg, id=1985)
** Event #1646  t=391.1  SupplyChainNetwork.seed[1] (Node, id=3)  on LivenessPing (GossipMsg, id=1986)
** Event #1647  t=391.1  SupplyChainNetwork.peer[2] (Node, id=6)  on LivenessPing (GossipMsg, id=1988)
** Event #1648  t=391.1  SupplyChainNetwork.peer[3] (Node, id=7)  on LivenessPing (GossipMsg, id=1989)
** Event #1649  t=391.1  SupplyChainNetwork.seed[0] (Node, id=2)  on LivenessPing (GossipMsg, id=1990)
** Event #1650  t=391.1  SupplyChainNetwork.seed[0] (Node, id=2)  on LivenessPing (GossipMsg, id=1992)
** Event #1651  t=391.1  SupplyChainNetwork.peer[1] (Node, id=5)  on LivenessPing (GossipMsg, id=1993)
** Event #1652  t=391.1  SupplyChainNetwork.peer[4] (Node, id=8)  on LivenessPing (GossipMsg, id=1994)
** Event #1653  t=391.1  SupplyChainNetwork.seed[0] (Node, id=2)  on LivenessPing (GossipMsg, id=1996)
** Event #1654  t=391.1  SupplyChainNetwork.peer[0] (Node, id=4)  on LivenessPing (GossipMsg, id=1997)
** Event #1655  t=391.1  SupplyChainNetwork.peer[2] (Node, id=6)  on LivenessPing (GossipMsg, id=1998)
** Event #1656  t=391.1  SupplyChainNetwork.seed[1] (Node, id=3)  on LivenessPing (GossipMsg, id=2000)
** Event #1657  t=391.1  SupplyChainNetwork.peer[1] (Node, id=5)  on LivenessPing (GossipMsg, id=2001)
** Event #1658  t=391.1  SupplyChainNetwork.peer[3] (Node, id=7)  on LivenessPing (GossipMsg, id=2002)
** Event #1659  t=393.519071912529  SupplyChainNetwork.peer[1] (Node, id=5)  on selfmsg MiningTimer (omnetpp::cMessage, id=15)
INFO: MINED BLOCK 59 | Root: d3408991
** Event #1660  t=393.619071912529  SupplyChainNetwork.seed[0] (Node, id=2)  on BlockData (BlockMsg, id=2005)
INFO: Received longer chain (Block 59). Switching...
** Event #1661  t=393.619071912529  SupplyChainNetwork.peer[0] (Node, id=4)  on BlockData (BlockMsg, id=2006)
INFO: Received longer chain (Block 59). Switching...
** Event #1662  t=393.619071912529  SupplyChainNetwork.peer[2] (Node, id=6)  on BlockData (BlockMsg, id=2007)
INFO: Received longer chain (Block 59). Switching...
** Event #1663  t=393.719071912529  SupplyChainNetwork.peer[0] (Node, id=4)  on BlockData (BlockMsg, id=2009)
** Event #1664  t=393.719071912529  SupplyChainNetwork.peer[4] (Node, id=8)  on BlockData (BlockMsg, id=2010)
** Event #1665  t=393.719071912529  SupplyChainNetwork.seed[1] (Node, id=3)  on BlockData (BlockMsg, id=2011)
INFO: Received longer chain (Block 59). Switching...
** Event #1666  t=393.719071912529  SupplyChainNetwork.seed[0] (Node, id=2)  on BlockData (BlockMsg, id=2013)
** Event #1667  t=393.719071912529  SupplyChainNetwork.peer[4] (Node, id=8)  on BlockData (BlockMsg, id=2014)
** Event #1668  t=393.719071912529  SupplyChainNetwork.seed[1] (Node, id=3)  on BlockData (BlockMsg, id=2016)
** Event #1669  t=393.719071912529  SupplyChainNetwork.peer[3] (Node, id=7)  on BlockData (BlockMsg, id=2017)
INFO: SECURITY ALERT: Double Spending in Block 59!
** Event #1670  t=393.819071912529  SupplyChainNetwork.peer[2] (Node, id=6)  on BlockData (BlockMsg, id=2019)
** Event #1671  t=393.819071912529  SupplyChainNetwork.peer[3] (Node, id=7)  on BlockData (BlockMsg, id=2020)
INFO: SECURITY ALERT: Double Spending in Block 59!
** Event #1672  t=398  SupplyChainNetwork.peer[3] (Node, id=7)  on selfmsg LivenessTimer (omnetpp::cMessage, id=26)
INFO: WARNING: Neighbor on gate 2 is DEAD!
** Event #1673  t=398.1  SupplyChainNetwork.seed[1] (Node, id=3)  on LivenessPing (GossipMsg, id=2022)
** Event #1674  t=398.1  SupplyChainNetwork.peer[2] (Node, id=6)  on LivenessPing (GossipMsg, id=2023)
** Event #1675  t=398.1  SupplyChainNetwork.peer[4] (Node, id=8)  on LivenessPing (GossipMsg, id=2024)
** Event #1676  t=399.23949136269  SupplyChainNetwork.peer[1] (Node, id=5)  on selfmsg MiningTimer (omnetpp::cMessage, id=15)
INFO: MINED BLOCK 60 | Root: 72153de9
** Event #1677  t=399.33949136269  SupplyChainNetwork.seed[0] (Node, id=2)  on BlockData (BlockMsg, id=2027)
INFO: Received longer chain (Block 60). Switching...
** Event #1678  t=399.33949136269  SupplyChainNetwork.peer[0] (Node, id=4)  on BlockData (BlockMsg, id=2028)
INFO: Received longer chain (Block 60). Switching...
** Event #1679  t=399.33949136269  SupplyChainNetwork.peer[2] (Node, id=6)  on BlockData (BlockMsg, id=2029)
INFO: Received longer chain (Block 60). Switching...
** Event #1680  t=399.43949136269  SupplyChainNetwork.peer[0] (Node, id=4)  on BlockData (BlockMsg, id=2031)
** Event #1681  t=399.43949136269  SupplyChainNetwork.peer[4] (Node, id=8)  on BlockData (BlockMsg, id=2032)
** Event #1682  t=399.43949136269  SupplyChainNetwork.seed[1] (Node, id=3)  on BlockData (BlockMsg, id=2033)
INFO: Received longer chain (Block 60). Switching...
** Event #1683  t=399.43949136269  SupplyChainNetwork.seed[0] (Node, id=2)  on BlockData (BlockMsg, id=2035)
** Event #1684  t=399.43949136269  SupplyChainNetwork.peer[4] (Node, id=8)  on BlockData (BlockMsg, id=2036)
** Event #1685  t=399.43949136269  SupplyChainNetwork.seed[1] (Node, id=3)  on BlockData (BlockMsg, id=2038)
** Event #1686  t=399.43949136269  SupplyChainNetwork.peer[3] (Node, id=7)  on BlockData (BlockMsg, id=2039)
INFO: SECURITY ALERT: Double Spending in Block 60!
** Event #1687  t=399.53949136269  SupplyChainNetwork.peer[2] (Node, id=6)  on BlockData (BlockMsg, id=2041)
** Event #1688  t=399.53949136269  SupplyChainNetwork.peer[3] (Node, id=7)  on BlockData (BlockMsg, id=2042)
INFO: SECURITY ALERT: Double Spending in Block 60!
** Event #1689  t=399.664537598698  SupplyChainNetwork.peer[3] (Node, id=7)  on selfmsg MiningTimer (omnetpp::cMessage, id=25)
INFO: MINED BLOCK 26 | Root: 24041ebd
** Event #1690  t=399.764537598698  SupplyChainNetwork.seed[1] (Node, id=3)  on BlockData (BlockMsg, id=2045)
INFO: SECURITY ALERT: Double Spending in Block 26!
** Event #1691  t=399.764537598698  SupplyChainNetwork.peer[2] (Node, id=6)  on BlockData (BlockMsg, id=2046)
INFO: SECURITY ALERT: Double Spending in Block 26!
** Event #1692  t=399.764537598698  SupplyChainNetwork.peer[4] (Node, id=8)  on BlockData (BlockMsg, id=2047)
** Event #1693  t=404  SupplyChainNetwork.seed[0] (Node, id=2)  on selfmsg LivenessTimer (omnetpp::cMessage, id=1)
INFO: WARNING: Neighbor on gate 2 is DEAD!
** Event #1694  t=404  SupplyChainNetwork.seed[1] (Node, id=3)  on selfmsg LivenessTimer (omnetpp::cMessage, id=6)
** Event #1695  t=404  SupplyChainNetwork.peer[0] (Node, id=4)  on selfmsg LivenessTimer (omnetpp::cMessage, id=11)
INFO: WARNING: Neighbor on gate 2 is DEAD!
** Event #1696  t=404  SupplyChainNetwork.peer[1] (Node, id=5)  on selfmsg LivenessTimer (omnetpp::cMessage, id=16)
** Event #1697  t=404  SupplyChainNetwork.peer[2] (Node, id=6)  on selfmsg LivenessTimer (omnetpp::cMessage, id=21)
** Event #1698  t=404.1  SupplyChainNetwork.peer[0] (Node, id=4)  on LivenessPing (GossipMsg, id=2049)
** Event #1699  t=404.1  SupplyChainNetwork.peer[1] (Node, id=5)  on LivenessPing (GossipMsg, id=2050)
** Event #1700  t=404.1  SupplyChainNetwork.peer[4] (Node, id=8)  on LivenessPing (GossipMsg, id=2051)
** Event #1701  t=404.1  SupplyChainNetwork.seed[1] (Node, id=3)  on LivenessPing (GossipMsg, id=2052)
** Event #1702  t=404.1  SupplyChainNetwork.peer[2] (Node, id=6)  on LivenessPing (GossipMsg, id=2054)
** Event #1703  t=404.1  SupplyChainNetwork.peer[3] (Node, id=7)  on LivenessPing (GossipMsg, id=2055)
** Event #1704  t=404.1  SupplyChainNetwork.seed[0] (Node, id=2)  on LivenessPing (GossipMsg, id=2056)
** Event #1705  t=404.1  SupplyChainNetwork.seed[0] (Node, id=2)  on LivenessPing (GossipMsg, id=2058)
** Event #1706  t=404.1  SupplyChainNetwork.peer[1] (Node, id=5)  on LivenessPing (GossipMsg, id=2059)
** Event #1707  t=404.1  SupplyChainNetwork.peer[4] (Node, id=8)  on LivenessPing (GossipMsg, id=2060)
** Event #1708  t=404.1  SupplyChainNetwork.seed[0] (Node, id=2)  on LivenessPing (GossipMsg, id=2062)
** Event #1709  t=404.1  SupplyChainNetwork.peer[0] (Node, id=4)  on LivenessPing (GossipMsg, id=2063)
** Event #1710  t=404.1  SupplyChainNetwork.peer[2] (Node, id=6)  on LivenessPing (GossipMsg, id=2064)
** Event #1711  t=404.1  SupplyChainNetwork.seed[1] (Node, id=3)  on LivenessPing (GossipMsg, id=2066)
** Event #1712  t=404.1  SupplyChainNetwork.peer[1] (Node, id=5)  on LivenessPing (GossipMsg, id=2067)
** Event #1713  t=404.1  SupplyChainNetwork.peer[3] (Node, id=7)  on LivenessPing (GossipMsg, id=2068)
** Event #1714  t=409.326367494446  SupplyChainNetwork.peer[1] (Node, id=5)  on selfmsg MiningTimer (omnetpp::cMessage, id=15)
INFO: MINED BLOCK 61 | Root: 72846095
** Event #1715  t=409.426367494446  SupplyChainNetwork.seed[0] (Node, id=2)  on BlockData (BlockMsg, id=2071)
INFO: Received longer chain (Block 61). Switching...
** Event #1716  t=409.426367494446  SupplyChainNetwork.peer[0] (Node, id=4)  on BlockData (BlockMsg, id=2072)
INFO: Received longer chain (Block 61). Switching...
** Event #1717  t=409.426367494446  SupplyChainNetwork.peer[2] (Node, id=6)  on BlockData (BlockMsg, id=2073)
INFO: Received longer chain (Block 61). Switching...
** Event #1718  t=409.526367494446  SupplyChainNetwork.peer[0] (Node, id=4)  on BlockData (BlockMsg, id=2075)
** Event #1719  t=409.526367494446  SupplyChainNetwork.peer[4] (Node, id=8)  on BlockData (BlockMsg, id=2076)
** Event #1720  t=409.526367494446  SupplyChainNetwork.seed[1] (Node, id=3)  on BlockData (BlockMsg, id=2077)
INFO: Received longer chain (Block 61). Switching...
** Event #1721  t=409.526367494446  SupplyChainNetwork.seed[0] (Node, id=2)  on BlockData (BlockMsg, id=2079)
** Event #1722  t=409.526367494446  SupplyChainNetwork.peer[4] (Node, id=8)  on BlockData (BlockMsg, id=2080)
** Event #1723  t=409.526367494446  SupplyChainNetwork.seed[1] (Node, id=3)  on BlockData (BlockMsg, id=2082)
** Event #1724  t=409.526367494446  SupplyChainNetwork.peer[3] (Node, id=7)  on BlockData (BlockMsg, id=2083)
INFO: SECURITY ALERT: Double Spending in Block 61!
** Event #1725  t=409.626367494446  SupplyChainNetwork.peer[2] (Node, id=6)  on BlockData (BlockMsg, id=2085)
** Event #1726  t=409.626367494446  SupplyChainNetwork.peer[3] (Node, id=7)  on BlockData (BlockMsg, id=2086)
INFO: SECURITY ALERT: Double Spending in Block 61!
** Event #1727  t=411  SupplyChainNetwork.peer[3] (Node, id=7)  on selfmsg LivenessTimer (omnetpp::cMessage, id=26)
** Event #1728  t=411.1  SupplyChainNetwork.seed[1] (Node, id=3)  on LivenessPing (GossipMsg, id=2088)
** Event #1729  t=411.1  SupplyChainNetwork.peer[2] (Node, id=6)  on LivenessPing (GossipMsg, id=2089)
** Event #1730  t=411.1  SupplyChainNetwork.peer[4] (Node, id=8)  on LivenessPing (GossipMsg, id=2090)
** Event #1731  t=414.474767352268  SupplyChainNetwork.peer[0] (Node, id=4)  on selfmsg MiningTimer (omnetpp::cMessage, id=10)
INFO: MINED BLOCK 62 | Root: b72b3f56
** Event #1732  t=414.574767352268  SupplyChainNetwork.seed[0] (Node, id=2)  on BlockData (BlockMsg, id=2093)
INFO: Received longer chain (Block 62). Switching...
** Event #1733  t=414.574767352268  SupplyChainNetwork.peer[1] (Node, id=5)  on BlockData (BlockMsg, id=2094)
INFO: Received longer chain (Block 62). Switching...
** Event #1734  t=414.574767352268  SupplyChainNetwork.peer[4] (Node, id=8)  on BlockData (BlockMsg, id=2095)
** Event #1735  t=414.674767352268  SupplyChainNetwork.peer[1] (Node, id=5)  on BlockData (BlockMsg, id=2097)
** Event #1736  t=414.674767352268  SupplyChainNetwork.peer[4] (Node, id=8)  on BlockData (BlockMsg, id=2098)
** Event #1737  t=414.674767352268  SupplyChainNetwork.seed[1] (Node, id=3)  on BlockData (BlockMsg, id=2099)
INFO: Received longer chain (Block 62). Switching...
** Event #1738  t=414.674767352268  SupplyChainNetwork.seed[0] (Node, id=2)  on BlockData (BlockMsg, id=2101)
** Event #1739  t=414.674767352268  SupplyChainNetwork.peer[2] (Node, id=6)  on BlockData (BlockMsg, id=2102)
INFO: Received longer chain (Block 62). Switching...
** Event #1740  t=414.774767352268  SupplyChainNetwork.peer[2] (Node, id=6)  on BlockData (BlockMsg, id=2104)
** Event #1741  t=414.774767352268  SupplyChainNetwork.peer[3] (Node, id=7)  on BlockData (BlockMsg, id=2105)
INFO: SECURITY ALERT: Double Spending in Block 62!
** Event #1742  t=414.774767352268  SupplyChainNetwork.seed[1] (Node, id=3)  on BlockData (BlockMsg, id=2107)
** Event #1743  t=414.774767352268  SupplyChainNetwork.peer[3] (Node, id=7)  on BlockData (BlockMsg, id=2108)
INFO: SECURITY ALERT: Double Spending in Block 62!
** Event #1744  t=416.648953829987  SupplyChainNetwork.peer[3] (Node, id=7)  on selfmsg MiningTimer (omnetpp::cMessage, id=25)
INFO: MINED BLOCK 27 | Root: 5600567e
** Event #1745  t=416.748953829987  SupplyChainNetwork.seed[1] (Node, id=3)  on BlockData (BlockMsg, id=2111)
INFO: SECURITY ALERT: Double Spending in Block 27!
** Event #1746  t=416.748953829987  SupplyChainNetwork.peer[2] (Node, id=6)  on BlockData (BlockMsg, id=2112)
INFO: SECURITY ALERT: Double Spending in Block 27!
** Event #1747  t=416.748953829987  SupplyChainNetwork.peer[4] (Node, id=8)  on BlockData (BlockMsg, id=2113)
** Event #1748  t=417  SupplyChainNetwork.seed[0] (Node, id=2)  on selfmsg LivenessTimer (omnetpp::cMessage, id=1)
** Event #1749  t=417  SupplyChainNetwork.seed[1] (Node, id=3)  on selfmsg LivenessTimer (omnetpp::cMessage, id=6)
** Event #1750  t=417  SupplyChainNetwork.peer[0] (Node, id=4)  on selfmsg LivenessTimer (omnetpp::cMessage, id=11)
** Event #1751  t=417  SupplyChainNetwork.peer[1] (Node, id=5)  on selfmsg LivenessTimer (omnetpp::cMessage, id=16)
** Event #1752  t=417  SupplyChainNetwork.peer[2] (Node, id=6)  on selfmsg LivenessTimer (omnetpp::cMessage, id=21)
** Event #1753  t=417.1  SupplyChainNetwork.peer[0] (Node, id=4)  on LivenessPing (GossipMsg, id=2115)
** Event #1754  t=417.1  SupplyChainNetwork.peer[1] (Node, id=5)  on LivenessPing (GossipMsg, id=2116)
** Event #1755  t=417.1  SupplyChainNetwork.peer[4] (Node, id=8)  on LivenessPing (GossipMsg, id=2117)
** Event #1756  t=417.1  SupplyChainNetwork.seed[1] (Node, id=3)  on LivenessPing (GossipMsg, id=2118)
** Event #1757  t=417.1  SupplyChainNetwork.peer[2] (Node, id=6)  on LivenessPing (GossipMsg, id=2120)
** Event #1758  t=417.1  SupplyChainNetwork.peer[3] (Node, id=7)  on LivenessPing (GossipMsg, id=2121)
** Event #1759  t=417.1  SupplyChainNetwork.seed[0] (Node, id=2)  on LivenessPing (GossipMsg, id=2122)
** Event #1760  t=417.1  SupplyChainNetwork.seed[0] (Node, id=2)  on LivenessPing (GossipMsg, id=2124)
** Event #1761  t=417.1  SupplyChainNetwork.peer[1] (Node, id=5)  on LivenessPing (GossipMsg, id=2125)
** Event #1762  t=417.1  SupplyChainNetwork.peer[4] (Node, id=8)  on LivenessPing (GossipMsg, id=2126)
** Event #1763  t=417.1  SupplyChainNetwork.seed[0] (Node, id=2)  on LivenessPing (GossipMsg, id=2128)
** Event #1764  t=417.1  SupplyChainNetwork.peer[0] (Node, id=4)  on LivenessPing (GossipMsg, id=2129)
** Event #1765  t=417.1  SupplyChainNetwork.peer[2] (Node, id=6)  on LivenessPing (GossipMsg, id=2130)
** Event #1766  t=417.1  SupplyChainNetwork.seed[1] (Node, id=3)  on LivenessPing (GossipMsg, id=2132)
** Event #1767  t=417.1  SupplyChainNetwork.peer[1] (Node, id=5)  on LivenessPing (GossipMsg, id=2133)
** Event #1768  t=417.1  SupplyChainNetwork.peer[3] (Node, id=7)  on LivenessPing (GossipMsg, id=2134)
** Event #1769  t=424  SupplyChainNetwork.peer[3] (Node, id=7)  on selfmsg LivenessTimer (omnetpp::cMessage, id=26)
** Event #1770  t=424.1  SupplyChainNetwork.seed[1] (Node, id=3)  on LivenessPing (GossipMsg, id=2136)
** Event #1771  t=424.1  SupplyChainNetwork.peer[2] (Node, id=6)  on LivenessPing (GossipMsg, id=2137)
** Event #1772  t=424.1  SupplyChainNetwork.peer[4] (Node, id=8)  on LivenessPing (GossipMsg, id=2138)
** Event #1773  t=426.527247901312  SupplyChainNetwork.peer[2] (Node, id=6)  on selfmsg MiningTimer (omnetpp::cMessage, id=20)
INFO: MINED BLOCK 63 | Root: e6024fdf
** Event #1774  t=426.627247901312  SupplyChainNetwork.seed[1] (Node, id=3)  on BlockData (BlockMsg, id=2141)
INFO: Received longer chain (Block 63). Switching...
** Event #1775  t=426.627247901312  SupplyChainNetwork.peer[1] (Node, id=5)  on BlockData (BlockMsg, id=2142)
INFO: Received longer chain (Block 63). Switching...
** Event #1776  t=426.627247901312  SupplyChainNetwork.peer[3] (Node, id=7)  on BlockData (BlockMsg, id=2143)
INFO: SECURITY ALERT: Double Spending in Block 63!
** Event #1777  t=426.727247901312  SupplyChainNetwork.peer[3] (Node, id=7)  on BlockData (BlockMsg, id=2145)
INFO: SECURITY ALERT: Double Spending in Block 63!
** Event #1778  t=426.727247901312  SupplyChainNetwork.seed[0] (Node, id=2)  on BlockData (BlockMsg, id=2146)
INFO: Received longer chain (Block 63). Switching...
** Event #1779  t=426.727247901312  SupplyChainNetwork.seed[0] (Node, id=2)  on BlockData (BlockMsg, id=2148)
** Event #1780  t=426.727247901312  SupplyChainNetwork.peer[0] (Node, id=4)  on BlockData (BlockMsg, id=2149)
INFO: Received longer chain (Block 63). Switching...
** Event #1781  t=426.827247901312  SupplyChainNetwork.peer[0] (Node, id=4)  on BlockData (BlockMsg, id=2151)
** Event #1782  t=426.827247901312  SupplyChainNetwork.peer[1] (Node, id=5)  on BlockData (BlockMsg, id=2152)
** Event #1783  t=426.827247901312  SupplyChainNetwork.peer[4] (Node, id=8)  on BlockData (BlockMsg, id=2153)
** Event #1784  t=426.827247901312  SupplyChainNetwork.seed[0] (Node, id=2)  on BlockData (BlockMsg, id=2155)
** Event #1785  t=426.827247901312  SupplyChainNetwork.peer[4] (Node, id=8)  on BlockData (BlockMsg, id=2156)
** Event #1786  t=428.576541716578  SupplyChainNetwork.peer[3] (Node, id=7)  on selfmsg MiningTimer (omnetpp::cMessage, id=25)
INFO: MINED BLOCK 28 | Root: d2f4c4bd
** Event #1787  t=428.676541716578  SupplyChainNetwork.seed[1] (Node, id=3)  on BlockData (BlockMsg, id=2159)
INFO: SECURITY ALERT: Double Spending in Block 28!
** Event #1788  t=428.676541716578  SupplyChainNetwork.peer[2] (Node, id=6)  on BlockData (BlockMsg, id=2160)
INFO: SECURITY ALERT: Double Spending in Block 28!
** Event #1789  t=428.676541716578  SupplyChainNetwork.peer[4] (Node, id=8)  on BlockData (BlockMsg, id=2161)
** Event #1790  t=430  SupplyChainNetwork.seed[0] (Node, id=2)  on selfmsg LivenessTimer (omnetpp::cMessage, id=1)
** Event #1791  t=430  SupplyChainNetwork.seed[1] (Node, id=3)  on selfmsg LivenessTimer (omnetpp::cMessage, id=6)
** Event #1792  t=430  SupplyChainNetwork.peer[0] (Node, id=4)  on selfmsg LivenessTimer (omnetpp::cMessage, id=11)
** Event #1793  t=430  SupplyChainNetwork.peer[1] (Node, id=5)  on selfmsg LivenessTimer (omnetpp::cMessage, id=16)
** Event #1794  t=430  SupplyChainNetwork.peer[2] (Node, id=6)  on selfmsg LivenessTimer (omnetpp::cMessage, id=21)
** Event #1795  t=430.1  SupplyChainNetwork.peer[0] (Node, id=4)  on LivenessPing (GossipMsg, id=2163)
** Event #1796  t=430.1  SupplyChainNetwork.peer[1] (Node, id=5)  on LivenessPing (GossipMsg, id=2164)
** Event #1797  t=430.1  SupplyChainNetwork.peer[4] (Node, id=8)  on LivenessPing (GossipMsg, id=2165)
** Event #1798  t=430.1  SupplyChainNetwork.seed[1] (Node, id=3)  on LivenessPing (GossipMsg, id=2166)
** Event #1799  t=430.1  SupplyChainNetwork.peer[2] (Node, id=6)  on LivenessPing (GossipMsg, id=2168)
** Event #1800  t=430.1  SupplyChainNetwork.peer[3] (Node, id=7)  on LivenessPing (GossipMsg, id=2169)
** Event #1801  t=430.1  SupplyChainNetwork.seed[0] (Node, id=2)  on LivenessPing (GossipMsg, id=2170)
** Event #1802  t=430.1  SupplyChainNetwork.seed[0] (Node, id=2)  on LivenessPing (GossipMsg, id=2172)
** Event #1803  t=430.1  SupplyChainNetwork.peer[1] (Node, id=5)  on LivenessPing (GossipMsg, id=2173)
** Event #1804  t=430.1  SupplyChainNetwork.peer[4] (Node, id=8)  on LivenessPing (GossipMsg, id=2174)
** Event #1805  t=430.1  SupplyChainNetwork.seed[0] (Node, id=2)  on LivenessPing (GossipMsg, id=2176)
** Event #1806  t=430.1  SupplyChainNetwork.peer[0] (Node, id=4)  on LivenessPing (GossipMsg, id=2177)
** Event #1807  t=430.1  SupplyChainNetwork.peer[2] (Node, id=6)  on LivenessPing (GossipMsg, id=2178)
** Event #1808  t=430.1  SupplyChainNetwork.seed[1] (Node, id=3)  on LivenessPing (GossipMsg, id=2180)
** Event #1809  t=430.1  SupplyChainNetwork.peer[1] (Node, id=5)  on LivenessPing (GossipMsg, id=2181)
** Event #1810  t=430.1  SupplyChainNetwork.peer[3] (Node, id=7)  on LivenessPing (GossipMsg, id=2182)
** Event #1811  t=431.04707466382  SupplyChainNetwork.peer[3] (Node, id=7)  on selfmsg MiningTimer (omnetpp::cMessage, id=25)
INFO: MINED BLOCK 29 | Root: 9bcd37f7
** Event #1812  t=431.14707466382  SupplyChainNetwork.seed[1] (Node, id=3)  on BlockData (BlockMsg, id=2185)
INFO: SECURITY ALERT: Double Spending in Block 29!
** Event #1813  t=431.14707466382  SupplyChainNetwork.peer[2] (Node, id=6)  on BlockData (BlockMsg, id=2186)
INFO: SECURITY ALERT: Double Spending in Block 29!
** Event #1814  t=431.14707466382  SupplyChainNetwork.peer[4] (Node, id=8)  on BlockData (BlockMsg, id=2187)
** Event #1815  t=437  SupplyChainNetwork.peer[3] (Node, id=7)  on selfmsg LivenessTimer (omnetpp::cMessage, id=26)
** Event #1816  t=437.1  SupplyChainNetwork.seed[1] (Node, id=3)  on LivenessPing (GossipMsg, id=2189)
** Event #1817  t=437.1  SupplyChainNetwork.peer[2] (Node, id=6)  on LivenessPing (GossipMsg, id=2190)
** Event #1818  t=437.1  SupplyChainNetwork.peer[4] (Node, id=8)  on LivenessPing (GossipMsg, id=2191)
** Event #1819  t=438.107477329303  SupplyChainNetwork.peer[3] (Node, id=7)  on selfmsg MiningTimer (omnetpp::cMessage, id=25)
INFO: MINED BLOCK 30 | Root: de539cde
** Event #1820  t=438.207477329303  SupplyChainNetwork.seed[1] (Node, id=3)  on BlockData (BlockMsg, id=2194)
INFO: SECURITY ALERT: Double Spending in Block 30!
** Event #1821  t=438.207477329303  SupplyChainNetwork.peer[2] (Node, id=6)  on BlockData (BlockMsg, id=2195)
INFO: SECURITY ALERT: Double Spending in Block 30!
** Event #1822  t=438.207477329303  SupplyChainNetwork.peer[4] (Node, id=8)  on BlockData (BlockMsg, id=2196)
** Event #1823  t=443  SupplyChainNetwork.seed[0] (Node, id=2)  on selfmsg LivenessTimer (omnetpp::cMessage, id=1)
** Event #1824  t=443  SupplyChainNetwork.seed[1] (Node, id=3)  on selfmsg LivenessTimer (omnetpp::cMessage, id=6)
** Event #1825  t=443  SupplyChainNetwork.peer[0] (Node, id=4)  on selfmsg LivenessTimer (omnetpp::cMessage, id=11)
** Event #1826  t=443  SupplyChainNetwork.peer[1] (Node, id=5)  on selfmsg LivenessTimer (omnetpp::cMessage, id=16)
** Event #1827  t=443  SupplyChainNetwork.peer[2] (Node, id=6)  on selfmsg LivenessTimer (omnetpp::cMessage, id=21)
** Event #1828  t=443.1  SupplyChainNetwork.peer[0] (Node, id=4)  on LivenessPing (GossipMsg, id=2198)
** Event #1829  t=443.1  SupplyChainNetwork.peer[1] (Node, id=5)  on LivenessPing (GossipMsg, id=2199)
** Event #1830  t=443.1  SupplyChainNetwork.peer[4] (Node, id=8)  on LivenessPing (GossipMsg, id=2200)
** Event #1831  t=443.1  SupplyChainNetwork.seed[1] (Node, id=3)  on LivenessPing (GossipMsg, id=2201)
** Event #1832  t=443.1  SupplyChainNetwork.peer[2] (Node, id=6)  on LivenessPing (GossipMsg, id=2203)
** Event #1833  t=443.1  SupplyChainNetwork.peer[3] (Node, id=7)  on LivenessPing (GossipMsg, id=2204)
** Event #1834  t=443.1  SupplyChainNetwork.seed[0] (Node, id=2)  on LivenessPing (GossipMsg, id=2205)
** Event #1835  t=443.1  SupplyChainNetwork.seed[0] (Node, id=2)  on LivenessPing (GossipMsg, id=2207)
** Event #1836  t=443.1  SupplyChainNetwork.peer[1] (Node, id=5)  on LivenessPing (GossipMsg, id=2208)
** Event #1837  t=443.1  SupplyChainNetwork.peer[4] (Node, id=8)  on LivenessPing (GossipMsg, id=2209)
** Event #1838  t=443.1  SupplyChainNetwork.seed[0] (Node, id=2)  on LivenessPing (GossipMsg, id=2211)
** Event #1839  t=443.1  SupplyChainNetwork.peer[0] (Node, id=4)  on LivenessPing (GossipMsg, id=2212)
** Event #1840  t=443.1  SupplyChainNetwork.peer[2] (Node, id=6)  on LivenessPing (GossipMsg, id=2213)
** Event #1841  t=443.1  SupplyChainNetwork.seed[1] (Node, id=3)  on LivenessPing (GossipMsg, id=2215)
** Event #1842  t=443.1  SupplyChainNetwork.peer[1] (Node, id=5)  on LivenessPing (GossipMsg, id=2216)
** Event #1843  t=443.1  SupplyChainNetwork.peer[3] (Node, id=7)  on LivenessPing (GossipMsg, id=2217)
** Event #1844  t=450  SupplyChainNetwork.peer[3] (Node, id=7)  on selfmsg LivenessTimer (omnetpp::cMessage, id=26)
INFO: WARNING: Neighbor on gate 2 is DEAD!
** Event #1845  t=450.1  SupplyChainNetwork.seed[1] (Node, id=3)  on LivenessPing (GossipMsg, id=2219)
** Event #1846  t=450.1  SupplyChainNetwork.peer[2] (Node, id=6)  on LivenessPing (GossipMsg, id=2220)
** Event #1847  t=450.1  SupplyChainNetwork.peer[4] (Node, id=8)  on LivenessPing (GossipMsg, id=2221)
** Event #1848  t=450.772019246242  SupplyChainNetwork.peer[0] (Node, id=4)  on selfmsg MiningTimer (omnetpp::cMessage, id=10)
INFO: MINED BLOCK 64 | Root: a6f6ac62
** Event #1849  t=450.872019246242  SupplyChainNetwork.seed[0] (Node, id=2)  on BlockData (BlockMsg, id=2224)
INFO: Received longer chain (Block 64). Switching...
** Event #1850  t=450.872019246242  SupplyChainNetwork.peer[1] (Node, id=5)  on BlockData (BlockMsg, id=2225)
INFO: Received longer chain (Block 64). Switching...
** Event #1851  t=450.872019246242  SupplyChainNetwork.peer[4] (Node, id=8)  on BlockData (BlockMsg, id=2226)
** Event #1852  t=450.972019246242  SupplyChainNetwork.peer[1] (Node, id=5)  on BlockData (BlockMsg, id=2228)
** Event #1853  t=450.972019246242  SupplyChainNetwork.peer[4] (Node, id=8)  on BlockData (BlockMsg, id=2229)
** Event #1854  t=450.972019246242  SupplyChainNetwork.seed[1] (Node, id=3)  on BlockData (BlockMsg, id=2230)
INFO: Received longer chain (Block 64). Switching...
** Event #1855  t=450.972019246242  SupplyChainNetwork.seed[0] (Node, id=2)  on BlockData (BlockMsg, id=2232)
** Event #1856  t=450.972019246242  SupplyChainNetwork.peer[2] (Node, id=6)  on BlockData (BlockMsg, id=2233)
INFO: Received longer chain (Block 64). Switching...
** Event #1857  t=451.072019246242  SupplyChainNetwork.peer[2] (Node, id=6)  on BlockData (BlockMsg, id=2235)
** Event #1858  t=451.072019246242  SupplyChainNetwork.peer[3] (Node, id=7)  on BlockData (BlockMsg, id=2236)
INFO: SECURITY ALERT: Double Spending in Block 64!
** Event #1859  t=451.072019246242  SupplyChainNetwork.seed[1] (Node, id=3)  on BlockData (BlockMsg, id=2238)
** Event #1860  t=451.072019246242  SupplyChainNetwork.peer[3] (Node, id=7)  on BlockData (BlockMsg, id=2239)
INFO: SECURITY ALERT: Double Spending in Block 64!
** Event #1861  t=456  SupplyChainNetwork.seed[0] (Node, id=2)  on selfmsg LivenessTimer (omnetpp::cMessage, id=1)
INFO: WARNING: Neighbor on gate 2 is DEAD!
** Event #1862  t=456  SupplyChainNetwork.seed[1] (Node, id=3)  on selfmsg LivenessTimer (omnetpp::cMessage, id=6)
** Event #1863  t=456  SupplyChainNetwork.peer[0] (Node, id=4)  on selfmsg LivenessTimer (omnetpp::cMessage, id=11)
INFO: WARNING: Neighbor on gate 2 is DEAD!
** Event #1864  t=456  SupplyChainNetwork.peer[1] (Node, id=5)  on selfmsg LivenessTimer (omnetpp::cMessage, id=16)
** Event #1865  t=456  SupplyChainNetwork.peer[2] (Node, id=6)  on selfmsg LivenessTimer (omnetpp::cMessage, id=21)
** Event #1866  t=456.1  SupplyChainNetwork.peer[0] (Node, id=4)  on LivenessPing (GossipMsg, id=2241)
** Event #1867  t=456.1  SupplyChainNetwork.peer[1] (Node, id=5)  on LivenessPing (GossipMsg, id=2242)
** Event #1868  t=456.1  SupplyChainNetwork.peer[4] (Node, id=8)  on LivenessPing (GossipMsg, id=2243)
** Event #1869  t=456.1  SupplyChainNetwork.seed[1] (Node, id=3)  on LivenessPing (GossipMsg, id=2244)
** Event #1870  t=456.1  SupplyChainNetwork.peer[2] (Node, id=6)  on LivenessPing (GossipMsg, id=2246)
** Event #1871  t=456.1  SupplyChainNetwork.peer[3] (Node, id=7)  on LivenessPing (GossipMsg, id=2247)
** Event #1872  t=456.1  SupplyChainNetwork.seed[0] (Node, id=2)  on LivenessPing (GossipMsg, id=2248)
** Event #1873  t=456.1  SupplyChainNetwork.seed[0] (Node, id=2)  on LivenessPing (GossipMsg, id=2250)
** Event #1874  t=456.1  SupplyChainNetwork.peer[1] (Node, id=5)  on LivenessPing (GossipMsg, id=2251)
** Event #1875  t=456.1  SupplyChainNetwork.peer[4] (Node, id=8)  on LivenessPing (GossipMsg, id=2252)
** Event #1876  t=456.1  SupplyChainNetwork.seed[0] (Node, id=2)  on LivenessPing (GossipMsg, id=2254)
** Event #1877  t=456.1  SupplyChainNetwork.peer[0] (Node, id=4)  on LivenessPing (GossipMsg, id=2255)
** Event #1878  t=456.1  SupplyChainNetwork.peer[2] (Node, id=6)  on LivenessPing (GossipMsg, id=2256)
** Event #1879  t=456.1  SupplyChainNetwork.seed[1] (Node, id=3)  on LivenessPing (GossipMsg, id=2258)
** Event #1880  t=456.1  SupplyChainNetwork.peer[1] (Node, id=5)  on LivenessPing (GossipMsg, id=2259)
** Event #1881  t=456.1  SupplyChainNetwork.peer[3] (Node, id=7)  on LivenessPing (GossipMsg, id=2260)
** Event #1882  t=461.072394201335  SupplyChainNetwork.peer[2] (Node, id=6)  on selfmsg MiningTimer (omnetpp::cMessage, id=20)
INFO: MINED BLOCK 65 | Root: 837fe5ce
** Event #1883  t=461.172394201335  SupplyChainNetwork.seed[1] (Node, id=3)  on BlockData (BlockMsg, id=2263)
INFO: Received longer chain (Block 65). Switching...
** Event #1884  t=461.172394201335  SupplyChainNetwork.peer[1] (Node, id=5)  on BlockData (BlockMsg, id=2264)
INFO: Received longer chain (Block 65). Switching...
** Event #1885  t=461.172394201335  SupplyChainNetwork.peer[3] (Node, id=7)  on BlockData (BlockMsg, id=2265)
INFO: SECURITY ALERT: Double Spending in Block 65!
** Event #1886  t=461.272394201335  SupplyChainNetwork.peer[3] (Node, id=7)  on BlockData (BlockMsg, id=2267)
INFO: SECURITY ALERT: Double Spending in Block 65!
** Event #1887  t=461.272394201335  SupplyChainNetwork.seed[0] (Node, id=2)  on BlockData (BlockMsg, id=2268)
INFO: Received longer chain (Block 65). Switching...
** Event #1888  t=461.272394201335  SupplyChainNetwork.seed[0] (Node, id=2)  on BlockData (BlockMsg, id=2270)
** Event #1889  t=461.272394201335  SupplyChainNetwork.peer[0] (Node, id=4)  on BlockData (BlockMsg, id=2271)
INFO: Received longer chain (Block 65). Switching...
** Event #1890  t=461.372394201335  SupplyChainNetwork.peer[0] (Node, id=4)  on BlockData (BlockMsg, id=2273)
** Event #1891  t=461.372394201335  SupplyChainNetwork.peer[1] (Node, id=5)  on BlockData (BlockMsg, id=2274)
** Event #1892  t=461.372394201335  SupplyChainNetwork.peer[4] (Node, id=8)  on BlockData (BlockMsg, id=2275)
** Event #1893  t=461.372394201335  SupplyChainNetwork.seed[0] (Node, id=2)  on BlockData (BlockMsg, id=2277)
** Event #1894  t=461.372394201335  SupplyChainNetwork.peer[4] (Node, id=8)  on BlockData (BlockMsg, id=2278)
** Event #1895  t=463  SupplyChainNetwork.peer[3] (Node, id=7)  on selfmsg LivenessTimer (omnetpp::cMessage, id=26)
** Event #1896  t=463.1  SupplyChainNetwork.seed[1] (Node, id=3)  on LivenessPing (GossipMsg, id=2280)
** Event #1897  t=463.1  SupplyChainNetwork.peer[2] (Node, id=6)  on LivenessPing (GossipMsg, id=2281)
** Event #1898  t=463.1  SupplyChainNetwork.peer[4] (Node, id=8)  on LivenessPing (GossipMsg, id=2282)
** Event #1899  t=467.020603722735  SupplyChainNetwork.peer[0] (Node, id=4)  on selfmsg MiningTimer (omnetpp::cMessage, id=10)
INFO: MINED BLOCK 66 | Root: e733336a
** Event #1900  t=467.120603722735  SupplyChainNetwork.seed[0] (Node, id=2)  on BlockData (BlockMsg, id=2285)
INFO: Received longer chain (Block 66). Switching...
** Event #1901  t=467.120603722735  SupplyChainNetwork.peer[1] (Node, id=5)  on BlockData (BlockMsg, id=2286)
INFO: Received longer chain (Block 66). Switching...
** Event #1902  t=467.120603722735  SupplyChainNetwork.peer[4] (Node, id=8)  on BlockData (BlockMsg, id=2287)
** Event #1903  t=467.220603722735  SupplyChainNetwork.peer[1] (Node, id=5)  on BlockData (BlockMsg, id=2289)
** Event #1904  t=467.220603722735  SupplyChainNetwork.peer[4] (Node, id=8)  on BlockData (BlockMsg, id=2290)
** Event #1905  t=467.220603722735  SupplyChainNetwork.seed[1] (Node, id=3)  on BlockData (BlockMsg, id=2291)
INFO: Received longer chain (Block 66). Switching...
** Event #1906  t=467.220603722735  SupplyChainNetwork.seed[0] (Node, id=2)  on BlockData (BlockMsg, id=2293)
** Event #1907  t=467.220603722735  SupplyChainNetwork.peer[2] (Node, id=6)  on BlockData (BlockMsg, id=2294)
INFO: Received longer chain (Block 66). Switching...
** Event #1908  t=467.243848500587  SupplyChainNetwork.peer[3] (Node, id=7)  on selfmsg MiningTimer (omnetpp::cMessage, id=25)
INFO: MINED BLOCK 31 | Root: 9de9e056
** Event #1909  t=467.320603722735  SupplyChainNetwork.peer[2] (Node, id=6)  on BlockData (BlockMsg, id=2296)
** Event #1910  t=467.320603722735  SupplyChainNetwork.peer[3] (Node, id=7)  on BlockData (BlockMsg, id=2297)
INFO: SECURITY ALERT: Double Spending in Block 66!
** Event #1911  t=467.320603722735  SupplyChainNetwork.seed[1] (Node, id=3)  on BlockData (BlockMsg, id=2299)
** Event #1912  t=467.320603722735  SupplyChainNetwork.peer[3] (Node, id=7)  on BlockData (BlockMsg, id=2300)
INFO: SECURITY ALERT: Double Spending in Block 66!
** Event #1913  t=467.343848500587  SupplyChainNetwork.seed[1] (Node, id=3)  on BlockData (BlockMsg, id=2303)
INFO: SECURITY ALERT: Double Spending in Block 31!
** Event #1914  t=467.343848500587  SupplyChainNetwork.peer[2] (Node, id=6)  on BlockData (BlockMsg, id=2304)
INFO: SECURITY ALERT: Double Spending in Block 31!
** Event #1915  t=467.343848500587  SupplyChainNetwork.peer[4] (Node, id=8)  on BlockData (BlockMsg, id=2305)
** Event #1916  t=469  SupplyChainNetwork.seed[0] (Node, id=2)  on selfmsg LivenessTimer (omnetpp::cMessage, id=1)
** Event #1917  t=469  SupplyChainNetwork.seed[1] (Node, id=3)  on selfmsg LivenessTimer (omnetpp::cMessage, id=6)
** Event #1918  t=469  SupplyChainNetwork.peer[0] (Node, id=4)  on selfmsg LivenessTimer (omnetpp::cMessage, id=11)
** Event #1919  t=469  SupplyChainNetwork.peer[1] (Node, id=5)  on selfmsg LivenessTimer (omnetpp::cMessage, id=16)
** Event #1920  t=469  SupplyChainNetwork.peer[2] (Node, id=6)  on selfmsg LivenessTimer (omnetpp::cMessage, id=21)
** Event #1921  t=469.1  SupplyChainNetwork.peer[0] (Node, id=4)  on LivenessPing (GossipMsg, id=2307)
** Event #1922  t=469.1  SupplyChainNetwork.peer[1] (Node, id=5)  on LivenessPing (GossipMsg, id=2308)
** Event #1923  t=469.1  SupplyChainNetwork.peer[4] (Node, id=8)  on LivenessPing (GossipMsg, id=2309)
** Event #1924  t=469.1  SupplyChainNetwork.seed[1] (Node, id=3)  on LivenessPing (GossipMsg, id=2310)
** Event #1925  t=469.1  SupplyChainNetwork.peer[2] (Node, id=6)  on LivenessPing (GossipMsg, id=2312)
** Event #1926  t=469.1  SupplyChainNetwork.peer[3] (Node, id=7)  on LivenessPing (GossipMsg, id=2313)
** Event #1927  t=469.1  SupplyChainNetwork.seed[0] (Node, id=2)  on LivenessPing (GossipMsg, id=2314)
** Event #1928  t=469.1  SupplyChainNetwork.seed[0] (Node, id=2)  on LivenessPing (GossipMsg, id=2316)
** Event #1929  t=469.1  SupplyChainNetwork.peer[1] (Node, id=5)  on LivenessPing (GossipMsg, id=2317)
** Event #1930  t=469.1  SupplyChainNetwork.peer[4] (Node, id=8)  on LivenessPing (GossipMsg, id=2318)
** Event #1931  t=469.1  SupplyChainNetwork.seed[0] (Node, id=2)  on LivenessPing (GossipMsg, id=2320)
** Event #1932  t=469.1  SupplyChainNetwork.peer[0] (Node, id=4)  on LivenessPing (GossipMsg, id=2321)
** Event #1933  t=469.1  SupplyChainNetwork.peer[2] (Node, id=6)  on LivenessPing (GossipMsg, id=2322)
** Event #1934  t=469.1  SupplyChainNetwork.seed[1] (Node, id=3)  on LivenessPing (GossipMsg, id=2324)
** Event #1935  t=469.1  SupplyChainNetwork.peer[1] (Node, id=5)  on LivenessPing (GossipMsg, id=2325)
** Event #1936  t=469.1  SupplyChainNetwork.peer[3] (Node, id=7)  on LivenessPing (GossipMsg, id=2326)
** Event #1937  t=474.635380570871  SupplyChainNetwork.peer[1] (Node, id=5)  on selfmsg MiningTimer (omnetpp::cMessage, id=15)
INFO: MINED BLOCK 67 | Root: d10c8d81
** Event #1938  t=474.735380570871  SupplyChainNetwork.seed[0] (Node, id=2)  on BlockData (BlockMsg, id=2329)
INFO: Received longer chain (Block 67). Switching...
** Event #1939  t=474.735380570871  SupplyChainNetwork.peer[0] (Node, id=4)  on BlockData (BlockMsg, id=2330)
INFO: Received longer chain (Block 67). Switching...
** Event #1940  t=474.735380570871  SupplyChainNetwork.peer[2] (Node, id=6)  on BlockData (BlockMsg, id=2331)
INFO: Received longer chain (Block 67). Switching...
** Event #1941  t=474.835380570871  SupplyChainNetwork.peer[0] (Node, id=4)  on BlockData (BlockMsg, id=2333)
** Event #1942  t=474.835380570871  SupplyChainNetwork.peer[4] (Node, id=8)  on BlockData (BlockMsg, id=2334)
** Event #1943  t=474.835380570871  SupplyChainNetwork.seed[1] (Node, id=3)  on BlockData (BlockMsg, id=2335)
INFO: Received longer chain (Block 67). Switching...
** Event #1944  t=474.835380570871  SupplyChainNetwork.seed[0] (Node, id=2)  on BlockData (BlockMsg, id=2337)
** Event #1945  t=474.835380570871  SupplyChainNetwork.peer[4] (Node, id=8)  on BlockData (BlockMsg, id=2338)
** Event #1946  t=474.835380570871  SupplyChainNetwork.seed[1] (Node, id=3)  on BlockData (BlockMsg, id=2340)
** Event #1947  t=474.835380570871  SupplyChainNetwork.peer[3] (Node, id=7)  on BlockData (BlockMsg, id=2341)
INFO: SECURITY ALERT: Double Spending in Block 67!
** Event #1948  t=474.935380570871  SupplyChainNetwork.peer[2] (Node, id=6)  on BlockData (BlockMsg, id=2343)
** Event #1949  t=474.935380570871  SupplyChainNetwork.peer[3] (Node, id=7)  on BlockData (BlockMsg, id=2344)
INFO: SECURITY ALERT: Double Spending in Block 67!
** Event #1950  t=476  SupplyChainNetwork.peer[3] (Node, id=7)  on selfmsg LivenessTimer (omnetpp::cMessage, id=26)
** Event #1951  t=476.1  SupplyChainNetwork.seed[1] (Node, id=3)  on LivenessPing (GossipMsg, id=2346)
** Event #1952  t=476.1  SupplyChainNetwork.peer[2] (Node, id=6)  on LivenessPing (GossipMsg, id=2347)
** Event #1953  t=476.1  SupplyChainNetwork.peer[4] (Node, id=8)  on LivenessPing (GossipMsg, id=2348)
** Event #1954  t=482  SupplyChainNetwork.seed[0] (Node, id=2)  on selfmsg LivenessTimer (omnetpp::cMessage, id=1)
** Event #1955  t=482  SupplyChainNetwork.seed[1] (Node, id=3)  on selfmsg LivenessTimer (omnetpp::cMessage, id=6)
** Event #1956  t=482  SupplyChainNetwork.peer[0] (Node, id=4)  on selfmsg LivenessTimer (omnetpp::cMessage, id=11)
** Event #1957  t=482  SupplyChainNetwork.peer[1] (Node, id=5)  on selfmsg LivenessTimer (omnetpp::cMessage, id=16)
** Event #1958  t=482  SupplyChainNetwork.peer[2] (Node, id=6)  on selfmsg LivenessTimer (omnetpp::cMessage, id=21)
** Event #1959  t=482.1  SupplyChainNetwork.peer[0] (Node, id=4)  on LivenessPing (GossipMsg, id=2350)
** Event #1960  t=482.1  SupplyChainNetwork.peer[1] (Node, id=5)  on LivenessPing (GossipMsg, id=2351)
** Event #1961  t=482.1  SupplyChainNetwork.peer[4] (Node, id=8)  on LivenessPing (GossipMsg, id=2352)
** Event #1962  t=482.1  SupplyChainNetwork.seed[1] (Node, id=3)  on LivenessPing (GossipMsg, id=2353)
** Event #1963  t=482.1  SupplyChainNetwork.peer[2] (Node, id=6)  on LivenessPing (GossipMsg, id=2355)
** Event #1964  t=482.1  SupplyChainNetwork.peer[3] (Node, id=7)  on LivenessPing (GossipMsg, id=2356)
** Event #1965  t=482.1  SupplyChainNetwork.seed[0] (Node, id=2)  on LivenessPing (GossipMsg, id=2357)
** Event #1966  t=482.1  SupplyChainNetwork.seed[0] (Node, id=2)  on LivenessPing (GossipMsg, id=2359)
** Event #1967  t=482.1  SupplyChainNetwork.peer[1] (Node, id=5)  on LivenessPing (GossipMsg, id=2360)
** Event #1968  t=482.1  SupplyChainNetwork.peer[4] (Node, id=8)  on LivenessPing (GossipMsg, id=2361)
** Event #1969  t=482.1  SupplyChainNetwork.seed[0] (Node, id=2)  on LivenessPing (GossipMsg, id=2363)
** Event #1970  t=482.1  SupplyChainNetwork.peer[0] (Node, id=4)  on LivenessPing (GossipMsg, id=2364)
** Event #1971  t=482.1  SupplyChainNetwork.peer[2] (Node, id=6)  on LivenessPing (GossipMsg, id=2365)
** Event #1972  t=482.1  SupplyChainNetwork.seed[1] (Node, id=3)  on LivenessPing (GossipMsg, id=2367)
** Event #1973  t=482.1  SupplyChainNetwork.peer[1] (Node, id=5)  on LivenessPing (GossipMsg, id=2368)
** Event #1974  t=482.1  SupplyChainNetwork.peer[3] (Node, id=7)  on LivenessPing (GossipMsg, id=2369)
** Event #1975  t=489  SupplyChainNetwork.peer[3] (Node, id=7)  on selfmsg LivenessTimer (omnetpp::cMessage, id=26)
** Event #1976  t=489.1  SupplyChainNetwork.seed[1] (Node, id=3)  on LivenessPing (GossipMsg, id=2371)
** Event #1977  t=489.1  SupplyChainNetwork.peer[2] (Node, id=6)  on LivenessPing (GossipMsg, id=2372)
** Event #1978  t=489.1  SupplyChainNetwork.peer[4] (Node, id=8)  on LivenessPing (GossipMsg, id=2373)
** Event #1979  t=492.492608779606  SupplyChainNetwork.peer[0] (Node, id=4)  on selfmsg MiningTimer (omnetpp::cMessage, id=10)
INFO: MINED BLOCK 68 | Root: 98408a2c
** Event #1980  t=492.592608779606  SupplyChainNetwork.seed[0] (Node, id=2)  on BlockData (BlockMsg, id=2376)
INFO: Received longer chain (Block 68). Switching...
** Event #1981  t=492.592608779606  SupplyChainNetwork.peer[1] (Node, id=5)  on BlockData (BlockMsg, id=2377)
INFO: Received longer chain (Block 68). Switching...
** Event #1982  t=492.592608779606  SupplyChainNetwork.peer[4] (Node, id=8)  on BlockData (BlockMsg, id=2378)
** Event #1983  t=492.692608779606  SupplyChainNetwork.peer[1] (Node, id=5)  on BlockData (BlockMsg, id=2380)
** Event #1984  t=492.692608779606  SupplyChainNetwork.peer[4] (Node, id=8)  on BlockData (BlockMsg, id=2381)
** Event #1985  t=492.692608779606  SupplyChainNetwork.seed[1] (Node, id=3)  on BlockData (BlockMsg, id=2382)
INFO: Received longer chain (Block 68). Switching...
** Event #1986  t=492.692608779606  SupplyChainNetwork.seed[0] (Node, id=2)  on BlockData (BlockMsg, id=2384)
** Event #1987  t=492.692608779606  SupplyChainNetwork.peer[2] (Node, id=6)  on BlockData (BlockMsg, id=2385)
INFO: Received longer chain (Block 68). Switching...
** Event #1988  t=492.792608779606  SupplyChainNetwork.peer[2] (Node, id=6)  on BlockData (BlockMsg, id=2387)
** Event #1989  t=492.792608779606  SupplyChainNetwork.peer[3] (Node, id=7)  on BlockData (BlockMsg, id=2388)
INFO: SECURITY ALERT: Double Spending in Block 68!
** Event #1990  t=492.792608779606  SupplyChainNetwork.seed[1] (Node, id=3)  on BlockData (BlockMsg, id=2390)
** Event #1991  t=492.792608779606  SupplyChainNetwork.peer[3] (Node, id=7)  on BlockData (BlockMsg, id=2391)
INFO: SECURITY ALERT: Double Spending in Block 68!
** Event #1992  t=495  SupplyChainNetwork.seed[0] (Node, id=2)  on selfmsg LivenessTimer (omnetpp::cMessage, id=1)
** Event #1993  t=495  SupplyChainNetwork.seed[1] (Node, id=3)  on selfmsg LivenessTimer (omnetpp::cMessage, id=6)
** Event #1994  t=495  SupplyChainNetwork.peer[0] (Node, id=4)  on selfmsg LivenessTimer (omnetpp::cMessage, id=11)
** Event #1995  t=495  SupplyChainNetwork.peer[1] (Node, id=5)  on selfmsg LivenessTimer (omnetpp::cMessage, id=16)
** Event #1996  t=495  SupplyChainNetwork.peer[2] (Node, id=6)  on selfmsg LivenessTimer (omnetpp::cMessage, id=21)
** Event #1997  t=495.1  SupplyChainNetwork.peer[0] (Node, id=4)  on LivenessPing (GossipMsg, id=2393)
** Event #1998  t=495.1  SupplyChainNetwork.peer[1] (Node, id=5)  on LivenessPing (GossipMsg, id=2394)
** Event #1999  t=495.1  SupplyChainNetwork.peer[4] (Node, id=8)  on LivenessPing (GossipMsg, id=2395)
** Event #2000  t=495.1  SupplyChainNetwork.seed[1] (Node, id=3)  on LivenessPing (GossipMsg, id=2396)
** Event #2001  t=495.1  SupplyChainNetwork.peer[2] (Node, id=6)  on LivenessPing (GossipMsg, id=2398)
** Event #2002  t=495.1  SupplyChainNetwork.peer[3] (Node, id=7)  on LivenessPing (GossipMsg, id=2399)
** Event #2003  t=495.1  SupplyChainNetwork.seed[0] (Node, id=2)  on LivenessPing (GossipMsg, id=2400)
** Event #2004  t=495.1  SupplyChainNetwork.seed[0] (Node, id=2)  on LivenessPing (GossipMsg, id=2402)
** Event #2005  t=495.1  SupplyChainNetwork.peer[1] (Node, id=5)  on LivenessPing (GossipMsg, id=2403)
** Event #2006  t=495.1  SupplyChainNetwork.peer[4] (Node, id=8)  on LivenessPing (GossipMsg, id=2404)
** Event #2007  t=495.1  SupplyChainNetwork.seed[0] (Node, id=2)  on LivenessPing (GossipMsg, id=2406)
** Event #2008  t=495.1  SupplyChainNetwork.peer[0] (Node, id=4)  on LivenessPing (GossipMsg, id=2407)
** Event #2009  t=495.1  SupplyChainNetwork.peer[2] (Node, id=6)  on LivenessPing (GossipMsg, id=2408)
** Event #2010  t=495.1  SupplyChainNetwork.seed[1] (Node, id=3)  on LivenessPing (GossipMsg, id=2410)
** Event #2011  t=495.1  SupplyChainNetwork.peer[1] (Node, id=5)  on LivenessPing (GossipMsg, id=2411)
** Event #2012  t=495.1  SupplyChainNetwork.peer[3] (Node, id=7)  on LivenessPing (GossipMsg, id=2412)
** Event #2013  t=502  SupplyChainNetwork.peer[3] (Node, id=7)  on selfmsg LivenessTimer (omnetpp::cMessage, id=26)
INFO: WARNING: Neighbor on gate 2 is DEAD!
** Event #2014  t=502.1  SupplyChainNetwork.seed[1] (Node, id=3)  on LivenessPing (GossipMsg, id=2414)
** Event #2015  t=502.1  SupplyChainNetwork.peer[2] (Node, id=6)  on LivenessPing (GossipMsg, id=2415)
** Event #2016  t=502.1  SupplyChainNetwork.peer[4] (Node, id=8)  on LivenessPing (GossipMsg, id=2416)
** Event #2017  t=506.508597997615  SupplyChainNetwork.peer[1] (Node, id=5)  on selfmsg MiningTimer (omnetpp::cMessage, id=15)
INFO: MINED BLOCK 69 | Root: d45b9aa3
** Event #2018  t=506.608597997615  SupplyChainNetwork.seed[0] (Node, id=2)  on BlockData (BlockMsg, id=2419)
INFO: Received longer chain (Block 69). Switching...
** Event #2019  t=506.608597997615  SupplyChainNetwork.peer[0] (Node, id=4)  on BlockData (BlockMsg, id=2420)
INFO: Received longer chain (Block 69). Switching...
** Event #2020  t=506.608597997615  SupplyChainNetwork.peer[2] (Node, id=6)  on BlockData (BlockMsg, id=2421)
INFO: Received longer chain (Block 69). Switching...
** Event #2021  t=506.708597997615  SupplyChainNetwork.peer[0] (Node, id=4)  on BlockData (BlockMsg, id=2423)
** Event #2022  t=506.708597997615  SupplyChainNetwork.peer[4] (Node, id=8)  on BlockData (BlockMsg, id=2424)
** Event #2023  t=506.708597997615  SupplyChainNetwork.seed[1] (Node, id=3)  on BlockData (BlockMsg, id=2425)
INFO: Received longer chain (Block 69). Switching...
** Event #2024  t=506.708597997615  SupplyChainNetwork.seed[0] (Node, id=2)  on BlockData (BlockMsg, id=2427)
** Event #2025  t=506.708597997615  SupplyChainNetwork.peer[4] (Node, id=8)  on BlockData (BlockMsg, id=2428)
** Event #2026  t=506.708597997615  SupplyChainNetwork.seed[1] (Node, id=3)  on BlockData (BlockMsg, id=2430)
** Event #2027  t=506.708597997615  SupplyChainNetwork.peer[3] (Node, id=7)  on BlockData (BlockMsg, id=2431)
INFO: SECURITY ALERT: Double Spending in Block 69!
** Event #2028  t=506.808597997615  SupplyChainNetwork.peer[2] (Node, id=6)  on BlockData (BlockMsg, id=2433)
** Event #2029  t=506.808597997615  SupplyChainNetwork.peer[3] (Node, id=7)  on BlockData (BlockMsg, id=2434)
INFO: SECURITY ALERT: Double Spending in Block 69!
** Event #2030  t=508  SupplyChainNetwork.seed[0] (Node, id=2)  on selfmsg LivenessTimer (omnetpp::cMessage, id=1)
INFO: WARNING: Neighbor on gate 2 is DEAD!
** Event #2031  t=508  SupplyChainNetwork.seed[1] (Node, id=3)  on selfmsg LivenessTimer (omnetpp::cMessage, id=6)
** Event #2032  t=508  SupplyChainNetwork.peer[0] (Node, id=4)  on selfmsg LivenessTimer (omnetpp::cMessage, id=11)
INFO: WARNING: Neighbor on gate 2 is DEAD!
** Event #2033  t=508  SupplyChainNetwork.peer[1] (Node, id=5)  on selfmsg LivenessTimer (omnetpp::cMessage, id=16)
** Event #2034  t=508  SupplyChainNetwork.peer[2] (Node, id=6)  on selfmsg LivenessTimer (omnetpp::cMessage, id=21)
** Event #2035  t=508.1  SupplyChainNetwork.peer[0] (Node, id=4)  on LivenessPing (GossipMsg, id=2436)
** Event #2036  t=508.1  SupplyChainNetwork.peer[1] (Node, id=5)  on LivenessPing (GossipMsg, id=2437)
** Event #2037  t=508.1  SupplyChainNetwork.peer[4] (Node, id=8)  on LivenessPing (GossipMsg, id=2438)
** Event #2038  t=508.1  SupplyChainNetwork.seed[1] (Node, id=3)  on LivenessPing (GossipMsg, id=2439)
** Event #2039  t=508.1  SupplyChainNetwork.peer[2] (Node, id=6)  on LivenessPing (GossipMsg, id=2441)
** Event #2040  t=508.1  SupplyChainNetwork.peer[3] (Node, id=7)  on LivenessPing (GossipMsg, id=2442)
** Event #2041  t=508.1  SupplyChainNetwork.seed[0] (Node, id=2)  on LivenessPing (GossipMsg, id=2443)
** Event #2042  t=508.1  SupplyChainNetwork.seed[0] (Node, id=2)  on LivenessPing (GossipMsg, id=2445)
** Event #2043  t=508.1  SupplyChainNetwork.peer[1] (Node, id=5)  on LivenessPing (GossipMsg, id=2446)
** Event #2044  t=508.1  SupplyChainNetwork.peer[4] (Node, id=8)  on LivenessPing (GossipMsg, id=2447)
** Event #2045  t=508.1  SupplyChainNetwork.seed[0] (Node, id=2)  on LivenessPing (GossipMsg, id=2449)
** Event #2046  t=508.1  SupplyChainNetwork.peer[0] (Node, id=4)  on LivenessPing (GossipMsg, id=2450)
** Event #2047  t=508.1  SupplyChainNetwork.peer[2] (Node, id=6)  on LivenessPing (GossipMsg, id=2451)
** Event #2048  t=508.1  SupplyChainNetwork.seed[1] (Node, id=3)  on LivenessPing (GossipMsg, id=2453)
** Event #2049  t=508.1  SupplyChainNetwork.peer[1] (Node, id=5)  on LivenessPing (GossipMsg, id=2454)
** Event #2050  t=508.1  SupplyChainNetwork.peer[3] (Node, id=7)  on LivenessPing (GossipMsg, id=2455)
** Event #2051  t=511.849742831124  SupplyChainNetwork.peer[0] (Node, id=4)  on selfmsg MiningTimer (omnetpp::cMessage, id=10)
INFO: MINED BLOCK 70 | Root: bccaf731
** Event #2052  t=511.949742831124  SupplyChainNetwork.seed[0] (Node, id=2)  on BlockData (BlockMsg, id=2458)
INFO: Received longer chain (Block 70). Switching...
** Event #2053  t=511.949742831124  SupplyChainNetwork.peer[1] (Node, id=5)  on BlockData (BlockMsg, id=2459)
INFO: Received longer chain (Block 70). Switching...
** Event #2054  t=511.949742831124  SupplyChainNetwork.peer[4] (Node, id=8)  on BlockData (BlockMsg, id=2460)
** Event #2055  t=512.049742831124  SupplyChainNetwork.peer[1] (Node, id=5)  on BlockData (BlockMsg, id=2462)
** Event #2056  t=512.049742831124  SupplyChainNetwork.peer[4] (Node, id=8)  on BlockData (BlockMsg, id=2463)
** Event #2057  t=512.049742831124  SupplyChainNetwork.seed[1] (Node, id=3)  on BlockData (BlockMsg, id=2464)
INFO: Received longer chain (Block 70). Switching...
** Event #2058  t=512.049742831124  SupplyChainNetwork.seed[0] (Node, id=2)  on BlockData (BlockMsg, id=2466)
** Event #2059  t=512.049742831124  SupplyChainNetwork.peer[2] (Node, id=6)  on BlockData (BlockMsg, id=2467)
INFO: Received longer chain (Block 70). Switching...
** Event #2060  t=512.149742831124  SupplyChainNetwork.peer[2] (Node, id=6)  on BlockData (BlockMsg, id=2469)
** Event #2061  t=512.149742831124  SupplyChainNetwork.peer[3] (Node, id=7)  on BlockData (BlockMsg, id=2470)
INFO: SECURITY ALERT: Double Spending in Block 70!
** Event #2062  t=512.149742831124  SupplyChainNetwork.seed[1] (Node, id=3)  on BlockData (BlockMsg, id=2472)
** Event #2063  t=512.149742831124  SupplyChainNetwork.peer[3] (Node, id=7)  on BlockData (BlockMsg, id=2473)
INFO: SECURITY ALERT: Double Spending in Block 70!
** Event #2064  t=515  SupplyChainNetwork.peer[3] (Node, id=7)  on selfmsg LivenessTimer (omnetpp::cMessage, id=26)
** Event #2065  t=515.1  SupplyChainNetwork.seed[1] (Node, id=3)  on LivenessPing (GossipMsg, id=2475)
** Event #2066  t=515.1  SupplyChainNetwork.peer[2] (Node, id=6)  on LivenessPing (GossipMsg, id=2476)
** Event #2067  t=515.1  SupplyChainNetwork.peer[4] (Node, id=8)  on LivenessPing (GossipMsg, id=2477)
** Event #2068  t=521  SupplyChainNetwork.seed[0] (Node, id=2)  on selfmsg LivenessTimer (omnetpp::cMessage, id=1)
** Event #2069  t=521  SupplyChainNetwork.seed[1] (Node, id=3)  on selfmsg LivenessTimer (omnetpp::cMessage, id=6)
** Event #2070  t=521  SupplyChainNetwork.peer[0] (Node, id=4)  on selfmsg LivenessTimer (omnetpp::cMessage, id=11)
** Event #2071  t=521  SupplyChainNetwork.peer[1] (Node, id=5)  on selfmsg LivenessTimer (omnetpp::cMessage, id=16)
** Event #2072  t=521  SupplyChainNetwork.peer[2] (Node, id=6)  on selfmsg LivenessTimer (omnetpp::cMessage, id=21)
** Event #2073  t=521.1  SupplyChainNetwork.peer[0] (Node, id=4)  on LivenessPing (GossipMsg, id=2479)
** Event #2074  t=521.1  SupplyChainNetwork.peer[1] (Node, id=5)  on LivenessPing (GossipMsg, id=2480)
** Event #2075  t=521.1  SupplyChainNetwork.peer[4] (Node, id=8)  on LivenessPing (GossipMsg, id=2481)
** Event #2076  t=521.1  SupplyChainNetwork.seed[1] (Node, id=3)  on LivenessPing (GossipMsg, id=2482)
** Event #2077  t=521.1  SupplyChainNetwork.peer[2] (Node, id=6)  on LivenessPing (GossipMsg, id=2484)
** Event #2078  t=521.1  SupplyChainNetwork.peer[3] (Node, id=7)  on LivenessPing (GossipMsg, id=2485)
** Event #2079  t=521.1  SupplyChainNetwork.seed[0] (Node, id=2)  on LivenessPing (GossipMsg, id=2486)
** Event #2080  t=521.1  SupplyChainNetwork.seed[0] (Node, id=2)  on LivenessPing (GossipMsg, id=2488)
** Event #2081  t=521.1  SupplyChainNetwork.peer[1] (Node, id=5)  on LivenessPing (GossipMsg, id=2489)
** Event #2082  t=521.1  SupplyChainNetwork.peer[4] (Node, id=8)  on LivenessPing (GossipMsg, id=2490)
** Event #2083  t=521.1  SupplyChainNetwork.seed[0] (Node, id=2)  on LivenessPing (GossipMsg, id=2492)
** Event #2084  t=521.1  SupplyChainNetwork.peer[0] (Node, id=4)  on LivenessPing (GossipMsg, id=2493)
** Event #2085  t=521.1  SupplyChainNetwork.peer[2] (Node, id=6)  on LivenessPing (GossipMsg, id=2494)
** Event #2086  t=521.1  SupplyChainNetwork.seed[1] (Node, id=3)  on LivenessPing (GossipMsg, id=2496)
** Event #2087  t=521.1  SupplyChainNetwork.peer[1] (Node, id=5)  on LivenessPing (GossipMsg, id=2497)
** Event #2088  t=521.1  SupplyChainNetwork.peer[3] (Node, id=7)  on LivenessPing (GossipMsg, id=2498)
** Event #2089  t=521.895958796343  SupplyChainNetwork.peer[0] (Node, id=4)  on selfmsg MiningTimer (omnetpp::cMessage, id=10)
INFO: MINED BLOCK 71 | Root: e50b0893
** Event #2090  t=521.995958796343  SupplyChainNetwork.seed[0] (Node, id=2)  on BlockData (BlockMsg, id=2501)
INFO: Received longer chain (Block 71). Switching...
** Event #2091  t=521.995958796343  SupplyChainNetwork.peer[1] (Node, id=5)  on BlockData (BlockMsg, id=2502)
INFO: Received longer chain (Block 71). Switching...
** Event #2092  t=521.995958796343  SupplyChainNetwork.peer[4] (Node, id=8)  on BlockData (BlockMsg, id=2503)
** Event #2093  t=522.095958796343  SupplyChainNetwork.peer[1] (Node, id=5)  on BlockData (BlockMsg, id=2505)
** Event #2094  t=522.095958796343  SupplyChainNetwork.peer[4] (Node, id=8)  on BlockData (BlockMsg, id=2506)
** Event #2095  t=522.095958796343  SupplyChainNetwork.seed[1] (Node, id=3)  on BlockData (BlockMsg, id=2507)
INFO: Received longer chain (Block 71). Switching...
** Event #2096  t=522.095958796343  SupplyChainNetwork.seed[0] (Node, id=2)  on BlockData (BlockMsg, id=2509)
** Event #2097  t=522.095958796343  SupplyChainNetwork.peer[2] (Node, id=6)  on BlockData (BlockMsg, id=2510)
INFO: Received longer chain (Block 71). Switching...
** Event #2098  t=522.195958796343  SupplyChainNetwork.peer[2] (Node, id=6)  on BlockData (BlockMsg, id=2512)
** Event #2099  t=522.195958796343  SupplyChainNetwork.peer[3] (Node, id=7)  on BlockData (BlockMsg, id=2513)
INFO: SECURITY ALERT: Double Spending in Block 71!
** Event #2100  t=522.195958796343  SupplyChainNetwork.seed[1] (Node, id=3)  on BlockData (BlockMsg, id=2515)
** Event #2101  t=522.195958796343  SupplyChainNetwork.peer[3] (Node, id=7)  on BlockData (BlockMsg, id=2516)
INFO: SECURITY ALERT: Double Spending in Block 71!
** Event #2102  t=522.483554423303  SupplyChainNetwork.peer[2] (Node, id=6)  on selfmsg MiningTimer (omnetpp::cMessage, id=20)
INFO: MINED BLOCK 72 | Root: 3dce0d6a
** Event #2103  t=522.583554423303  SupplyChainNetwork.seed[1] (Node, id=3)  on BlockData (BlockMsg, id=2519)
INFO: Received longer chain (Block 72). Switching...
** Event #2104  t=522.583554423303  SupplyChainNetwork.peer[1] (Node, id=5)  on BlockData (BlockMsg, id=2520)
INFO: Received longer chain (Block 72). Switching...
** Event #2105  t=522.583554423303  SupplyChainNetwork.peer[3] (Node, id=7)  on BlockData (BlockMsg, id=2521)
INFO: SECURITY ALERT: Double Spending in Block 72!
** Event #2106  t=522.683554423303  SupplyChainNetwork.peer[3] (Node, id=7)  on BlockData (BlockMsg, id=2523)
INFO: SECURITY ALERT: Double Spending in Block 72!
** Event #2107  t=522.683554423303  SupplyChainNetwork.seed[0] (Node, id=2)  on BlockData (BlockMsg, id=2524)
INFO: Received longer chain (Block 72). Switching...
** Event #2108  t=522.683554423303  SupplyChainNetwork.seed[0] (Node, id=2)  on BlockData (BlockMsg, id=2526)
** Event #2109  t=522.683554423303  SupplyChainNetwork.peer[0] (Node, id=4)  on BlockData (BlockMsg, id=2527)
INFO: Received longer chain (Block 72). Switching...
** Event #2110  t=522.783554423303  SupplyChainNetwork.peer[0] (Node, id=4)  on BlockData (BlockMsg, id=2529)
** Event #2111  t=522.783554423303  SupplyChainNetwork.peer[1] (Node, id=5)  on BlockData (BlockMsg, id=2530)
** Event #2112  t=522.783554423303  SupplyChainNetwork.peer[4] (Node, id=8)  on BlockData (BlockMsg, id=2531)
** Event #2113  t=522.783554423303  SupplyChainNetwork.seed[0] (Node, id=2)  on BlockData (BlockMsg, id=2533)
** Event #2114  t=522.783554423303  SupplyChainNetwork.peer[4] (Node, id=8)  on BlockData (BlockMsg, id=2534)
** Event #2115  t=528  SupplyChainNetwork.peer[3] (Node, id=7)  on selfmsg LivenessTimer (omnetpp::cMessage, id=26)
** Event #2116  t=528.1  SupplyChainNetwork.seed[1] (Node, id=3)  on LivenessPing (GossipMsg, id=2536)
** Event #2117  t=528.1  SupplyChainNetwork.peer[2] (Node, id=6)  on LivenessPing (GossipMsg, id=2537)
** Event #2118  t=528.1  SupplyChainNetwork.peer[4] (Node, id=8)  on LivenessPing (GossipMsg, id=2538)
** Event #2119  t=529.762098740699  SupplyChainNetwork.peer[1] (Node, id=5)  on selfmsg MiningTimer (omnetpp::cMessage, id=15)
INFO: MINED BLOCK 73 | Root: 08b760f5
** Event #2120  t=529.862098740699  SupplyChainNetwork.seed[0] (Node, id=2)  on BlockData (BlockMsg, id=2541)
INFO: Received longer chain (Block 73). Switching...
** Event #2121  t=529.862098740699  SupplyChainNetwork.peer[0] (Node, id=4)  on BlockData (BlockMsg, id=2542)
INFO: Received longer chain (Block 73). Switching...
** Event #2122  t=529.862098740699  SupplyChainNetwork.peer[2] (Node, id=6)  on BlockData (BlockMsg, id=2543)
INFO: Received longer chain (Block 73). Switching...
** Event #2123  t=529.962098740699  SupplyChainNetwork.peer[0] (Node, id=4)  on BlockData (BlockMsg, id=2545)
** Event #2124  t=529.962098740699  SupplyChainNetwork.peer[4] (Node, id=8)  on BlockData (BlockMsg, id=2546)
** Event #2125  t=529.962098740699  SupplyChainNetwork.seed[1] (Node, id=3)  on BlockData (BlockMsg, id=2547)
INFO: Received longer chain (Block 73). Switching...
** Event #2126  t=529.962098740699  SupplyChainNetwork.seed[0] (Node, id=2)  on BlockData (BlockMsg, id=2549)
** Event #2127  t=529.962098740699  SupplyChainNetwork.peer[4] (Node, id=8)  on BlockData (BlockMsg, id=2550)
** Event #2128  t=529.962098740699  SupplyChainNetwork.seed[1] (Node, id=3)  on BlockData (BlockMsg, id=2552)
** Event #2129  t=529.962098740699  SupplyChainNetwork.peer[3] (Node, id=7)  on BlockData (BlockMsg, id=2553)
INFO: SECURITY ALERT: Double Spending in Block 73!
** Event #2130  t=530.062098740699  SupplyChainNetwork.peer[2] (Node, id=6)  on BlockData (BlockMsg, id=2555)
** Event #2131  t=530.062098740699  SupplyChainNetwork.peer[3] (Node, id=7)  on BlockData (BlockMsg, id=2556)
INFO: SECURITY ALERT: Double Spending in Block 73!
** Event #2132  t=534  SupplyChainNetwork.seed[0] (Node, id=2)  on selfmsg LivenessTimer (omnetpp::cMessage, id=1)
** Event #2133  t=534  SupplyChainNetwork.seed[1] (Node, id=3)  on selfmsg LivenessTimer (omnetpp::cMessage, id=6)
** Event #2134  t=534  SupplyChainNetwork.peer[0] (Node, id=4)  on selfmsg LivenessTimer (omnetpp::cMessage, id=11)
** Event #2135  t=534  SupplyChainNetwork.peer[1] (Node, id=5)  on selfmsg LivenessTimer (omnetpp::cMessage, id=16)
** Event #2136  t=534  SupplyChainNetwork.peer[2] (Node, id=6)  on selfmsg LivenessTimer (omnetpp::cMessage, id=21)
** Event #2137  t=534.1  SupplyChainNetwork.peer[0] (Node, id=4)  on LivenessPing (GossipMsg, id=2558)
** Event #2138  t=534.1  SupplyChainNetwork.peer[1] (Node, id=5)  on LivenessPing (GossipMsg, id=2559)
** Event #2139  t=534.1  SupplyChainNetwork.peer[4] (Node, id=8)  on LivenessPing (GossipMsg, id=2560)
** Event #2140  t=534.1  SupplyChainNetwork.seed[1] (Node, id=3)  on LivenessPing (GossipMsg, id=2561)
** Event #2141  t=534.1  SupplyChainNetwork.peer[2] (Node, id=6)  on LivenessPing (GossipMsg, id=2563)
** Event #2142  t=534.1  SupplyChainNetwork.peer[3] (Node, id=7)  on LivenessPing (GossipMsg, id=2564)
** Event #2143  t=534.1  SupplyChainNetwork.seed[0] (Node, id=2)  on LivenessPing (GossipMsg, id=2565)
** Event #2144  t=534.1  SupplyChainNetwork.seed[0] (Node, id=2)  on LivenessPing (GossipMsg, id=2567)
** Event #2145  t=534.1  SupplyChainNetwork.peer[1] (Node, id=5)  on LivenessPing (GossipMsg, id=2568)
** Event #2146  t=534.1  SupplyChainNetwork.peer[4] (Node, id=8)  on LivenessPing (GossipMsg, id=2569)
** Event #2147  t=534.1  SupplyChainNetwork.seed[0] (Node, id=2)  on LivenessPing (GossipMsg, id=2571)
** Event #2148  t=534.1  SupplyChainNetwork.peer[0] (Node, id=4)  on LivenessPing (GossipMsg, id=2572)
** Event #2149  t=534.1  SupplyChainNetwork.peer[2] (Node, id=6)  on LivenessPing (GossipMsg, id=2573)
** Event #2150  t=534.1  SupplyChainNetwork.seed[1] (Node, id=3)  on LivenessPing (GossipMsg, id=2575)
** Event #2151  t=534.1  SupplyChainNetwork.peer[1] (Node, id=5)  on LivenessPing (GossipMsg, id=2576)
** Event #2152  t=534.1  SupplyChainNetwork.peer[3] (Node, id=7)  on LivenessPing (GossipMsg, id=2577)
** Event #2153  t=534.53125756161  SupplyChainNetwork.peer[3] (Node, id=7)  on selfmsg MiningTimer (omnetpp::cMessage, id=25)
INFO: MINED BLOCK 32 | Root: 2b2dd1c8
** Event #2154  t=534.63125756161  SupplyChainNetwork.seed[1] (Node, id=3)  on BlockData (BlockMsg, id=2580)
INFO: SECURITY ALERT: Double Spending in Block 32!
** Event #2155  t=534.63125756161  SupplyChainNetwork.peer[2] (Node, id=6)  on BlockData (BlockMsg, id=2581)
INFO: SECURITY ALERT: Double Spending in Block 32!
** Event #2156  t=534.63125756161  SupplyChainNetwork.peer[4] (Node, id=8)  on BlockData (BlockMsg, id=2582)
** Event #2157  t=536.655393392346  SupplyChainNetwork.peer[0] (Node, id=4)  on selfmsg MiningTimer (omnetpp::cMessage, id=10)
INFO: MINED BLOCK 74 | Root: c0b0aa3d
** Event #2158  t=536.714091234661  SupplyChainNetwork.peer[2] (Node, id=6)  on selfmsg MiningTimer (omnetpp::cMessage, id=20)
INFO: MINED BLOCK 74 | Root: a45e8020
** Event #2159  t=536.755393392346  SupplyChainNetwork.seed[0] (Node, id=2)  on BlockData (BlockMsg, id=2585)
INFO: Received longer chain (Block 74). Switching...
** Event #2160  t=536.755393392346  SupplyChainNetwork.peer[1] (Node, id=5)  on BlockData (BlockMsg, id=2586)
INFO: Received longer chain (Block 74). Switching...
** Event #2161  t=536.755393392346  SupplyChainNetwork.peer[4] (Node, id=8)  on BlockData (BlockMsg, id=2587)
** Event #2162  t=536.814091234661  SupplyChainNetwork.seed[1] (Node, id=3)  on BlockData (BlockMsg, id=2590)
INFO: Received longer chain (Block 74). Switching...
** Event #2163  t=536.814091234661  SupplyChainNetwork.peer[1] (Node, id=5)  on BlockData (BlockMsg, id=2591)
INFO: SECURITY ALERT: Double Spending in Block 74!
** Event #2164  t=536.814091234661  SupplyChainNetwork.peer[3] (Node, id=7)  on BlockData (BlockMsg, id=2592)
INFO: SECURITY ALERT: Double Spending in Block 74!
** Event #2165  t=536.855393392346  SupplyChainNetwork.peer[1] (Node, id=5)  on BlockData (BlockMsg, id=2594)
** Event #2166  t=536.855393392346  SupplyChainNetwork.peer[4] (Node, id=8)  on BlockData (BlockMsg, id=2595)
** Event #2167  t=536.855393392346  SupplyChainNetwork.seed[1] (Node, id=3)  on BlockData (BlockMsg, id=2596)
INFO: SECURITY ALERT: Double Spending in Block 74!
** Event #2168  t=536.855393392346  SupplyChainNetwork.seed[0] (Node, id=2)  on BlockData (BlockMsg, id=2598)
** Event #2169  t=536.855393392346  SupplyChainNetwork.peer[2] (Node, id=6)  on BlockData (BlockMsg, id=2599)
INFO: SECURITY ALERT: Double Spending in Block 74!
** Event #2170  t=536.914091234661  SupplyChainNetwork.peer[3] (Node, id=7)  on BlockData (BlockMsg, id=2601)
INFO: SECURITY ALERT: Double Spending in Block 74!
** Event #2171  t=536.914091234661  SupplyChainNetwork.seed[0] (Node, id=2)  on BlockData (BlockMsg, id=2602)
INFO: SECURITY ALERT: Double Spending in Block 74!
** Event #2172  t=541  SupplyChainNetwork.peer[3] (Node, id=7)  on selfmsg LivenessTimer (omnetpp::cMessage, id=26)
** Event #2173  t=541.1  SupplyChainNetwork.seed[1] (Node, id=3)  on LivenessPing (GossipMsg, id=2604)
** Event #2174  t=541.1  SupplyChainNetwork.peer[2] (Node, id=6)  on LivenessPing (GossipMsg, id=2605)
** Event #2175  t=541.1  SupplyChainNetwork.peer[4] (Node, id=8)  on LivenessPing (GossipMsg, id=2606)
** Event #2176  t=544.203971293398  SupplyChainNetwork.peer[3] (Node, id=7)  on selfmsg MiningTimer (omnetpp::cMessage, id=25)
INFO: MINED BLOCK 33 | Root: bd690b5c
** Event #2177  t=544.303971293398  SupplyChainNetwork.seed[1] (Node, id=3)  on BlockData (BlockMsg, id=2609)
INFO: SECURITY ALERT: Double Spending in Block 33!
** Event #2178  t=544.303971293398  SupplyChainNetwork.peer[2] (Node, id=6)  on BlockData (BlockMsg, id=2610)
INFO: SECURITY ALERT: Double Spending in Block 33!
** Event #2179  t=544.303971293398  SupplyChainNetwork.peer[4] (Node, id=8)  on BlockData (BlockMsg, id=2611)
** Event #2180  t=547  SupplyChainNetwork.seed[0] (Node, id=2)  on selfmsg LivenessTimer (omnetpp::cMessage, id=1)
** Event #2181  t=547  SupplyChainNetwork.seed[1] (Node, id=3)  on selfmsg LivenessTimer (omnetpp::cMessage, id=6)
** Event #2182  t=547  SupplyChainNetwork.peer[0] (Node, id=4)  on selfmsg LivenessTimer (omnetpp::cMessage, id=11)
** Event #2183  t=547  SupplyChainNetwork.peer[1] (Node, id=5)  on selfmsg LivenessTimer (omnetpp::cMessage, id=16)
** Event #2184  t=547  SupplyChainNetwork.peer[2] (Node, id=6)  on selfmsg LivenessTimer (omnetpp::cMessage, id=21)
** Event #2185  t=547.1  SupplyChainNetwork.peer[0] (Node, id=4)  on LivenessPing (GossipMsg, id=2613)
** Event #2186  t=547.1  SupplyChainNetwork.peer[1] (Node, id=5)  on LivenessPing (GossipMsg, id=2614)
** Event #2187  t=547.1  SupplyChainNetwork.peer[4] (Node, id=8)  on LivenessPing (GossipMsg, id=2615)
** Event #2188  t=547.1  SupplyChainNetwork.seed[1] (Node, id=3)  on LivenessPing (GossipMsg, id=2616)
** Event #2189  t=547.1  SupplyChainNetwork.peer[2] (Node, id=6)  on LivenessPing (GossipMsg, id=2618)
** Event #2190  t=547.1  SupplyChainNetwork.peer[3] (Node, id=7)  on LivenessPing (GossipMsg, id=2619)
** Event #2191  t=547.1  SupplyChainNetwork.seed[0] (Node, id=2)  on LivenessPing (GossipMsg, id=2620)
** Event #2192  t=547.1  SupplyChainNetwork.seed[0] (Node, id=2)  on LivenessPing (GossipMsg, id=2622)
** Event #2193  t=547.1  SupplyChainNetwork.peer[1] (Node, id=5)  on LivenessPing (GossipMsg, id=2623)
** Event #2194  t=547.1  SupplyChainNetwork.peer[4] (Node, id=8)  on LivenessPing (GossipMsg, id=2624)
** Event #2195  t=547.1  SupplyChainNetwork.seed[0] (Node, id=2)  on LivenessPing (GossipMsg, id=2626)
** Event #2196  t=547.1  SupplyChainNetwork.peer[0] (Node, id=4)  on LivenessPing (GossipMsg, id=2627)
** Event #2197  t=547.1  SupplyChainNetwork.peer[2] (Node, id=6)  on LivenessPing (GossipMsg, id=2628)
** Event #2198  t=547.1  SupplyChainNetwork.seed[1] (Node, id=3)  on LivenessPing (GossipMsg, id=2630)
** Event #2199  t=547.1  SupplyChainNetwork.peer[1] (Node, id=5)  on LivenessPing (GossipMsg, id=2631)
** Event #2200  t=547.1  SupplyChainNetwork.peer[3] (Node, id=7)  on LivenessPing (GossipMsg, id=2632)
** Event #2201  t=547.954614793826  SupplyChainNetwork.peer[1] (Node, id=5)  on selfmsg MiningTimer (omnetpp::cMessage, id=15)
INFO: MINED BLOCK 75 | Root: ffe1d66f
** Event #2202  t=548.054614793826  SupplyChainNetwork.seed[0] (Node, id=2)  on BlockData (BlockMsg, id=2635)
INFO: Received longer chain (Block 75). Switching...
** Event #2203  t=548.054614793826  SupplyChainNetwork.peer[0] (Node, id=4)  on BlockData (BlockMsg, id=2636)
INFO: Received longer chain (Block 75). Switching...
** Event #2204  t=548.054614793826  SupplyChainNetwork.peer[2] (Node, id=6)  on BlockData (BlockMsg, id=2637)
INFO: SECURITY ALERT: Double Spending in Block 75!
** Event #2205  t=548.154614793826  SupplyChainNetwork.peer[0] (Node, id=4)  on BlockData (BlockMsg, id=2639)
** Event #2206  t=548.154614793826  SupplyChainNetwork.peer[4] (Node, id=8)  on BlockData (BlockMsg, id=2640)
** Event #2207  t=548.154614793826  SupplyChainNetwork.seed[1] (Node, id=3)  on BlockData (BlockMsg, id=2641)
INFO: SECURITY ALERT: Double Spending in Block 75!
** Event #2208  t=548.154614793826  SupplyChainNetwork.seed[0] (Node, id=2)  on BlockData (BlockMsg, id=2643)
** Event #2209  t=548.154614793826  SupplyChainNetwork.peer[4] (Node, id=8)  on BlockData (BlockMsg, id=2644)
** Event #2210  t=550.225556763723  SupplyChainNetwork.peer[0] (Node, id=4)  on selfmsg MiningTimer (omnetpp::cMessage, id=10)
INFO: MINED BLOCK 76 | Root: 20583c03
** Event #2211  t=550.325556763723  SupplyChainNetwork.seed[0] (Node, id=2)  on BlockData (BlockMsg, id=2647)
INFO: Received longer chain (Block 76). Switching...
** Event #2212  t=550.325556763723  SupplyChainNetwork.peer[1] (Node, id=5)  on BlockData (BlockMsg, id=2648)
INFO: Received longer chain (Block 76). Switching...
** Event #2213  t=550.325556763723  SupplyChainNetwork.peer[4] (Node, id=8)  on BlockData (BlockMsg, id=2649)
** Event #2214  t=550.425556763723  SupplyChainNetwork.peer[1] (Node, id=5)  on BlockData (BlockMsg, id=2651)
** Event #2215  t=550.425556763723  SupplyChainNetwork.peer[4] (Node, id=8)  on BlockData (BlockMsg, id=2652)
** Event #2216  t=550.425556763723  SupplyChainNetwork.seed[1] (Node, id=3)  on BlockData (BlockMsg, id=2653)
INFO: SECURITY ALERT: Double Spending in Block 76!
** Event #2217  t=550.425556763723  SupplyChainNetwork.seed[0] (Node, id=2)  on BlockData (BlockMsg, id=2655)
** Event #2218  t=550.425556763723  SupplyChainNetwork.peer[2] (Node, id=6)  on BlockData (BlockMsg, id=2656)
INFO: SECURITY ALERT: Double Spending in Block 76!
** Event #2219  t=552.26401185526  SupplyChainNetwork.peer[1] (Node, id=5)  on selfmsg MiningTimer (omnetpp::cMessage, id=15)
INFO: MINED BLOCK 77 | Root: 7bbe8b38
** Event #2220  t=552.36401185526  SupplyChainNetwork.seed[0] (Node, id=2)  on BlockData (BlockMsg, id=2659)
INFO: Received longer chain (Block 77). Switching...
** Event #2221  t=552.36401185526  SupplyChainNetwork.peer[0] (Node, id=4)  on BlockData (BlockMsg, id=2660)
INFO: Received longer chain (Block 77). Switching...
** Event #2222  t=552.36401185526  SupplyChainNetwork.peer[2] (Node, id=6)  on BlockData (BlockMsg, id=2661)
INFO: SECURITY ALERT: Double Spending in Block 77!
** Event #2223  t=552.46401185526  SupplyChainNetwork.peer[0] (Node, id=4)  on BlockData (BlockMsg, id=2663)
** Event #2224  t=552.46401185526  SupplyChainNetwork.peer[4] (Node, id=8)  on BlockData (BlockMsg, id=2664)
** Event #2225  t=552.46401185526  SupplyChainNetwork.seed[1] (Node, id=3)  on BlockData (BlockMsg, id=2665)
INFO: SECURITY ALERT: Double Spending in Block 77!
** Event #2226  t=552.46401185526  SupplyChainNetwork.seed[0] (Node, id=2)  on BlockData (BlockMsg, id=2667)
** Event #2227  t=552.46401185526  SupplyChainNetwork.peer[4] (Node, id=8)  on BlockData (BlockMsg, id=2668)
** Event #2228  t=554  SupplyChainNetwork.peer[3] (Node, id=7)  on selfmsg LivenessTimer (omnetpp::cMessage, id=26)
INFO: WARNING: Neighbor on gate 2 is DEAD!
** Event #2229  t=554.1  SupplyChainNetwork.seed[1] (Node, id=3)  on LivenessPing (GossipMsg, id=2670)
** Event #2230  t=554.1  SupplyChainNetwork.peer[2] (Node, id=6)  on LivenessPing (GossipMsg, id=2671)
** Event #2231  t=554.1  SupplyChainNetwork.peer[4] (Node, id=8)  on LivenessPing (GossipMsg, id=2672)
** Event #2232  t=560  SupplyChainNetwork.seed[0] (Node, id=2)  on selfmsg LivenessTimer (omnetpp::cMessage, id=1)
INFO: WARNING: Neighbor on gate 2 is DEAD!
** Event #2233  t=560  SupplyChainNetwork.seed[1] (Node, id=3)  on selfmsg LivenessTimer (omnetpp::cMessage, id=6)
** Event #2234  t=560  SupplyChainNetwork.peer[0] (Node, id=4)  on selfmsg LivenessTimer (omnetpp::cMessage, id=11)
INFO: WARNING: Neighbor on gate 2 is DEAD!
** Event #2235  t=560  SupplyChainNetwork.peer[1] (Node, id=5)  on selfmsg LivenessTimer (omnetpp::cMessage, id=16)
** Event #2236  t=560  SupplyChainNetwork.peer[2] (Node, id=6)  on selfmsg LivenessTimer (omnetpp::cMessage, id=21)
** Event #2237  t=560.1  SupplyChainNetwork.peer[0] (Node, id=4)  on LivenessPing (GossipMsg, id=2674)
** Event #2238  t=560.1  SupplyChainNetwork.peer[1] (Node, id=5)  on LivenessPing (GossipMsg, id=2675)
** Event #2239  t=560.1  SupplyChainNetwork.peer[4] (Node, id=8)  on LivenessPing (GossipMsg, id=2676)
** Event #2240  t=560.1  SupplyChainNetwork.seed[1] (Node, id=3)  on LivenessPing (GossipMsg, id=2677)
** Event #2241  t=560.1  SupplyChainNetwork.peer[2] (Node, id=6)  on LivenessPing (GossipMsg, id=2679)
** Event #2242  t=560.1  SupplyChainNetwork.peer[3] (Node, id=7)  on LivenessPing (GossipMsg, id=2680)
** Event #2243  t=560.1  SupplyChainNetwork.seed[0] (Node, id=2)  on LivenessPing (GossipMsg, id=2681)
** Event #2244  t=560.1  SupplyChainNetwork.seed[0] (Node, id=2)  on LivenessPing (GossipMsg, id=2683)
** Event #2245  t=560.1  SupplyChainNetwork.peer[1] (Node, id=5)  on LivenessPing (GossipMsg, id=2684)
** Event #2246  t=560.1  SupplyChainNetwork.peer[4] (Node, id=8)  on LivenessPing (GossipMsg, id=2685)
** Event #2247  t=560.1  SupplyChainNetwork.seed[0] (Node, id=2)  on LivenessPing (GossipMsg, id=2687)
** Event #2248  t=560.1  SupplyChainNetwork.peer[0] (Node, id=4)  on LivenessPing (GossipMsg, id=2688)
** Event #2249  t=560.1  SupplyChainNetwork.peer[2] (Node, id=6)  on LivenessPing (GossipMsg, id=2689)
** Event #2250  t=560.1  SupplyChainNetwork.seed[1] (Node, id=3)  on LivenessPing (GossipMsg, id=2691)
** Event #2251  t=560.1  SupplyChainNetwork.peer[1] (Node, id=5)  on LivenessPing (GossipMsg, id=2692)
** Event #2252  t=560.1  SupplyChainNetwork.peer[3] (Node, id=7)  on LivenessPing (GossipMsg, id=2693)
** Event #2253  t=561.104572130739  SupplyChainNetwork.peer[0] (Node, id=4)  on selfmsg MiningTimer (omnetpp::cMessage, id=10)
INFO: MINED BLOCK 78 | Root: 7c63d0fc
** Event #2254  t=561.204572130739  SupplyChainNetwork.seed[0] (Node, id=2)  on BlockData (BlockMsg, id=2696)
INFO: Received longer chain (Block 78). Switching...
** Event #2255  t=561.204572130739  SupplyChainNetwork.peer[1] (Node, id=5)  on BlockData (BlockMsg, id=2697)
INFO: Received longer chain (Block 78). Switching...
** Event #2256  t=561.204572130739  SupplyChainNetwork.peer[4] (Node, id=8)  on BlockData (BlockMsg, id=2698)
** Event #2257  t=561.304572130739  SupplyChainNetwork.peer[1] (Node, id=5)  on BlockData (BlockMsg, id=2700)
** Event #2258  t=561.304572130739  SupplyChainNetwork.peer[4] (Node, id=8)  on BlockData (BlockMsg, id=2701)
** Event #2259  t=561.304572130739  SupplyChainNetwork.seed[1] (Node, id=3)  on BlockData (BlockMsg, id=2702)
INFO: SECURITY ALERT: Double Spending in Block 78!
** Event #2260  t=561.304572130739  SupplyChainNetwork.seed[0] (Node, id=2)  on BlockData (BlockMsg, id=2704)
** Event #2261  t=561.304572130739  SupplyChainNetwork.peer[2] (Node, id=6)  on BlockData (BlockMsg, id=2705)
INFO: SECURITY ALERT: Double Spending in Block 78!
** Event #2262  t=564.373675365397  SupplyChainNetwork.peer[2] (Node, id=6)  on selfmsg MiningTimer (omnetpp::cMessage, id=20)
INFO: MINED BLOCK 75 | Root: 6eaa0d53
** Event #2263  t=564.473675365397  SupplyChainNetwork.seed[1] (Node, id=3)  on BlockData (BlockMsg, id=2708)
INFO: Received longer chain (Block 75). Switching...
** Event #2264  t=564.473675365397  SupplyChainNetwork.peer[1] (Node, id=5)  on BlockData (BlockMsg, id=2709)
INFO: SECURITY ALERT: Double Spending in Block 75!
** Event #2265  t=564.473675365397  SupplyChainNetwork.peer[3] (Node, id=7)  on BlockData (BlockMsg, id=2710)
INFO: SECURITY ALERT: Double Spending in Block 75!
** Event #2266  t=564.573675365397  SupplyChainNetwork.peer[3] (Node, id=7)  on BlockData (BlockMsg, id=2712)
INFO: SECURITY ALERT: Double Spending in Block 75!
** Event #2267  t=564.573675365397  SupplyChainNetwork.seed[0] (Node, id=2)  on BlockData (BlockMsg, id=2713)
INFO: SECURITY ALERT: Double Spending in Block 75!
** Event #2268  t=567  SupplyChainNetwork.peer[3] (Node, id=7)  on selfmsg LivenessTimer (omnetpp::cMessage, id=26)
** Event #2269  t=567.1  SupplyChainNetwork.seed[1] (Node, id=3)  on LivenessPing (GossipMsg, id=2715)
** Event #2270  t=567.1  SupplyChainNetwork.peer[2] (Node, id=6)  on LivenessPing (GossipMsg, id=2716)
** Event #2271  t=567.1  SupplyChainNetwork.peer[4] (Node, id=8)  on LivenessPing (GossipMsg, id=2717)
** Event #2272  t=573  SupplyChainNetwork.seed[0] (Node, id=2)  on selfmsg LivenessTimer (omnetpp::cMessage, id=1)
** Event #2273  t=573  SupplyChainNetwork.seed[1] (Node, id=3)  on selfmsg LivenessTimer (omnetpp::cMessage, id=6)
** Event #2274  t=573  SupplyChainNetwork.peer[0] (Node, id=4)  on selfmsg LivenessTimer (omnetpp::cMessage, id=11)
** Event #2275  t=573  SupplyChainNetwork.peer[1] (Node, id=5)  on selfmsg LivenessTimer (omnetpp::cMessage, id=16)
** Event #2276  t=573  SupplyChainNetwork.peer[2] (Node, id=6)  on selfmsg LivenessTimer (omnetpp::cMessage, id=21)
** Event #2277  t=573.1  SupplyChainNetwork.peer[0] (Node, id=4)  on LivenessPing (GossipMsg, id=2719)
** Event #2278  t=573.1  SupplyChainNetwork.peer[1] (Node, id=5)  on LivenessPing (GossipMsg, id=2720)
** Event #2279  t=573.1  SupplyChainNetwork.peer[4] (Node, id=8)  on LivenessPing (GossipMsg, id=2721)
** Event #2280  t=573.1  SupplyChainNetwork.seed[1] (Node, id=3)  on LivenessPing (GossipMsg, id=2722)
** Event #2281  t=573.1  SupplyChainNetwork.peer[2] (Node, id=6)  on LivenessPing (GossipMsg, id=2724)
** Event #2282  t=573.1  SupplyChainNetwork.peer[3] (Node, id=7)  on LivenessPing (GossipMsg, id=2725)
** Event #2283  t=573.1  SupplyChainNetwork.seed[0] (Node, id=2)  on LivenessPing (GossipMsg, id=2726)
** Event #2284  t=573.1  SupplyChainNetwork.seed[0] (Node, id=2)  on LivenessPing (GossipMsg, id=2728)
** Event #2285  t=573.1  SupplyChainNetwork.peer[1] (Node, id=5)  on LivenessPing (GossipMsg, id=2729)
** Event #2286  t=573.1  SupplyChainNetwork.peer[4] (Node, id=8)  on LivenessPing (GossipMsg, id=2730)
** Event #2287  t=573.1  SupplyChainNetwork.seed[0] (Node, id=2)  on LivenessPing (GossipMsg, id=2732)
** Event #2288  t=573.1  SupplyChainNetwork.peer[0] (Node, id=4)  on LivenessPing (GossipMsg, id=2733)
** Event #2289  t=573.1  SupplyChainNetwork.peer[2] (Node, id=6)  on LivenessPing (GossipMsg, id=2734)
** Event #2290  t=573.1  SupplyChainNetwork.seed[1] (Node, id=3)  on LivenessPing (GossipMsg, id=2736)
** Event #2291  t=573.1  SupplyChainNetwork.peer[1] (Node, id=5)  on LivenessPing (GossipMsg, id=2737)
** Event #2292  t=573.1  SupplyChainNetwork.peer[3] (Node, id=7)  on LivenessPing (GossipMsg, id=2738)
** Event #2293  t=577.25561184591  SupplyChainNetwork.peer[1] (Node, id=5)  on selfmsg MiningTimer (omnetpp::cMessage, id=15)
INFO: MINED BLOCK 79 | Root: 51c20f90
** Event #2294  t=577.35561184591  SupplyChainNetwork.seed[0] (Node, id=2)  on BlockData (BlockMsg, id=2741)
INFO: Received longer chain (Block 79). Switching...
** Event #2295  t=577.35561184591  SupplyChainNetwork.peer[0] (Node, id=4)  on BlockData (BlockMsg, id=2742)
INFO: Received longer chain (Block 79). Switching...
** Event #2296  t=577.35561184591  SupplyChainNetwork.peer[2] (Node, id=6)  on BlockData (BlockMsg, id=2743)
INFO: SECURITY ALERT: Double Spending in Block 79!
** Event #2297  t=577.45561184591  SupplyChainNetwork.peer[0] (Node, id=4)  on BlockData (BlockMsg, id=2745)
** Event #2298  t=577.45561184591  SupplyChainNetwork.peer[4] (Node, id=8)  on BlockData (BlockMsg, id=2746)
** Event #2299  t=577.45561184591  SupplyChainNetwork.seed[1] (Node, id=3)  on BlockData (BlockMsg, id=2747)
INFO: SECURITY ALERT: Double Spending in Block 79!
** Event #2300  t=577.45561184591  SupplyChainNetwork.seed[0] (Node, id=2)  on BlockData (BlockMsg, id=2749)
** Event #2301  t=577.45561184591  SupplyChainNetwork.peer[4] (Node, id=8)  on BlockData (BlockMsg, id=2750)
** Event #2302  t=577.939680213071  SupplyChainNetwork.peer[1] (Node, id=5)  on selfmsg MiningTimer (omnetpp::cMessage, id=15)
INFO: MINED BLOCK 80 | Root: fe57f80b
** Event #2303  t=578.039680213071  SupplyChainNetwork.seed[0] (Node, id=2)  on BlockData (BlockMsg, id=2753)
INFO: Received longer chain (Block 80). Switching...
** Event #2304  t=578.039680213071  SupplyChainNetwork.peer[0] (Node, id=4)  on BlockData (BlockMsg, id=2754)
INFO: Received longer chain (Block 80). Switching...
** Event #2305  t=578.039680213071  SupplyChainNetwork.peer[2] (Node, id=6)  on BlockData (BlockMsg, id=2755)
INFO: SECURITY ALERT: Double Spending in Block 80!
** Event #2306  t=578.139680213071  SupplyChainNetwork.peer[0] (Node, id=4)  on BlockData (BlockMsg, id=2757)
** Event #2307  t=578.139680213071  SupplyChainNetwork.peer[4] (Node, id=8)  on BlockData (BlockMsg, id=2758)
** Event #2308  t=578.139680213071  SupplyChainNetwork.seed[1] (Node, id=3)  on BlockData (BlockMsg, id=2759)
INFO: SECURITY ALERT: Double Spending in Block 80!
** Event #2309  t=578.139680213071  SupplyChainNetwork.seed[0] (Node, id=2)  on BlockData (BlockMsg, id=2761)
** Event #2310  t=578.139680213071  SupplyChainNetwork.peer[4] (Node, id=8)  on BlockData (BlockMsg, id=2762)
** Event #2311  t=580  SupplyChainNetwork.peer[3] (Node, id=7)  on selfmsg LivenessTimer (omnetpp::cMessage, id=26)
** Event #2312  t=580.1  SupplyChainNetwork.seed[1] (Node, id=3)  on LivenessPing (GossipMsg, id=2764)
** Event #2313  t=580.1  SupplyChainNetwork.peer[2] (Node, id=6)  on LivenessPing (GossipMsg, id=2765)
** Event #2314  t=580.1  SupplyChainNetwork.peer[4] (Node, id=8)  on LivenessPing (GossipMsg, id=2766)
** Event #2315  t=581.455270078257  SupplyChainNetwork.peer[2] (Node, id=6)  on selfmsg MiningTimer (omnetpp::cMessage, id=20)
INFO: MINED BLOCK 76 | Root: 8f08c8fc
** Event #2316  t=581.555270078257  SupplyChainNetwork.seed[1] (Node, id=3)  on BlockData (BlockMsg, id=2769)
INFO: Received longer chain (Block 76). Switching...
** Event #2317  t=581.555270078257  SupplyChainNetwork.peer[1] (Node, id=5)  on BlockData (BlockMsg, id=2770)
INFO: SECURITY ALERT: Double Spending in Block 76!
** Event #2318  t=581.555270078257  SupplyChainNetwork.peer[3] (Node, id=7)  on BlockData (BlockMsg, id=2771)
INFO: SECURITY ALERT: Double Spending in Block 76!
** Event #2319  t=581.655270078257  SupplyChainNetwork.peer[3] (Node, id=7)  on BlockData (BlockMsg, id=2773)
INFO: SECURITY ALERT: Double Spending in Block 76!
** Event #2320  t=581.655270078257  SupplyChainNetwork.seed[0] (Node, id=2)  on BlockData (BlockMsg, id=2774)
INFO: SECURITY ALERT: Double Spending in Block 76!
** Event #2321  t=586  SupplyChainNetwork.seed[0] (Node, id=2)  on selfmsg LivenessTimer (omnetpp::cMessage, id=1)
** Event #2322  t=586  SupplyChainNetwork.seed[1] (Node, id=3)  on selfmsg LivenessTimer (omnetpp::cMessage, id=6)
** Event #2323  t=586  SupplyChainNetwork.peer[0] (Node, id=4)  on selfmsg LivenessTimer (omnetpp::cMessage, id=11)
** Event #2324  t=586  SupplyChainNetwork.peer[1] (Node, id=5)  on selfmsg LivenessTimer (omnetpp::cMessage, id=16)
** Event #2325  t=586  SupplyChainNetwork.peer[2] (Node, id=6)  on selfmsg LivenessTimer (omnetpp::cMessage, id=21)
** Event #2326  t=586.1  SupplyChainNetwork.peer[0] (Node, id=4)  on LivenessPing (GossipMsg, id=2776)
** Event #2327  t=586.1  SupplyChainNetwork.peer[1] (Node, id=5)  on LivenessPing (GossipMsg, id=2777)
** Event #2328  t=586.1  SupplyChainNetwork.peer[4] (Node, id=8)  on LivenessPing (GossipMsg, id=2778)
** Event #2329  t=586.1  SupplyChainNetwork.seed[1] (Node, id=3)  on LivenessPing (GossipMsg, id=2779)
** Event #2330  t=586.1  SupplyChainNetwork.peer[2] (Node, id=6)  on LivenessPing (GossipMsg, id=2781)
** Event #2331  t=586.1  SupplyChainNetwork.peer[3] (Node, id=7)  on LivenessPing (GossipMsg, id=2782)
** Event #2332  t=586.1  SupplyChainNetwork.seed[0] (Node, id=2)  on LivenessPing (GossipMsg, id=2783)
** Event #2333  t=586.1  SupplyChainNetwork.seed[0] (Node, id=2)  on LivenessPing (GossipMsg, id=2785)
** Event #2334  t=586.1  SupplyChainNetwork.peer[1] (Node, id=5)  on LivenessPing (GossipMsg, id=2786)
** Event #2335  t=586.1  SupplyChainNetwork.peer[4] (Node, id=8)  on LivenessPing (GossipMsg, id=2787)
** Event #2336  t=586.1  SupplyChainNetwork.seed[0] (Node, id=2)  on LivenessPing (GossipMsg, id=2789)
** Event #2337  t=586.1  SupplyChainNetwork.peer[0] (Node, id=4)  on LivenessPing (GossipMsg, id=2790)
** Event #2338  t=586.1  SupplyChainNetwork.peer[2] (Node, id=6)  on LivenessPing (GossipMsg, id=2791)
** Event #2339  t=586.1  SupplyChainNetwork.seed[1] (Node, id=3)  on LivenessPing (GossipMsg, id=2793)
** Event #2340  t=586.1  SupplyChainNetwork.peer[1] (Node, id=5)  on LivenessPing (GossipMsg, id=2794)
** Event #2341  t=586.1  SupplyChainNetwork.peer[3] (Node, id=7)  on LivenessPing (GossipMsg, id=2795)
** Event #2342  t=586.352923392405  SupplyChainNetwork.peer[3] (Node, id=7)  on selfmsg MiningTimer (omnetpp::cMessage, id=25)
INFO: MINED BLOCK 34 | Root: 81db7db6
** Event #2343  t=586.452923392405  SupplyChainNetwork.seed[1] (Node, id=3)  on BlockData (BlockMsg, id=2798)
INFO: SECURITY ALERT: Double Spending in Block 34!
** Event #2344  t=586.452923392405  SupplyChainNetwork.peer[2] (Node, id=6)  on BlockData (BlockMsg, id=2799)
INFO: SECURITY ALERT: Double Spending in Block 34!
** Event #2345  t=586.452923392405  SupplyChainNetwork.peer[4] (Node, id=8)  on BlockData (BlockMsg, id=2800)
** Event #2346  t=589.197871921239  SupplyChainNetwork.peer[2] (Node, id=6)  on selfmsg MiningTimer (omnetpp::cMessage, id=20)
INFO: MINED BLOCK 77 | Root: d7564c6e
** Event #2347  t=589.297871921239  SupplyChainNetwork.seed[1] (Node, id=3)  on BlockData (BlockMsg, id=2803)
INFO: Received longer chain (Block 77). Switching...
** Event #2348  t=589.297871921239  SupplyChainNetwork.peer[1] (Node, id=5)  on BlockData (BlockMsg, id=2804)
INFO: SECURITY ALERT: Double Spending in Block 77!
** Event #2349  t=589.297871921239  SupplyChainNetwork.peer[3] (Node, id=7)  on BlockData (BlockMsg, id=2805)
INFO: SECURITY ALERT: Double Spending in Block 77!
** Event #2350  t=589.397871921239  SupplyChainNetwork.peer[3] (Node, id=7)  on BlockData (BlockMsg, id=2807)
INFO: SECURITY ALERT: Double Spending in Block 77!
** Event #2351  t=589.397871921239  SupplyChainNetwork.seed[0] (Node, id=2)  on BlockData (BlockMsg, id=2808)
INFO: SECURITY ALERT: Double Spending in Block 77!
** Event #2352  t=593  SupplyChainNetwork.peer[3] (Node, id=7)  on selfmsg LivenessTimer (omnetpp::cMessage, id=26)
** Event #2353  t=593.1  SupplyChainNetwork.seed[1] (Node, id=3)  on LivenessPing (GossipMsg, id=2810)
** Event #2354  t=593.1  SupplyChainNetwork.peer[2] (Node, id=6)  on LivenessPing (GossipMsg, id=2811)
** Event #2355  t=593.1  SupplyChainNetwork.peer[4] (Node, id=8)  on LivenessPing (GossipMsg, id=2812)
** Event #2356  t=594.199501820793  SupplyChainNetwork.peer[2] (Node, id=6)  on selfmsg MiningTimer (omnetpp::cMessage, id=20)
INFO: MINED BLOCK 78 | Root: 65c60406
** Event #2357  t=594.299501820793  SupplyChainNetwork.seed[1] (Node, id=3)  on BlockData (BlockMsg, id=2815)
INFO: Received longer chain (Block 78). Switching...
** Event #2358  t=594.299501820793  SupplyChainNetwork.peer[1] (Node, id=5)  on BlockData (BlockMsg, id=2816)
INFO: SECURITY ALERT: Double Spending in Block 78!
** Event #2359  t=594.299501820793  SupplyChainNetwork.peer[3] (Node, id=7)  on BlockData (BlockMsg, id=2817)
INFO: SECURITY ALERT: Double Spending in Block 78!
** Event #2360  t=594.399501820793  SupplyChainNetwork.peer[3] (Node, id=7)  on BlockData (BlockMsg, id=2819)
INFO: SECURITY ALERT: Double Spending in Block 78!
** Event #2361  t=594.399501820793  SupplyChainNetwork.seed[0] (Node, id=2)  on BlockData (BlockMsg, id=2820)
INFO: SECURITY ALERT: Double Spending in Block 78!
** Event #2362  t=597.645133414821  SupplyChainNetwork.peer[3] (Node, id=7)  on selfmsg MiningTimer (omnetpp::cMessage, id=25)
INFO: MINED BLOCK 35 | Root: 21f96864
** Event #2363  t=597.745133414821  SupplyChainNetwork.seed[1] (Node, id=3)  on BlockData (BlockMsg, id=2823)
INFO: SECURITY ALERT: Double Spending in Block 35!
** Event #2364  t=597.745133414821  SupplyChainNetwork.peer[2] (Node, id=6)  on BlockData (BlockMsg, id=2824)
INFO: SECURITY ALERT: Double Spending in Block 35!
** Event #2365  t=597.745133414821  SupplyChainNetwork.peer[4] (Node, id=8)  on BlockData (BlockMsg, id=2825)
** Event #2366  t=599  SupplyChainNetwork.seed[0] (Node, id=2)  on selfmsg LivenessTimer (omnetpp::cMessage, id=1)
** Event #2367  t=599  SupplyChainNetwork.seed[1] (Node, id=3)  on selfmsg LivenessTimer (omnetpp::cMessage, id=6)
** Event #2368  t=599  SupplyChainNetwork.peer[0] (Node, id=4)  on selfmsg LivenessTimer (omnetpp::cMessage, id=11)
** Event #2369  t=599  SupplyChainNetwork.peer[1] (Node, id=5)  on selfmsg LivenessTimer (omnetpp::cMessage, id=16)
** Event #2370  t=599  SupplyChainNetwork.peer[2] (Node, id=6)  on selfmsg LivenessTimer (omnetpp::cMessage, id=21)
** Event #2371  t=599.1  SupplyChainNetwork.peer[0] (Node, id=4)  on LivenessPing (GossipMsg, id=2827)
** Event #2372  t=599.1  SupplyChainNetwork.peer[1] (Node, id=5)  on LivenessPing (GossipMsg, id=2828)
** Event #2373  t=599.1  SupplyChainNetwork.peer[4] (Node, id=8)  on LivenessPing (GossipMsg, id=2829)
** Event #2374  t=599.1  SupplyChainNetwork.seed[1] (Node, id=3)  on LivenessPing (GossipMsg, id=2830)
** Event #2375  t=599.1  SupplyChainNetwork.peer[2] (Node, id=6)  on LivenessPing (GossipMsg, id=2832)
** Event #2376  t=599.1  SupplyChainNetwork.peer[3] (Node, id=7)  on LivenessPing (GossipMsg, id=2833)
** Event #2377  t=599.1  SupplyChainNetwork.seed[0] (Node, id=2)  on LivenessPing (GossipMsg, id=2834)
** Event #2378  t=599.1  SupplyChainNetwork.seed[0] (Node, id=2)  on LivenessPing (GossipMsg, id=2836)
** Event #2379  t=599.1  SupplyChainNetwork.peer[1] (Node, id=5)  on LivenessPing (GossipMsg, id=2837)
** Event #2380  t=599.1  SupplyChainNetwork.peer[4] (Node, id=8)  on LivenessPing (GossipMsg, id=2838)
** Event #2381  t=599.1  SupplyChainNetwork.seed[0] (Node, id=2)  on LivenessPing (GossipMsg, id=2840)
** Event #2382  t=599.1  SupplyChainNetwork.peer[0] (Node, id=4)  on LivenessPing (GossipMsg, id=2841)
** Event #2383  t=599.1  SupplyChainNetwork.peer[2] (Node, id=6)  on LivenessPing (GossipMsg, id=2842)
** Event #2384  t=599.1  SupplyChainNetwork.seed[1] (Node, id=3)  on LivenessPing (GossipMsg, id=2844)
** Event #2385  t=599.1  SupplyChainNetwork.peer[1] (Node, id=5)  on LivenessPing (GossipMsg, id=2845)
** Event #2386  t=599.1  SupplyChainNetwork.peer[3] (Node, id=7)  on LivenessPing (GossipMsg, id=2846)
** Event #2387  t=599.156672386266  SupplyChainNetwork.peer[0] (Node, id=4)  on selfmsg MiningTimer (omnetpp::cMessage, id=10)
INFO: MINED BLOCK 81 | Root: 526fd613
** Event #2388  t=599.256672386266  SupplyChainNetwork.seed[0] (Node, id=2)  on BlockData (BlockMsg, id=2849)
INFO: Received longer chain (Block 81). Switching...
** Event #2389  t=599.256672386266  SupplyChainNetwork.peer[1] (Node, id=5)  on BlockData (BlockMsg, id=2850)
INFO: Received longer chain (Block 81). Switching...
** Event #2390  t=599.256672386266  SupplyChainNetwork.peer[4] (Node, id=8)  on BlockData (BlockMsg, id=2851)
** Event #2391  t=599.356672386266  SupplyChainNetwork.peer[1] (Node, id=5)  on BlockData (BlockMsg, id=2853)
** Event #2392  t=599.356672386266  SupplyChainNetwork.peer[4] (Node, id=8)  on BlockData (BlockMsg, id=2854)
** Event #2393  t=599.356672386266  SupplyChainNetwork.seed[1] (Node, id=3)  on BlockData (BlockMsg, id=2855)
INFO: SECURITY ALERT: Double Spending in Block 81!
** Event #2394  t=599.356672386266  SupplyChainNetwork.seed[0] (Node, id=2)  on BlockData (BlockMsg, id=2857)
** Event #2395  t=599.356672386266  SupplyChainNetwork.peer[2] (Node, id=6)  on BlockData (BlockMsg, id=2858)
INFO: SECURITY ALERT: Double Spending in Block 81!
** Event #2396  t=600.69100591991  SupplyChainNetwork.peer[3] (Node, id=7)  on selfmsg MiningTimer (omnetpp::cMessage, id=25)
INFO: MINED BLOCK 36 | Root: a038d6f4
** Event #2397  t=600.79100591991  SupplyChainNetwork.seed[1] (Node, id=3)  on BlockData (BlockMsg, id=2861)
INFO: SECURITY ALERT: Double Spending in Block 36!
** Event #2398  t=600.79100591991  SupplyChainNetwork.peer[2] (Node, id=6)  on BlockData (BlockMsg, id=2862)
INFO: SECURITY ALERT: Double Spending in Block 36!
** Event #2399  t=600.79100591991  SupplyChainNetwork.peer[4] (Node, id=8)  on BlockData (BlockMsg, id=2863)
** Event #2400  t=601.303084683317  SupplyChainNetwork.peer[1] (Node, id=5)  on selfmsg MiningTimer (omnetpp::cMessage, id=15)
INFO: MINED BLOCK 82 | Root: 2eed49db
** Event #2401  t=601.403084683317  SupplyChainNetwork.seed[0] (Node, id=2)  on BlockData (BlockMsg, id=2866)
INFO: Received longer chain (Block 82). Switching...
** Event #2402  t=601.403084683317  SupplyChainNetwork.peer[0] (Node, id=4)  on BlockData (BlockMsg, id=2867)
INFO: Received longer chain (Block 82). Switching...
** Event #2403  t=601.403084683317  SupplyChainNetwork.peer[2] (Node, id=6)  on BlockData (BlockMsg, id=2868)
INFO: SECURITY ALERT: Double Spending in Block 82!
** Event #2404  t=601.503084683317  SupplyChainNetwork.peer[0] (Node, id=4)  on BlockData (BlockMsg, id=2870)
** Event #2405  t=601.503084683317  SupplyChainNetwork.peer[4] (Node, id=8)  on BlockData (BlockMsg, id=2871)
** Event #2406  t=601.503084683317  SupplyChainNetwork.seed[1] (Node, id=3)  on BlockData (BlockMsg, id=2872)
INFO: SECURITY ALERT: Double Spending in Block 82!
** Event #2407  t=601.503084683317  SupplyChainNetwork.seed[0] (Node, id=2)  on BlockData (BlockMsg, id=2874)
** Event #2408  t=601.503084683317  SupplyChainNetwork.peer[4] (Node, id=8)  on BlockData (BlockMsg, id=2875)
** Event #2409  t=606  SupplyChainNetwork.peer[3] (Node, id=7)  on selfmsg LivenessTimer (omnetpp::cMessage, id=26)
INFO: WARNING: Neighbor on gate 2 is DEAD!
** Event #2410  t=606.1  SupplyChainNetwork.seed[1] (Node, id=3)  on LivenessPing (GossipMsg, id=2877)
** Event #2411  t=606.1  SupplyChainNetwork.peer[2] (Node, id=6)  on LivenessPing (GossipMsg, id=2878)
** Event #2412  t=606.1  SupplyChainNetwork.peer[4] (Node, id=8)  on LivenessPing (GossipMsg, id=2879)
** Event #2413  t=612  SupplyChainNetwork.seed[0] (Node, id=2)  on selfmsg LivenessTimer (omnetpp::cMessage, id=1)
INFO: WARNING: Neighbor on gate 2 is DEAD!
** Event #2414  t=612  SupplyChainNetwork.seed[1] (Node, id=3)  on selfmsg LivenessTimer (omnetpp::cMessage, id=6)
** Event #2415  t=612  SupplyChainNetwork.peer[0] (Node, id=4)  on selfmsg LivenessTimer (omnetpp::cMessage, id=11)
INFO: WARNING: Neighbor on gate 2 is DEAD!
** Event #2416  t=612  SupplyChainNetwork.peer[1] (Node, id=5)  on selfmsg LivenessTimer (omnetpp::cMessage, id=16)
** Event #2417  t=612  SupplyChainNetwork.peer[2] (Node, id=6)  on selfmsg LivenessTimer (omnetpp::cMessage, id=21)
** Event #2418  t=612.1  SupplyChainNetwork.peer[0] (Node, id=4)  on LivenessPing (GossipMsg, id=2881)
** Event #2419  t=612.1  SupplyChainNetwork.peer[1] (Node, id=5)  on LivenessPing (GossipMsg, id=2882)
** Event #2420  t=612.1  SupplyChainNetwork.peer[4] (Node, id=8)  on LivenessPing (GossipMsg, id=2883)
** Event #2421  t=612.1  SupplyChainNetwork.seed[1] (Node, id=3)  on LivenessPing (GossipMsg, id=2884)
** Event #2422  t=612.1  SupplyChainNetwork.peer[2] (Node, id=6)  on LivenessPing (GossipMsg, id=2886)
** Event #2423  t=612.1  SupplyChainNetwork.peer[3] (Node, id=7)  on LivenessPing (GossipMsg, id=2887)
** Event #2424  t=612.1  SupplyChainNetwork.seed[0] (Node, id=2)  on LivenessPing (GossipMsg, id=2888)
** Event #2425  t=612.1  SupplyChainNetwork.seed[0] (Node, id=2)  on LivenessPing (GossipMsg, id=2890)
** Event #2426  t=612.1  SupplyChainNetwork.peer[1] (Node, id=5)  on LivenessPing (GossipMsg, id=2891)
** Event #2427  t=612.1  SupplyChainNetwork.peer[4] (Node, id=8)  on LivenessPing (GossipMsg, id=2892)
** Event #2428  t=612.1  SupplyChainNetwork.seed[0] (Node, id=2)  on LivenessPing (GossipMsg, id=2894)
** Event #2429  t=612.1  SupplyChainNetwork.peer[0] (Node, id=4)  on LivenessPing (GossipMsg, id=2895)
** Event #2430  t=612.1  SupplyChainNetwork.peer[2] (Node, id=6)  on LivenessPing (GossipMsg, id=2896)
** Event #2431  t=612.1  SupplyChainNetwork.seed[1] (Node, id=3)  on LivenessPing (GossipMsg, id=2898)
** Event #2432  t=612.1  SupplyChainNetwork.peer[1] (Node, id=5)  on LivenessPing (GossipMsg, id=2899)
** Event #2433  t=612.1  SupplyChainNetwork.peer[3] (Node, id=7)  on LivenessPing (GossipMsg, id=2900)
** Event #2434  t=612.140236948477  SupplyChainNetwork.peer[3] (Node, id=7)  on selfmsg MiningTimer (omnetpp::cMessage, id=25)
INFO: MINED BLOCK 37 | Root: 0760f0b3
** Event #2435  t=612.240236948477  SupplyChainNetwork.seed[1] (Node, id=3)  on BlockData (BlockMsg, id=2903)
INFO: SECURITY ALERT: Double Spending in Block 37!
** Event #2436  t=612.240236948477  SupplyChainNetwork.peer[2] (Node, id=6)  on BlockData (BlockMsg, id=2904)
INFO: SECURITY ALERT: Double Spending in Block 37!
** Event #2437  t=612.240236948477  SupplyChainNetwork.peer[4] (Node, id=8)  on BlockData (BlockMsg, id=2905)
** Event #2438  t=618.171555212944  SupplyChainNetwork.peer[3] (Node, id=7)  on selfmsg MiningTimer (omnetpp::cMessage, id=25)
INFO: MINED BLOCK 38 | Root: 27aae15f
** Event #2439  t=618.271555212944  SupplyChainNetwork.seed[1] (Node, id=3)  on BlockData (BlockMsg, id=2908)
INFO: SECURITY ALERT: Double Spending in Block 38!
** Event #2440  t=618.271555212944  SupplyChainNetwork.peer[2] (Node, id=6)  on BlockData (BlockMsg, id=2909)
INFO: SECURITY ALERT: Double Spending in Block 38!
** Event #2441  t=618.271555212944  SupplyChainNetwork.peer[4] (Node, id=8)  on BlockData (BlockMsg, id=2910)
** Event #2442  t=619  SupplyChainNetwork.peer[3] (Node, id=7)  on selfmsg LivenessTimer (omnetpp::cMessage, id=26)
** Event #2443  t=619.1  SupplyChainNetwork.seed[1] (Node, id=3)  on LivenessPing (GossipMsg, id=2912)
** Event #2444  t=619.1  SupplyChainNetwork.peer[2] (Node, id=6)  on LivenessPing (GossipMsg, id=2913)
** Event #2445  t=619.1  SupplyChainNetwork.peer[4] (Node, id=8)  on LivenessPing (GossipMsg, id=2914)
** Event #2446  t=625  SupplyChainNetwork.seed[0] (Node, id=2)  on selfmsg LivenessTimer (omnetpp::cMessage, id=1)
** Event #2447  t=625  SupplyChainNetwork.seed[1] (Node, id=3)  on selfmsg LivenessTimer (omnetpp::cMessage, id=6)
** Event #2448  t=625  SupplyChainNetwork.peer[0] (Node, id=4)  on selfmsg LivenessTimer (omnetpp::cMessage, id=11)
** Event #2449  t=625  SupplyChainNetwork.peer[1] (Node, id=5)  on selfmsg LivenessTimer (omnetpp::cMessage, id=16)
** Event #2450  t=625  SupplyChainNetwork.peer[2] (Node, id=6)  on selfmsg LivenessTimer (omnetpp::cMessage, id=21)
** Event #2451  t=625.1  SupplyChainNetwork.peer[0] (Node, id=4)  on LivenessPing (GossipMsg, id=2916)
** Event #2452  t=625.1  SupplyChainNetwork.peer[1] (Node, id=5)  on LivenessPing (GossipMsg, id=2917)
** Event #2453  t=625.1  SupplyChainNetwork.peer[4] (Node, id=8)  on LivenessPing (GossipMsg, id=2918)
** Event #2454  t=625.1  SupplyChainNetwork.seed[1] (Node, id=3)  on LivenessPing (GossipMsg, id=2919)
** Event #2455  t=625.1  SupplyChainNetwork.peer[2] (Node, id=6)  on LivenessPing (GossipMsg, id=2921)
** Event #2456  t=625.1  SupplyChainNetwork.peer[3] (Node, id=7)  on LivenessPing (GossipMsg, id=2922)
** Event #2457  t=625.1  SupplyChainNetwork.seed[0] (Node, id=2)  on LivenessPing (GossipMsg, id=2923)
** Event #2458  t=625.1  SupplyChainNetwork.seed[0] (Node, id=2)  on LivenessPing (GossipMsg, id=2925)
** Event #2459  t=625.1  SupplyChainNetwork.peer[1] (Node, id=5)  on LivenessPing (GossipMsg, id=2926)
** Event #2460  t=625.1  SupplyChainNetwork.peer[4] (Node, id=8)  on LivenessPing (GossipMsg, id=2927)
** Event #2461  t=625.1  SupplyChainNetwork.seed[0] (Node, id=2)  on LivenessPing (GossipMsg, id=2929)
** Event #2462  t=625.1  SupplyChainNetwork.peer[0] (Node, id=4)  on LivenessPing (GossipMsg, id=2930)
** Event #2463  t=625.1  SupplyChainNetwork.peer[2] (Node, id=6)  on LivenessPing (GossipMsg, id=2931)
** Event #2464  t=625.1  SupplyChainNetwork.seed[1] (Node, id=3)  on LivenessPing (GossipMsg, id=2933)
** Event #2465  t=625.1  SupplyChainNetwork.peer[1] (Node, id=5)  on LivenessPing (GossipMsg, id=2934)
** Event #2466  t=625.1  SupplyChainNetwork.peer[3] (Node, id=7)  on LivenessPing (GossipMsg, id=2935)
** Event #2467  t=632  SupplyChainNetwork.peer[3] (Node, id=7)  on selfmsg LivenessTimer (omnetpp::cMessage, id=26)
** Event #2468  t=632.1  SupplyChainNetwork.seed[1] (Node, id=3)  on LivenessPing (GossipMsg, id=2937)
** Event #2469  t=632.1  SupplyChainNetwork.peer[2] (Node, id=6)  on LivenessPing (GossipMsg, id=2938)
** Event #2470  t=632.1  SupplyChainNetwork.peer[4] (Node, id=8)  on LivenessPing (GossipMsg, id=2939)
** Event #2471  t=638  SupplyChainNetwork.seed[0] (Node, id=2)  on selfmsg LivenessTimer (omnetpp::cMessage, id=1)
** Event #2472  t=638  SupplyChainNetwork.seed[1] (Node, id=3)  on selfmsg LivenessTimer (omnetpp::cMessage, id=6)
** Event #2473  t=638  SupplyChainNetwork.peer[0] (Node, id=4)  on selfmsg LivenessTimer (omnetpp::cMessage, id=11)
** Event #2474  t=638  SupplyChainNetwork.peer[1] (Node, id=5)  on selfmsg LivenessTimer (omnetpp::cMessage, id=16)
** Event #2475  t=638  SupplyChainNetwork.peer[2] (Node, id=6)  on selfmsg LivenessTimer (omnetpp::cMessage, id=21)
** Event #2476  t=638.1  SupplyChainNetwork.peer[0] (Node, id=4)  on LivenessPing (GossipMsg, id=2941)
** Event #2477  t=638.1  SupplyChainNetwork.peer[1] (Node, id=5)  on LivenessPing (GossipMsg, id=2942)
** Event #2478  t=638.1  SupplyChainNetwork.peer[4] (Node, id=8)  on LivenessPing (GossipMsg, id=2943)
** Event #2479  t=638.1  SupplyChainNetwork.seed[1] (Node, id=3)  on LivenessPing (GossipMsg, id=2944)
** Event #2480  t=638.1  SupplyChainNetwork.peer[2] (Node, id=6)  on LivenessPing (GossipMsg, id=2946)
** Event #2481  t=638.1  SupplyChainNetwork.peer[3] (Node, id=7)  on LivenessPing (GossipMsg, id=2947)
** Event #2482  t=638.1  SupplyChainNetwork.seed[0] (Node, id=2)  on LivenessPing (GossipMsg, id=2948)
** Event #2483  t=638.1  SupplyChainNetwork.seed[0] (Node, id=2)  on LivenessPing (GossipMsg, id=2950)
** Event #2484  t=638.1  SupplyChainNetwork.peer[1] (Node, id=5)  on LivenessPing (GossipMsg, id=2951)
** Event #2485  t=638.1  SupplyChainNetwork.peer[4] (Node, id=8)  on LivenessPing (GossipMsg, id=2952)
** Event #2486  t=638.1  SupplyChainNetwork.seed[0] (Node, id=2)  on LivenessPing (GossipMsg, id=2954)
** Event #2487  t=638.1  SupplyChainNetwork.peer[0] (Node, id=4)  on LivenessPing (GossipMsg, id=2955)
** Event #2488  t=638.1  SupplyChainNetwork.peer[2] (Node, id=6)  on LivenessPing (GossipMsg, id=2956)
** Event #2489  t=638.1  SupplyChainNetwork.seed[1] (Node, id=3)  on LivenessPing (GossipMsg, id=2958)
** Event #2490  t=638.1  SupplyChainNetwork.peer[1] (Node, id=5)  on LivenessPing (GossipMsg, id=2959)
** Event #2491  t=638.1  SupplyChainNetwork.peer[3] (Node, id=7)  on LivenessPing (GossipMsg, id=2960)
** Event #2492  t=639.572181674643  SupplyChainNetwork.peer[2] (Node, id=6)  on selfmsg MiningTimer (omnetpp::cMessage, id=20)
INFO: MINED BLOCK 79 | Root: a088882e
** Event #2493  t=639.672181674643  SupplyChainNetwork.seed[1] (Node, id=3)  on BlockData (BlockMsg, id=2963)
INFO: Received longer chain (Block 79). Switching...
** Event #2494  t=639.672181674643  SupplyChainNetwork.peer[1] (Node, id=5)  on BlockData (BlockMsg, id=2964)
INFO: SECURITY ALERT: Double Spending in Block 79!
** Event #2495  t=639.672181674643  SupplyChainNetwork.peer[3] (Node, id=7)  on BlockData (BlockMsg, id=2965)
INFO: SECURITY ALERT: Double Spending in Block 79!
** Event #2496  t=639.772181674643  SupplyChainNetwork.peer[3] (Node, id=7)  on BlockData (BlockMsg, id=2967)
INFO: SECURITY ALERT: Double Spending in Block 79!
** Event #2497  t=639.772181674643  SupplyChainNetwork.seed[0] (Node, id=2)  on BlockData (BlockMsg, id=2968)
INFO: SECURITY ALERT: Double Spending in Block 79!
** Event #2498  t=645  SupplyChainNetwork.peer[3] (Node, id=7)  on selfmsg LivenessTimer (omnetpp::cMessage, id=26)
** Event #2499  t=645.1  SupplyChainNetwork.seed[1] (Node, id=3)  on LivenessPing (GossipMsg, id=2970)
** Event #2500  t=645.1  SupplyChainNetwork.peer[2] (Node, id=6)  on LivenessPing (GossipMsg, id=2971)
** Event #2501  t=645.1  SupplyChainNetwork.peer[4] (Node, id=8)  on LivenessPing (GossipMsg, id=2972)
** Event #2502  t=645.901377827824  SupplyChainNetwork.peer[0] (Node, id=4)  on selfmsg MiningTimer (omnetpp::cMessage, id=10)
INFO: MINED BLOCK 83 | Root: 182fa699
** Event #2503  t=646.001377827824  SupplyChainNetwork.seed[0] (Node, id=2)  on BlockData (BlockMsg, id=2975)
INFO: Received longer chain (Block 83). Switching...
** Event #2504  t=646.001377827824  SupplyChainNetwork.peer[1] (Node, id=5)  on BlockData (BlockMsg, id=2976)
INFO: Received longer chain (Block 83). Switching...
** Event #2505  t=646.001377827824  SupplyChainNetwork.peer[4] (Node, id=8)  on BlockData (BlockMsg, id=2977)
** Event #2506  t=646.101377827824  SupplyChainNetwork.peer[1] (Node, id=5)  on BlockData (BlockMsg, id=2979)
** Event #2507  t=646.101377827824  SupplyChainNetwork.peer[4] (Node, id=8)  on BlockData (BlockMsg, id=2980)
** Event #2508  t=646.101377827824  SupplyChainNetwork.seed[1] (Node, id=3)  on BlockData (BlockMsg, id=2981)
INFO: SECURITY ALERT: Double Spending in Block 83!
** Event #2509  t=646.101377827824  SupplyChainNetwork.seed[0] (Node, id=2)  on BlockData (BlockMsg, id=2983)
** Event #2510  t=646.101377827824  SupplyChainNetwork.peer[2] (Node, id=6)  on BlockData (BlockMsg, id=2984)
INFO: SECURITY ALERT: Double Spending in Block 83!
** Event #2511  t=650.98950677148  SupplyChainNetwork.peer[3] (Node, id=7)  on selfmsg MiningTimer (omnetpp::cMessage, id=25)
INFO: MINED BLOCK 39 | Root: 58468453
** Event #2512  t=651  SupplyChainNetwork.seed[0] (Node, id=2)  on selfmsg LivenessTimer (omnetpp::cMessage, id=1)
** Event #2513  t=651  SupplyChainNetwork.seed[1] (Node, id=3)  on selfmsg LivenessTimer (omnetpp::cMessage, id=6)
** Event #2514  t=651  SupplyChainNetwork.peer[0] (Node, id=4)  on selfmsg LivenessTimer (omnetpp::cMessage, id=11)
** Event #2515  t=651  SupplyChainNetwork.peer[1] (Node, id=5)  on selfmsg LivenessTimer (omnetpp::cMessage, id=16)
** Event #2516  t=651  SupplyChainNetwork.peer[2] (Node, id=6)  on selfmsg LivenessTimer (omnetpp::cMessage, id=21)
** Event #2517  t=651.08950677148  SupplyChainNetwork.seed[1] (Node, id=3)  on BlockData (BlockMsg, id=2987)
INFO: SECURITY ALERT: Double Spending in Block 39!
** Event #2518  t=651.08950677148  SupplyChainNetwork.peer[2] (Node, id=6)  on BlockData (BlockMsg, id=2988)
INFO: SECURITY ALERT: Double Spending in Block 39!
** Event #2519  t=651.08950677148  SupplyChainNetwork.peer[4] (Node, id=8)  on BlockData (BlockMsg, id=2989)
** Event #2520  t=651.1  SupplyChainNetwork.peer[0] (Node, id=4)  on LivenessPing (GossipMsg, id=2991)
** Event #2521  t=651.1  SupplyChainNetwork.peer[1] (Node, id=5)  on LivenessPing (GossipMsg, id=2992)
** Event #2522  t=651.1  SupplyChainNetwork.peer[4] (Node, id=8)  on LivenessPing (GossipMsg, id=2993)
** Event #2523  t=651.1  SupplyChainNetwork.seed[1] (Node, id=3)  on LivenessPing (GossipMsg, id=2994)
** Event #2524  t=651.1  SupplyChainNetwork.peer[2] (Node, id=6)  on LivenessPing (GossipMsg, id=2996)
** Event #2525  t=651.1  SupplyChainNetwork.peer[3] (Node, id=7)  on LivenessPing (GossipMsg, id=2997)
** Event #2526  t=651.1  SupplyChainNetwork.seed[0] (Node, id=2)  on LivenessPing (GossipMsg, id=2998)
** Event #2527  t=651.1  SupplyChainNetwork.seed[0] (Node, id=2)  on LivenessPing (GossipMsg, id=3000)
** Event #2528  t=651.1  SupplyChainNetwork.peer[1] (Node, id=5)  on LivenessPing (GossipMsg, id=3001)
** Event #2529  t=651.1  SupplyChainNetwork.peer[4] (Node, id=8)  on LivenessPing (GossipMsg, id=3002)
** Event #2530  t=651.1  SupplyChainNetwork.seed[0] (Node, id=2)  on LivenessPing (GossipMsg, id=3004)
** Event #2531  t=651.1  SupplyChainNetwork.peer[0] (Node, id=4)  on LivenessPing (GossipMsg, id=3005)
** Event #2532  t=651.1  SupplyChainNetwork.peer[2] (Node, id=6)  on LivenessPing (GossipMsg, id=3006)
** Event #2533  t=651.1  SupplyChainNetwork.seed[1] (Node, id=3)  on LivenessPing (GossipMsg, id=3008)
** Event #2534  t=651.1  SupplyChainNetwork.peer[1] (Node, id=5)  on LivenessPing (GossipMsg, id=3009)
** Event #2535  t=651.1  SupplyChainNetwork.peer[3] (Node, id=7)  on LivenessPing (GossipMsg, id=3010)
** Event #2536  t=653.101759644056  SupplyChainNetwork.peer[3] (Node, id=7)  on selfmsg MiningTimer (omnetpp::cMessage, id=25)
INFO: MINED BLOCK 40 | Root: 001f5468
** Event #2537  t=653.201759644056  SupplyChainNetwork.seed[1] (Node, id=3)  on BlockData (BlockMsg, id=3013)
INFO: SECURITY ALERT: Double Spending in Block 40!
** Event #2538  t=653.201759644056  SupplyChainNetwork.peer[2] (Node, id=6)  on BlockData (BlockMsg, id=3014)
INFO: SECURITY ALERT: Double Spending in Block 40!
** Event #2539  t=653.201759644056  SupplyChainNetwork.peer[4] (Node, id=8)  on BlockData (BlockMsg, id=3015)
** Event #2540  t=654.973718865568  SupplyChainNetwork.peer[2] (Node, id=6)  on selfmsg MiningTimer (omnetpp::cMessage, id=20)
INFO: MINED BLOCK 80 | Root: 7b2aade8
** Event #2541  t=655.073718865568  SupplyChainNetwork.seed[1] (Node, id=3)  on BlockData (BlockMsg, id=3018)
INFO: Received longer chain (Block 80). Switching...
** Event #2542  t=655.073718865568  SupplyChainNetwork.peer[1] (Node, id=5)  on BlockData (BlockMsg, id=3019)
INFO: SECURITY ALERT: Double Spending in Block 80!
** Event #2543  t=655.073718865568  SupplyChainNetwork.peer[3] (Node, id=7)  on BlockData (BlockMsg, id=3020)
INFO: SECURITY ALERT: Double Spending in Block 80!
** Event #2544  t=655.173718865568  SupplyChainNetwork.peer[3] (Node, id=7)  on BlockData (BlockMsg, id=3022)
INFO: SECURITY ALERT: Double Spending in Block 80!
** Event #2545  t=655.173718865568  SupplyChainNetwork.seed[0] (Node, id=2)  on BlockData (BlockMsg, id=3023)
INFO: SECURITY ALERT: Double Spending in Block 80!
** Event #2546  t=655.199396356063  SupplyChainNetwork.peer[3] (Node, id=7)  on selfmsg MiningTimer (omnetpp::cMessage, id=25)
INFO: MINED BLOCK 41 | Root: ee7b3db1
** Event #2547  t=655.299396356063  SupplyChainNetwork.seed[1] (Node, id=3)  on BlockData (BlockMsg, id=3026)
INFO: SECURITY ALERT: Double Spending in Block 41!
** Event #2548  t=655.299396356063  SupplyChainNetwork.peer[2] (Node, id=6)  on BlockData (BlockMsg, id=3027)
INFO: SECURITY ALERT: Double Spending in Block 41!
** Event #2549  t=655.299396356063  SupplyChainNetwork.peer[4] (Node, id=8)  on BlockData (BlockMsg, id=3028)
** Event #2550  t=657.8828477943  SupplyChainNetwork.peer[1] (Node, id=5)  on selfmsg MiningTimer (omnetpp::cMessage, id=15)
INFO: MINED BLOCK 84 | Root: fa1ae70f
** Event #2551  t=657.9828477943  SupplyChainNetwork.seed[0] (Node, id=2)  on BlockData (BlockMsg, id=3031)
INFO: Received longer chain (Block 84). Switching...
** Event #2552  t=657.9828477943  SupplyChainNetwork.peer[0] (Node, id=4)  on BlockData (BlockMsg, id=3032)
INFO: Received longer chain (Block 84). Switching...
** Event #2553  t=657.9828477943  SupplyChainNetwork.peer[2] (Node, id=6)  on BlockData (BlockMsg, id=3033)
INFO: SECURITY ALERT: Double Spending in Block 84!
** Event #2554  t=658  SupplyChainNetwork.peer[3] (Node, id=7)  on selfmsg LivenessTimer (omnetpp::cMessage, id=26)
INFO: WARNING: Neighbor on gate 2 is DEAD!
** Event #2555  t=658.0828477943  SupplyChainNetwork.peer[0] (Node, id=4)  on BlockData (BlockMsg, id=3035)
** Event #2556  t=658.0828477943  SupplyChainNetwork.peer[4] (Node, id=8)  on BlockData (BlockMsg, id=3036)
** Event #2557  t=658.0828477943  SupplyChainNetwork.seed[1] (Node, id=3)  on BlockData (BlockMsg, id=3037)
INFO: SECURITY ALERT: Double Spending in Block 84!
** Event #2558  t=658.0828477943  SupplyChainNetwork.seed[0] (Node, id=2)  on BlockData (BlockMsg, id=3039)
** Event #2559  t=658.0828477943  SupplyChainNetwork.peer[4] (Node, id=8)  on BlockData (BlockMsg, id=3040)
** Event #2560  t=658.1  SupplyChainNetwork.seed[1] (Node, id=3)  on LivenessPing (GossipMsg, id=3042)
** Event #2561  t=658.1  SupplyChainNetwork.peer[2] (Node, id=6)  on LivenessPing (GossipMsg, id=3043)
** Event #2562  t=658.1  SupplyChainNetwork.peer[4] (Node, id=8)  on LivenessPing (GossipMsg, id=3044)
** Event #2563  t=663.886309474939  SupplyChainNetwork.peer[3] (Node, id=7)  on selfmsg MiningTimer (omnetpp::cMessage, id=25)
INFO: MINED BLOCK 42 | Root: 8ac050db
** Event #2564  t=663.986309474939  SupplyChainNetwork.seed[1] (Node, id=3)  on BlockData (BlockMsg, id=3047)
INFO: SECURITY ALERT: Double Spending in Block 42!
** Event #2565  t=663.986309474939  SupplyChainNetwork.peer[2] (Node, id=6)  on BlockData (BlockMsg, id=3048)
INFO: SECURITY ALERT: Double Spending in Block 42!
** Event #2566  t=663.986309474939  SupplyChainNetwork.peer[4] (Node, id=8)  on BlockData (BlockMsg, id=3049)
** Event #2567  t=664  SupplyChainNetwork.seed[0] (Node, id=2)  on selfmsg LivenessTimer (omnetpp::cMessage, id=1)
INFO: WARNING: Neighbor on gate 2 is DEAD!
** Event #2568  t=664  SupplyChainNetwork.seed[1] (Node, id=3)  on selfmsg LivenessTimer (omnetpp::cMessage, id=6)
** Event #2569  t=664  SupplyChainNetwork.peer[0] (Node, id=4)  on selfmsg LivenessTimer (omnetpp::cMessage, id=11)
INFO: WARNING: Neighbor on gate 2 is DEAD!
** Event #2570  t=664  SupplyChainNetwork.peer[1] (Node, id=5)  on selfmsg LivenessTimer (omnetpp::cMessage, id=16)
** Event #2571  t=664  SupplyChainNetwork.peer[2] (Node, id=6)  on selfmsg LivenessTimer (omnetpp::cMessage, id=21)
** Event #2572  t=664.1  SupplyChainNetwork.peer[0] (Node, id=4)  on LivenessPing (GossipMsg, id=3051)
** Event #2573  t=664.1  SupplyChainNetwork.peer[1] (Node, id=5)  on LivenessPing (GossipMsg, id=3052)
** Event #2574  t=664.1  SupplyChainNetwork.peer[4] (Node, id=8)  on LivenessPing (GossipMsg, id=3053)
** Event #2575  t=664.1  SupplyChainNetwork.seed[1] (Node, id=3)  on LivenessPing (GossipMsg, id=3054)
** Event #2576  t=664.1  SupplyChainNetwork.peer[2] (Node, id=6)  on LivenessPing (GossipMsg, id=3056)
** Event #2577  t=664.1  SupplyChainNetwork.peer[3] (Node, id=7)  on LivenessPing (GossipMsg, id=3057)
** Event #2578  t=664.1  SupplyChainNetwork.seed[0] (Node, id=2)  on LivenessPing (GossipMsg, id=3058)
** Event #2579  t=664.1  SupplyChainNetwork.seed[0] (Node, id=2)  on LivenessPing (GossipMsg, id=3060)
** Event #2580  t=664.1  SupplyChainNetwork.peer[1] (Node, id=5)  on LivenessPing (GossipMsg, id=3061)
** Event #2581  t=664.1  SupplyChainNetwork.peer[4] (Node, id=8)  on LivenessPing (GossipMsg, id=3062)
** Event #2582  t=664.1  SupplyChainNetwork.seed[0] (Node, id=2)  on LivenessPing (GossipMsg, id=3064)
** Event #2583  t=664.1  SupplyChainNetwork.peer[0] (Node, id=4)  on LivenessPing (GossipMsg, id=3065)
** Event #2584  t=664.1  SupplyChainNetwork.peer[2] (Node, id=6)  on LivenessPing (GossipMsg, id=3066)
** Event #2585  t=664.1  SupplyChainNetwork.seed[1] (Node, id=3)  on LivenessPing (GossipMsg, id=3068)
** Event #2586  t=664.1  SupplyChainNetwork.peer[1] (Node, id=5)  on LivenessPing (GossipMsg, id=3069)
** Event #2587  t=664.1  SupplyChainNetwork.peer[3] (Node, id=7)  on LivenessPing (GossipMsg, id=3070)
** Event #2588  t=670.652100148754  SupplyChainNetwork.peer[0] (Node, id=4)  on selfmsg MiningTimer (omnetpp::cMessage, id=10)
INFO: MINED BLOCK 85 | Root: 91893184
** Event #2589  t=670.752100148754  SupplyChainNetwork.seed[0] (Node, id=2)  on BlockData (BlockMsg, id=3073)
INFO: Received longer chain (Block 85). Switching...
** Event #2590  t=670.752100148754  SupplyChainNetwork.peer[1] (Node, id=5)  on BlockData (BlockMsg, id=3074)
INFO: Received longer chain (Block 85). Switching...
** Event #2591  t=670.752100148754  SupplyChainNetwork.peer[4] (Node, id=8)  on BlockData (BlockMsg, id=3075)
** Event #2592  t=670.852100148754  SupplyChainNetwork.peer[1] (Node, id=5)  on BlockData (BlockMsg, id=3077)
** Event #2593  t=670.852100148754  SupplyChainNetwork.peer[4] (Node, id=8)  on BlockData (BlockMsg, id=3078)
** Event #2594  t=670.852100148754  SupplyChainNetwork.seed[1] (Node, id=3)  on BlockData (BlockMsg, id=3079)
INFO: SECURITY ALERT: Double Spending in Block 85!
** Event #2595  t=670.852100148754  SupplyChainNetwork.seed[0] (Node, id=2)  on BlockData (BlockMsg, id=3081)
** Event #2596  t=670.852100148754  SupplyChainNetwork.peer[2] (Node, id=6)  on BlockData (BlockMsg, id=3082)
INFO: SECURITY ALERT: Double Spending in Block 85!
** Event #2597  t=671  SupplyChainNetwork.peer[3] (Node, id=7)  on selfmsg LivenessTimer (omnetpp::cMessage, id=26)
** Event #2598  t=671.1  SupplyChainNetwork.seed[1] (Node, id=3)  on LivenessPing (GossipMsg, id=3084)
** Event #2599  t=671.1  SupplyChainNetwork.peer[2] (Node, id=6)  on LivenessPing (GossipMsg, id=3085)
** Event #2600  t=671.1  SupplyChainNetwork.peer[4] (Node, id=8)  on LivenessPing (GossipMsg, id=3086)
** Event #2601  t=673.989501883  SupplyChainNetwork.peer[1] (Node, id=5)  on selfmsg MiningTimer (omnetpp::cMessage, id=15)
INFO: MINED BLOCK 86 | Root: 06ae4467
** Event #2602  t=674.089501883  SupplyChainNetwork.seed[0] (Node, id=2)  on BlockData (BlockMsg, id=3089)
INFO: Received longer chain (Block 86). Switching...
** Event #2603  t=674.089501883  SupplyChainNetwork.peer[0] (Node, id=4)  on BlockData (BlockMsg, id=3090)
INFO: Received longer chain (Block 86). Switching...
** Event #2604  t=674.089501883  SupplyChainNetwork.peer[2] (Node, id=6)  on BlockData (BlockMsg, id=3091)
INFO: SECURITY ALERT: Double Spending in Block 86!
** Event #2605  t=674.189501883  SupplyChainNetwork.peer[0] (Node, id=4)  on BlockData (BlockMsg, id=3093)
** Event #2606  t=674.189501883  SupplyChainNetwork.peer[4] (Node, id=8)  on BlockData (BlockMsg, id=3094)
** Event #2607  t=674.189501883  SupplyChainNetwork.seed[1] (Node, id=3)  on BlockData (BlockMsg, id=3095)
INFO: SECURITY ALERT: Double Spending in Block 86!
** Event #2608  t=674.189501883  SupplyChainNetwork.seed[0] (Node, id=2)  on BlockData (BlockMsg, id=3097)
** Event #2609  t=674.189501883  SupplyChainNetwork.peer[4] (Node, id=8)  on BlockData (BlockMsg, id=3098)
** Event #2610  t=677  SupplyChainNetwork.seed[0] (Node, id=2)  on selfmsg LivenessTimer (omnetpp::cMessage, id=1)
** Event #2611  t=677  SupplyChainNetwork.seed[1] (Node, id=3)  on selfmsg LivenessTimer (omnetpp::cMessage, id=6)
** Event #2612  t=677  SupplyChainNetwork.peer[0] (Node, id=4)  on selfmsg LivenessTimer (omnetpp::cMessage, id=11)
** Event #2613  t=677  SupplyChainNetwork.peer[1] (Node, id=5)  on selfmsg LivenessTimer (omnetpp::cMessage, id=16)
** Event #2614  t=677  SupplyChainNetwork.peer[2] (Node, id=6)  on selfmsg LivenessTimer (omnetpp::cMessage, id=21)
** Event #2615  t=677.1  SupplyChainNetwork.peer[0] (Node, id=4)  on LivenessPing (GossipMsg, id=3100)
** Event #2616  t=677.1  SupplyChainNetwork.peer[1] (Node, id=5)  on LivenessPing (GossipMsg, id=3101)
** Event #2617  t=677.1  SupplyChainNetwork.peer[4] (Node, id=8)  on LivenessPing (GossipMsg, id=3102)
** Event #2618  t=677.1  SupplyChainNetwork.seed[1] (Node, id=3)  on LivenessPing (GossipMsg, id=3103)
** Event #2619  t=677.1  SupplyChainNetwork.peer[2] (Node, id=6)  on LivenessPing (GossipMsg, id=3105)
** Event #2620  t=677.1  SupplyChainNetwork.peer[3] (Node, id=7)  on LivenessPing (GossipMsg, id=3106)
** Event #2621  t=677.1  SupplyChainNetwork.seed[0] (Node, id=2)  on LivenessPing (GossipMsg, id=3107)
** Event #2622  t=677.1  SupplyChainNetwork.seed[0] (Node, id=2)  on LivenessPing (GossipMsg, id=3109)
** Event #2623  t=677.1  SupplyChainNetwork.peer[1] (Node, id=5)  on LivenessPing (GossipMsg, id=3110)
** Event #2624  t=677.1  SupplyChainNetwork.peer[4] (Node, id=8)  on LivenessPing (GossipMsg, id=3111)
** Event #2625  t=677.1  SupplyChainNetwork.seed[0] (Node, id=2)  on LivenessPing (GossipMsg, id=3113)
** Event #2626  t=677.1  SupplyChainNetwork.peer[0] (Node, id=4)  on LivenessPing (GossipMsg, id=3114)
** Event #2627  t=677.1  SupplyChainNetwork.peer[2] (Node, id=6)  on LivenessPing (GossipMsg, id=3115)
** Event #2628  t=677.1  SupplyChainNetwork.seed[1] (Node, id=3)  on LivenessPing (GossipMsg, id=3117)
** Event #2629  t=677.1  SupplyChainNetwork.peer[1] (Node, id=5)  on LivenessPing (GossipMsg, id=3118)
** Event #2630  t=677.1  SupplyChainNetwork.peer[3] (Node, id=7)  on LivenessPing (GossipMsg, id=3119)
** Event #2631  t=684  SupplyChainNetwork.peer[3] (Node, id=7)  on selfmsg LivenessTimer (omnetpp::cMessage, id=26)
** Event #2632  t=684.1  SupplyChainNetwork.seed[1] (Node, id=3)  on LivenessPing (GossipMsg, id=3121)
** Event #2633  t=684.1  SupplyChainNetwork.peer[2] (Node, id=6)  on LivenessPing (GossipMsg, id=3122)
** Event #2634  t=684.1  SupplyChainNetwork.peer[4] (Node, id=8)  on LivenessPing (GossipMsg, id=3123)
** Event #2635  t=690  SupplyChainNetwork.seed[0] (Node, id=2)  on selfmsg LivenessTimer (omnetpp::cMessage, id=1)
** Event #2636  t=690  SupplyChainNetwork.seed[1] (Node, id=3)  on selfmsg LivenessTimer (omnetpp::cMessage, id=6)
** Event #2637  t=690  SupplyChainNetwork.peer[0] (Node, id=4)  on selfmsg LivenessTimer (omnetpp::cMessage, id=11)
** Event #2638  t=690  SupplyChainNetwork.peer[1] (Node, id=5)  on selfmsg LivenessTimer (omnetpp::cMessage, id=16)
** Event #2639  t=690  SupplyChainNetwork.peer[2] (Node, id=6)  on selfmsg LivenessTimer (omnetpp::cMessage, id=21)
** Event #2640  t=690.1  SupplyChainNetwork.peer[0] (Node, id=4)  on LivenessPing (GossipMsg, id=3125)
** Event #2641  t=690.1  SupplyChainNetwork.peer[1] (Node, id=5)  on LivenessPing (GossipMsg, id=3126)
** Event #2642  t=690.1  SupplyChainNetwork.peer[4] (Node, id=8)  on LivenessPing (GossipMsg, id=3127)
** Event #2643  t=690.1  SupplyChainNetwork.seed[1] (Node, id=3)  on LivenessPing (GossipMsg, id=3128)
** Event #2644  t=690.1  SupplyChainNetwork.peer[2] (Node, id=6)  on LivenessPing (GossipMsg, id=3130)
** Event #2645  t=690.1  SupplyChainNetwork.peer[3] (Node, id=7)  on LivenessPing (GossipMsg, id=3131)
** Event #2646  t=690.1  SupplyChainNetwork.seed[0] (Node, id=2)  on LivenessPing (GossipMsg, id=3132)
** Event #2647  t=690.1  SupplyChainNetwork.seed[0] (Node, id=2)  on LivenessPing (GossipMsg, id=3134)
** Event #2648  t=690.1  SupplyChainNetwork.peer[1] (Node, id=5)  on LivenessPing (GossipMsg, id=3135)
** Event #2649  t=690.1  SupplyChainNetwork.peer[4] (Node, id=8)  on LivenessPing (GossipMsg, id=3136)
** Event #2650  t=690.1  SupplyChainNetwork.seed[0] (Node, id=2)  on LivenessPing (GossipMsg, id=3138)
** Event #2651  t=690.1  SupplyChainNetwork.peer[0] (Node, id=4)  on LivenessPing (GossipMsg, id=3139)
** Event #2652  t=690.1  SupplyChainNetwork.peer[2] (Node, id=6)  on LivenessPing (GossipMsg, id=3140)
** Event #2653  t=690.1  SupplyChainNetwork.seed[1] (Node, id=3)  on LivenessPing (GossipMsg, id=3142)
** Event #2654  t=690.1  SupplyChainNetwork.peer[1] (Node, id=5)  on LivenessPing (GossipMsg, id=3143)
** Event #2655  t=690.1  SupplyChainNetwork.peer[3] (Node, id=7)  on LivenessPing (GossipMsg, id=3144)
** Event #2656  t=697  SupplyChainNetwork.peer[3] (Node, id=7)  on selfmsg LivenessTimer (omnetpp::cMessage, id=26)
** Event #2657  t=697.1  SupplyChainNetwork.seed[1] (Node, id=3)  on LivenessPing (GossipMsg, id=3146)
** Event #2658  t=697.1  SupplyChainNetwork.peer[2] (Node, id=6)  on LivenessPing (GossipMsg, id=3147)
** Event #2659  t=697.1  SupplyChainNetwork.peer[4] (Node, id=8)  on LivenessPing (GossipMsg, id=3148)
** Event #2660  t=703  SupplyChainNetwork.seed[0] (Node, id=2)  on selfmsg LivenessTimer (omnetpp::cMessage, id=1)
** Event #2661  t=703  SupplyChainNetwork.seed[1] (Node, id=3)  on selfmsg LivenessTimer (omnetpp::cMessage, id=6)
** Event #2662  t=703  SupplyChainNetwork.peer[0] (Node, id=4)  on selfmsg LivenessTimer (omnetpp::cMessage, id=11)
** Event #2663  t=703  SupplyChainNetwork.peer[1] (Node, id=5)  on selfmsg LivenessTimer (omnetpp::cMessage, id=16)
** Event #2664  t=703  SupplyChainNetwork.peer[2] (Node, id=6)  on selfmsg LivenessTimer (omnetpp::cMessage, id=21)
** Event #2665  t=703.1  SupplyChainNetwork.peer[0] (Node, id=4)  on LivenessPing (GossipMsg, id=3150)
** Event #2666  t=703.1  SupplyChainNetwork.peer[1] (Node, id=5)  on LivenessPing (GossipMsg, id=3151)
** Event #2667  t=703.1  SupplyChainNetwork.peer[4] (Node, id=8)  on LivenessPing (GossipMsg, id=3152)
** Event #2668  t=703.1  SupplyChainNetwork.seed[1] (Node, id=3)  on LivenessPing (GossipMsg, id=3153)
** Event #2669  t=703.1  SupplyChainNetwork.peer[2] (Node, id=6)  on LivenessPing (GossipMsg, id=3155)
** Event #2670  t=703.1  SupplyChainNetwork.peer[3] (Node, id=7)  on LivenessPing (GossipMsg, id=3156)
** Event #2671  t=703.1  SupplyChainNetwork.seed[0] (Node, id=2)  on LivenessPing (GossipMsg, id=3157)
** Event #2672  t=703.1  SupplyChainNetwork.seed[0] (Node, id=2)  on LivenessPing (GossipMsg, id=3159)
** Event #2673  t=703.1  SupplyChainNetwork.peer[1] (Node, id=5)  on LivenessPing (GossipMsg, id=3160)
** Event #2674  t=703.1  SupplyChainNetwork.peer[4] (Node, id=8)  on LivenessPing (GossipMsg, id=3161)
** Event #2675  t=703.1  SupplyChainNetwork.seed[0] (Node, id=2)  on LivenessPing (GossipMsg, id=3163)
** Event #2676  t=703.1  SupplyChainNetwork.peer[0] (Node, id=4)  on LivenessPing (GossipMsg, id=3164)
** Event #2677  t=703.1  SupplyChainNetwork.peer[2] (Node, id=6)  on LivenessPing (GossipMsg, id=3165)
** Event #2678  t=703.1  SupplyChainNetwork.seed[1] (Node, id=3)  on LivenessPing (GossipMsg, id=3167)
** Event #2679  t=703.1  SupplyChainNetwork.peer[1] (Node, id=5)  on LivenessPing (GossipMsg, id=3168)
** Event #2680  t=703.1  SupplyChainNetwork.peer[3] (Node, id=7)  on LivenessPing (GossipMsg, id=3169)
** Event #2681  t=705.359361467233  SupplyChainNetwork.peer[2] (Node, id=6)  on selfmsg MiningTimer (omnetpp::cMessage, id=20)
INFO: MINED BLOCK 81 | Root: ca4245c4
** Event #2682  t=705.459361467233  SupplyChainNetwork.seed[1] (Node, id=3)  on BlockData (BlockMsg, id=3172)
INFO: Received longer chain (Block 81). Switching...
** Event #2683  t=705.459361467233  SupplyChainNetwork.peer[1] (Node, id=5)  on BlockData (BlockMsg, id=3173)
INFO: SECURITY ALERT: Double Spending in Block 81!
** Event #2684  t=705.459361467233  SupplyChainNetwork.peer[3] (Node, id=7)  on BlockData (BlockMsg, id=3174)
INFO: SECURITY ALERT: Double Spending in Block 81!
** Event #2685  t=705.559361467233  SupplyChainNetwork.peer[3] (Node, id=7)  on BlockData (BlockMsg, id=3176)
INFO: SECURITY ALERT: Double Spending in Block 81!
** Event #2686  t=705.559361467233  SupplyChainNetwork.seed[0] (Node, id=2)  on BlockData (BlockMsg, id=3177)
INFO: SECURITY ALERT: Double Spending in Block 81!
** Event #2687  t=706.125019724928  SupplyChainNetwork.peer[2] (Node, id=6)  on selfmsg MiningTimer (omnetpp::cMessage, id=20)
INFO: MINED BLOCK 82 | Root: c261e3f5
** Event #2688  t=706.225019724928  SupplyChainNetwork.seed[1] (Node, id=3)  on BlockData (BlockMsg, id=3180)
INFO: Received longer chain (Block 82). Switching...
** Event #2689  t=706.225019724928  SupplyChainNetwork.peer[1] (Node, id=5)  on BlockData (BlockMsg, id=3181)
INFO: SECURITY ALERT: Double Spending in Block 82!
** Event #2690  t=706.225019724928  SupplyChainNetwork.peer[3] (Node, id=7)  on BlockData (BlockMsg, id=3182)
INFO: SECURITY ALERT: Double Spending in Block 82!
** Event #2691  t=706.325019724928  SupplyChainNetwork.peer[3] (Node, id=7)  on BlockData (BlockMsg, id=3184)
INFO: SECURITY ALERT: Double Spending in Block 82!
** Event #2692  t=706.325019724928  SupplyChainNetwork.seed[0] (Node, id=2)  on BlockData (BlockMsg, id=3185)
INFO: SECURITY ALERT: Double Spending in Block 82!
** Event #2693  t=709.671531227831  SupplyChainNetwork.peer[2] (Node, id=6)  on selfmsg MiningTimer (omnetpp::cMessage, id=20)
INFO: MINED BLOCK 83 | Root: 7691707e
** Event #2694  t=709.771531227831  SupplyChainNetwork.seed[1] (Node, id=3)  on BlockData (BlockMsg, id=3188)
INFO: Received longer chain (Block 83). Switching...
** Event #2695  t=709.771531227831  SupplyChainNetwork.peer[1] (Node, id=5)  on BlockData (BlockMsg, id=3189)
INFO: SECURITY ALERT: Double Spending in Block 83!
** Event #2696  t=709.771531227831  SupplyChainNetwork.peer[3] (Node, id=7)  on BlockData (BlockMsg, id=3190)
INFO: SECURITY ALERT: Double Spending in Block 83!
** Event #2697  t=709.871531227831  SupplyChainNetwork.peer[3] (Node, id=7)  on BlockData (BlockMsg, id=3192)
INFO: SECURITY ALERT: Double Spending in Block 83!
** Event #2698  t=709.871531227831  SupplyChainNetwork.seed[0] (Node, id=2)  on BlockData (BlockMsg, id=3193)
INFO: SECURITY ALERT: Double Spending in Block 83!
** Event #2699  t=710  SupplyChainNetwork.peer[3] (Node, id=7)  on selfmsg LivenessTimer (omnetpp::cMessage, id=26)
INFO: WARNING: Neighbor on gate 2 is DEAD!
** Event #2700  t=710.1  SupplyChainNetwork.seed[1] (Node, id=3)  on LivenessPing (GossipMsg, id=3195)
** Event #2701  t=710.1  SupplyChainNetwork.peer[2] (Node, id=6)  on LivenessPing (GossipMsg, id=3196)
** Event #2702  t=710.1  SupplyChainNetwork.peer[4] (Node, id=8)  on LivenessPing (GossipMsg, id=3197)
** Event #2703  t=714.607678225065  SupplyChainNetwork.peer[0] (Node, id=4)  on selfmsg MiningTimer (omnetpp::cMessage, id=10)
INFO: MINED BLOCK 87 | Root: 6393e4b4
** Event #2704  t=714.707678225065  SupplyChainNetwork.seed[0] (Node, id=2)  on BlockData (BlockMsg, id=3200)
INFO: Received longer chain (Block 87). Switching...
** Event #2705  t=714.707678225065  SupplyChainNetwork.peer[1] (Node, id=5)  on BlockData (BlockMsg, id=3201)
INFO: Received longer chain (Block 87). Switching...
** Event #2706  t=714.707678225065  SupplyChainNetwork.peer[4] (Node, id=8)  on BlockData (BlockMsg, id=3202)
** Event #2707  t=714.807678225065  SupplyChainNetwork.peer[1] (Node, id=5)  on BlockData (BlockMsg, id=3204)
** Event #2708  t=714.807678225065  SupplyChainNetwork.peer[4] (Node, id=8)  on BlockData (BlockMsg, id=3205)
** Event #2709  t=714.807678225065  SupplyChainNetwork.seed[1] (Node, id=3)  on BlockData (BlockMsg, id=3206)
INFO: SECURITY ALERT: Double Spending in Block 87!
** Event #2710  t=714.807678225065  SupplyChainNetwork.seed[0] (Node, id=2)  on BlockData (BlockMsg, id=3208)
** Event #2711  t=714.807678225065  SupplyChainNetwork.peer[2] (Node, id=6)  on BlockData (BlockMsg, id=3209)
INFO: SECURITY ALERT: Double Spending in Block 87!
** Event #2712  t=716  SupplyChainNetwork.seed[0] (Node, id=2)  on selfmsg LivenessTimer (omnetpp::cMessage, id=1)
INFO: WARNING: Neighbor on gate 2 is DEAD!
** Event #2713  t=716  SupplyChainNetwork.seed[1] (Node, id=3)  on selfmsg LivenessTimer (omnetpp::cMessage, id=6)
** Event #2714  t=716  SupplyChainNetwork.peer[0] (Node, id=4)  on selfmsg LivenessTimer (omnetpp::cMessage, id=11)
INFO: WARNING: Neighbor on gate 2 is DEAD!
** Event #2715  t=716  SupplyChainNetwork.peer[1] (Node, id=5)  on selfmsg LivenessTimer (omnetpp::cMessage, id=16)
** Event #2716  t=716  SupplyChainNetwork.peer[2] (Node, id=6)  on selfmsg LivenessTimer (omnetpp::cMessage, id=21)
** Event #2717  t=716.1  SupplyChainNetwork.peer[0] (Node, id=4)  on LivenessPing (GossipMsg, id=3211)
** Event #2718  t=716.1  SupplyChainNetwork.peer[1] (Node, id=5)  on LivenessPing (GossipMsg, id=3212)
** Event #2719  t=716.1  SupplyChainNetwork.peer[4] (Node, id=8)  on LivenessPing (GossipMsg, id=3213)
** Event #2720  t=716.1  SupplyChainNetwork.seed[1] (Node, id=3)  on LivenessPing (GossipMsg, id=3214)
** Event #2721  t=716.1  SupplyChainNetwork.peer[2] (Node, id=6)  on LivenessPing (GossipMsg, id=3216)
** Event #2722  t=716.1  SupplyChainNetwork.peer[3] (Node, id=7)  on LivenessPing (GossipMsg, id=3217)
** Event #2723  t=716.1  SupplyChainNetwork.seed[0] (Node, id=2)  on LivenessPing (GossipMsg, id=3218)
** Event #2724  t=716.1  SupplyChainNetwork.seed[0] (Node, id=2)  on LivenessPing (GossipMsg, id=3220)
** Event #2725  t=716.1  SupplyChainNetwork.peer[1] (Node, id=5)  on LivenessPing (GossipMsg, id=3221)
** Event #2726  t=716.1  SupplyChainNetwork.peer[4] (Node, id=8)  on LivenessPing (GossipMsg, id=3222)
** Event #2727  t=716.1  SupplyChainNetwork.seed[0] (Node, id=2)  on LivenessPing (GossipMsg, id=3224)
** Event #2728  t=716.1  SupplyChainNetwork.peer[0] (Node, id=4)  on LivenessPing (GossipMsg, id=3225)
** Event #2729  t=716.1  SupplyChainNetwork.peer[2] (Node, id=6)  on LivenessPing (GossipMsg, id=3226)
** Event #2730  t=716.1  SupplyChainNetwork.seed[1] (Node, id=3)  on LivenessPing (GossipMsg, id=3228)
** Event #2731  t=716.1  SupplyChainNetwork.peer[1] (Node, id=5)  on LivenessPing (GossipMsg, id=3229)
** Event #2732  t=716.1  SupplyChainNetwork.peer[3] (Node, id=7)  on LivenessPing (GossipMsg, id=3230)
** Event #2733  t=718.358450262717  SupplyChainNetwork.peer[1] (Node, id=5)  on selfmsg MiningTimer (omnetpp::cMessage, id=15)
INFO: MINED BLOCK 88 | Root: 8de37f16
** Event #2734  t=718.458450262717  SupplyChainNetwork.seed[0] (Node, id=2)  on BlockData (BlockMsg, id=3233)
INFO: Received longer chain (Block 88). Switching...
** Event #2735  t=718.458450262717  SupplyChainNetwork.peer[0] (Node, id=4)  on BlockData (BlockMsg, id=3234)
INFO: Received longer chain (Block 88). Switching...
** Event #2736  t=718.458450262717  SupplyChainNetwork.peer[2] (Node, id=6)  on BlockData (BlockMsg, id=3235)
INFO: SECURITY ALERT: Double Spending in Block 88!
** Event #2737  t=718.558450262717  SupplyChainNetwork.peer[0] (Node, id=4)  on BlockData (BlockMsg, id=3237)
** Event #2738  t=718.558450262717  SupplyChainNetwork.peer[4] (Node, id=8)  on BlockData (BlockMsg, id=3238)
** Event #2739  t=718.558450262717  SupplyChainNetwork.seed[1] (Node, id=3)  on BlockData (BlockMsg, id=3239)
INFO: SECURITY ALERT: Double Spending in Block 88!
** Event #2740  t=718.558450262717  SupplyChainNetwork.seed[0] (Node, id=2)  on BlockData (BlockMsg, id=3241)
** Event #2741  t=718.558450262717  SupplyChainNetwork.peer[4] (Node, id=8)  on BlockData (BlockMsg, id=3242)
** Event #2742  t=721.002124455011  SupplyChainNetwork.peer[1] (Node, id=5)  on selfmsg MiningTimer (omnetpp::cMessage, id=15)
INFO: MINED BLOCK 89 | Root: 345fb81f
** Event #2743  t=721.102124455011  SupplyChainNetwork.seed[0] (Node, id=2)  on BlockData (BlockMsg, id=3245)
INFO: Received longer chain (Block 89). Switching...
** Event #2744  t=721.102124455011  SupplyChainNetwork.peer[0] (Node, id=4)  on BlockData (BlockMsg, id=3246)
INFO: Received longer chain (Block 89). Switching...
** Event #2745  t=721.102124455011  SupplyChainNetwork.peer[2] (Node, id=6)  on BlockData (BlockMsg, id=3247)
INFO: SECURITY ALERT: Double Spending in Block 89!
** Event #2746  t=721.202124455011  SupplyChainNetwork.peer[0] (Node, id=4)  on BlockData (BlockMsg, id=3249)
** Event #2747  t=721.202124455011  SupplyChainNetwork.peer[4] (Node, id=8)  on BlockData (BlockMsg, id=3250)
** Event #2748  t=721.202124455011  SupplyChainNetwork.seed[1] (Node, id=3)  on BlockData (BlockMsg, id=3251)
INFO: SECURITY ALERT: Double Spending in Block 89!
** Event #2749  t=721.202124455011  SupplyChainNetwork.seed[0] (Node, id=2)  on BlockData (BlockMsg, id=3253)
** Event #2750  t=721.202124455011  SupplyChainNetwork.peer[4] (Node, id=8)  on BlockData (BlockMsg, id=3254)
** Event #2751  t=723  SupplyChainNetwork.peer[3] (Node, id=7)  on selfmsg LivenessTimer (omnetpp::cMessage, id=26)
** Event #2752  t=723.1  SupplyChainNetwork.seed[1] (Node, id=3)  on LivenessPing (GossipMsg, id=3256)
** Event #2753  t=723.1  SupplyChainNetwork.peer[2] (Node, id=6)  on LivenessPing (GossipMsg, id=3257)
** Event #2754  t=723.1  SupplyChainNetwork.peer[4] (Node, id=8)  on LivenessPing (GossipMsg, id=3258)
** Event #2755  t=723.86988977231  SupplyChainNetwork.peer[2] (Node, id=6)  on selfmsg MiningTimer (omnetpp::cMessage, id=20)
INFO: MINED BLOCK 84 | Root: 66761dc4
** Event #2756  t=723.96988977231  SupplyChainNetwork.seed[1] (Node, id=3)  on BlockData (BlockMsg, id=3261)
INFO: Received longer chain (Block 84). Switching...
** Event #2757  t=723.96988977231  SupplyChainNetwork.peer[1] (Node, id=5)  on BlockData (BlockMsg, id=3262)
INFO: SECURITY ALERT: Double Spending in Block 84!
** Event #2758  t=723.96988977231  SupplyChainNetwork.peer[3] (Node, id=7)  on BlockData (BlockMsg, id=3263)
INFO: SECURITY ALERT: Double Spending in Block 84!
** Event #2759  t=724.06988977231  SupplyChainNetwork.peer[3] (Node, id=7)  on BlockData (BlockMsg, id=3265)
INFO: SECURITY ALERT: Double Spending in Block 84!
** Event #2760  t=724.06988977231  SupplyChainNetwork.seed[0] (Node, id=2)  on BlockData (BlockMsg, id=3266)
INFO: SECURITY ALERT: Double Spending in Block 84!
** Event #2761  t=729  SupplyChainNetwork.seed[0] (Node, id=2)  on selfmsg LivenessTimer (omnetpp::cMessage, id=1)
** Event #2762  t=729  SupplyChainNetwork.seed[1] (Node, id=3)  on selfmsg LivenessTimer (omnetpp::cMessage, id=6)
** Event #2763  t=729  SupplyChainNetwork.peer[0] (Node, id=4)  on selfmsg LivenessTimer (omnetpp::cMessage, id=11)
** Event #2764  t=729  SupplyChainNetwork.peer[1] (Node, id=5)  on selfmsg LivenessTimer (omnetpp::cMessage, id=16)
** Event #2765  t=729  SupplyChainNetwork.peer[2] (Node, id=6)  on selfmsg LivenessTimer (omnetpp::cMessage, id=21)
** Event #2766  t=729.1  SupplyChainNetwork.peer[0] (Node, id=4)  on LivenessPing (GossipMsg, id=3268)
** Event #2767  t=729.1  SupplyChainNetwork.peer[1] (Node, id=5)  on LivenessPing (GossipMsg, id=3269)
** Event #2768  t=729.1  SupplyChainNetwork.peer[4] (Node, id=8)  on LivenessPing (GossipMsg, id=3270)
** Event #2769  t=729.1  SupplyChainNetwork.seed[1] (Node, id=3)  on LivenessPing (GossipMsg, id=3271)
** Event #2770  t=729.1  SupplyChainNetwork.peer[2] (Node, id=6)  on LivenessPing (GossipMsg, id=3273)
** Event #2771  t=729.1  SupplyChainNetwork.peer[3] (Node, id=7)  on LivenessPing (GossipMsg, id=3274)
** Event #2772  t=729.1  SupplyChainNetwork.seed[0] (Node, id=2)  on LivenessPing (GossipMsg, id=3275)
** Event #2773  t=729.1  SupplyChainNetwork.seed[0] (Node, id=2)  on LivenessPing (GossipMsg, id=3277)
** Event #2774  t=729.1  SupplyChainNetwork.peer[1] (Node, id=5)  on LivenessPing (GossipMsg, id=3278)
** Event #2775  t=729.1  SupplyChainNetwork.peer[4] (Node, id=8)  on LivenessPing (GossipMsg, id=3279)
** Event #2776  t=729.1  SupplyChainNetwork.seed[0] (Node, id=2)  on LivenessPing (GossipMsg, id=3281)
** Event #2777  t=729.1  SupplyChainNetwork.peer[0] (Node, id=4)  on LivenessPing (GossipMsg, id=3282)
** Event #2778  t=729.1  SupplyChainNetwork.peer[2] (Node, id=6)  on LivenessPing (GossipMsg, id=3283)
** Event #2779  t=729.1  SupplyChainNetwork.seed[1] (Node, id=3)  on LivenessPing (GossipMsg, id=3285)
** Event #2780  t=729.1  SupplyChainNetwork.peer[1] (Node, id=5)  on LivenessPing (GossipMsg, id=3286)
** Event #2781  t=729.1  SupplyChainNetwork.peer[3] (Node, id=7)  on LivenessPing (GossipMsg, id=3287)
** Event #2782  t=736  SupplyChainNetwork.peer[3] (Node, id=7)  on selfmsg LivenessTimer (omnetpp::cMessage, id=26)
** Event #2783  t=736.1  SupplyChainNetwork.seed[1] (Node, id=3)  on LivenessPing (GossipMsg, id=3289)
** Event #2784  t=736.1  SupplyChainNetwork.peer[2] (Node, id=6)  on LivenessPing (GossipMsg, id=3290)
** Event #2785  t=736.1  SupplyChainNetwork.peer[4] (Node, id=8)  on LivenessPing (GossipMsg, id=3291)
** Event #2786  t=742  SupplyChainNetwork.seed[0] (Node, id=2)  on selfmsg LivenessTimer (omnetpp::cMessage, id=1)
** Event #2787  t=742  SupplyChainNetwork.seed[1] (Node, id=3)  on selfmsg LivenessTimer (omnetpp::cMessage, id=6)
** Event #2788  t=742  SupplyChainNetwork.peer[0] (Node, id=4)  on selfmsg LivenessTimer (omnetpp::cMessage, id=11)
** Event #2789  t=742  SupplyChainNetwork.peer[1] (Node, id=5)  on selfmsg LivenessTimer (omnetpp::cMessage, id=16)
** Event #2790  t=742  SupplyChainNetwork.peer[2] (Node, id=6)  on selfmsg LivenessTimer (omnetpp::cMessage, id=21)
** Event #2791  t=742.1  SupplyChainNetwork.peer[0] (Node, id=4)  on LivenessPing (GossipMsg, id=3293)
** Event #2792  t=742.1  SupplyChainNetwork.peer[1] (Node, id=5)  on LivenessPing (GossipMsg, id=3294)
** Event #2793  t=742.1  SupplyChainNetwork.peer[4] (Node, id=8)  on LivenessPing (GossipMsg, id=3295)
** Event #2794  t=742.1  SupplyChainNetwork.seed[1] (Node, id=3)  on LivenessPing (GossipMsg, id=3296)
** Event #2795  t=742.1  SupplyChainNetwork.peer[2] (Node, id=6)  on LivenessPing (GossipMsg, id=3298)
** Event #2796  t=742.1  SupplyChainNetwork.peer[3] (Node, id=7)  on LivenessPing (GossipMsg, id=3299)
** Event #2797  t=742.1  SupplyChainNetwork.seed[0] (Node, id=2)  on LivenessPing (GossipMsg, id=3300)
** Event #2798  t=742.1  SupplyChainNetwork.seed[0] (Node, id=2)  on LivenessPing (GossipMsg, id=3302)
** Event #2799  t=742.1  SupplyChainNetwork.peer[1] (Node, id=5)  on LivenessPing (GossipMsg, id=3303)
** Event #2800  t=742.1  SupplyChainNetwork.peer[4] (Node, id=8)  on LivenessPing (GossipMsg, id=3304)
** Event #2801  t=742.1  SupplyChainNetwork.seed[0] (Node, id=2)  on LivenessPing (GossipMsg, id=3306)
** Event #2802  t=742.1  SupplyChainNetwork.peer[0] (Node, id=4)  on LivenessPing (GossipMsg, id=3307)
** Event #2803  t=742.1  SupplyChainNetwork.peer[2] (Node, id=6)  on LivenessPing (GossipMsg, id=3308)
** Event #2804  t=742.1  SupplyChainNetwork.seed[1] (Node, id=3)  on LivenessPing (GossipMsg, id=3310)
** Event #2805  t=742.1  SupplyChainNetwork.peer[1] (Node, id=5)  on LivenessPing (GossipMsg, id=3311)
** Event #2806  t=742.1  SupplyChainNetwork.peer[3] (Node, id=7)  on LivenessPing (GossipMsg, id=3312)
** Event #2807  t=749  SupplyChainNetwork.peer[3] (Node, id=7)  on selfmsg LivenessTimer (omnetpp::cMessage, id=26)
** Event #2808  t=749.1  SupplyChainNetwork.seed[1] (Node, id=3)  on LivenessPing (GossipMsg, id=3314)
** Event #2809  t=749.1  SupplyChainNetwork.peer[2] (Node, id=6)  on LivenessPing (GossipMsg, id=3315)
** Event #2810  t=749.1  SupplyChainNetwork.peer[4] (Node, id=8)  on LivenessPing (GossipMsg, id=3316)
** Event #2811  t=755  SupplyChainNetwork.seed[0] (Node, id=2)  on selfmsg LivenessTimer (omnetpp::cMessage, id=1)
** Event #2812  t=755  SupplyChainNetwork.seed[1] (Node, id=3)  on selfmsg LivenessTimer (omnetpp::cMessage, id=6)
** Event #2813  t=755  SupplyChainNetwork.peer[0] (Node, id=4)  on selfmsg LivenessTimer (omnetpp::cMessage, id=11)
** Event #2814  t=755  SupplyChainNetwork.peer[1] (Node, id=5)  on selfmsg LivenessTimer (omnetpp::cMessage, id=16)
** Event #2815  t=755  SupplyChainNetwork.peer[2] (Node, id=6)  on selfmsg LivenessTimer (omnetpp::cMessage, id=21)
** Event #2816  t=755.1  SupplyChainNetwork.peer[0] (Node, id=4)  on LivenessPing (GossipMsg, id=3318)
** Event #2817  t=755.1  SupplyChainNetwork.peer[1] (Node, id=5)  on LivenessPing (GossipMsg, id=3319)
** Event #2818  t=755.1  SupplyChainNetwork.peer[4] (Node, id=8)  on LivenessPing (GossipMsg, id=3320)
** Event #2819  t=755.1  SupplyChainNetwork.seed[1] (Node, id=3)  on LivenessPing (GossipMsg, id=3321)
** Event #2820  t=755.1  SupplyChainNetwork.peer[2] (Node, id=6)  on LivenessPing (GossipMsg, id=3323)
** Event #2821  t=755.1  SupplyChainNetwork.peer[3] (Node, id=7)  on LivenessPing (GossipMsg, id=3324)
** Event #2822  t=755.1  SupplyChainNetwork.seed[0] (Node, id=2)  on LivenessPing (GossipMsg, id=3325)
** Event #2823  t=755.1  SupplyChainNetwork.seed[0] (Node, id=2)  on LivenessPing (GossipMsg, id=3327)
** Event #2824  t=755.1  SupplyChainNetwork.peer[1] (Node, id=5)  on LivenessPing (GossipMsg, id=3328)
** Event #2825  t=755.1  SupplyChainNetwork.peer[4] (Node, id=8)  on LivenessPing (GossipMsg, id=3329)
** Event #2826  t=755.1  SupplyChainNetwork.seed[0] (Node, id=2)  on LivenessPing (GossipMsg, id=3331)
** Event #2827  t=755.1  SupplyChainNetwork.peer[0] (Node, id=4)  on LivenessPing (GossipMsg, id=3332)
** Event #2828  t=755.1  SupplyChainNetwork.peer[2] (Node, id=6)  on LivenessPing (GossipMsg, id=3333)
** Event #2829  t=755.1  SupplyChainNetwork.seed[1] (Node, id=3)  on LivenessPing (GossipMsg, id=3335)
** Event #2830  t=755.1  SupplyChainNetwork.peer[1] (Node, id=5)  on LivenessPing (GossipMsg, id=3336)
** Event #2831  t=755.1  SupplyChainNetwork.peer[3] (Node, id=7)  on LivenessPing (GossipMsg, id=3337)
** Event #2832  t=756.804271798847  SupplyChainNetwork.peer[2] (Node, id=6)  on selfmsg MiningTimer (omnetpp::cMessage, id=20)
INFO: MINED BLOCK 85 | Root: 537d06bc
** Event #2833  t=756.904271798847  SupplyChainNetwork.seed[1] (Node, id=3)  on BlockData (BlockMsg, id=3340)
INFO: Received longer chain (Block 85). Switching...
** Event #2834  t=756.904271798847  SupplyChainNetwork.peer[1] (Node, id=5)  on BlockData (BlockMsg, id=3341)
INFO: SECURITY ALERT: Double Spending in Block 85!
** Event #2835  t=756.904271798847  SupplyChainNetwork.peer[3] (Node, id=7)  on BlockData (BlockMsg, id=3342)
INFO: SECURITY ALERT: Double Spending in Block 85!
** Event #2836  t=757.004271798847  SupplyChainNetwork.peer[3] (Node, id=7)  on BlockData (BlockMsg, id=3344)
INFO: SECURITY ALERT: Double Spending in Block 85!
** Event #2837  t=757.004271798847  SupplyChainNetwork.seed[0] (Node, id=2)  on BlockData (BlockMsg, id=3345)
INFO: SECURITY ALERT: Double Spending in Block 85!
** Event #2838  t=758.680702186732  SupplyChainNetwork.peer[1] (Node, id=5)  on selfmsg MiningTimer (omnetpp::cMessage, id=15)
INFO: MINED BLOCK 90 | Root: e16e9a99
** Event #2839  t=758.780702186732  SupplyChainNetwork.seed[0] (Node, id=2)  on BlockData (BlockMsg, id=3348)
INFO: Received longer chain (Block 90). Switching...
** Event #2840  t=758.780702186732  SupplyChainNetwork.peer[0] (Node, id=4)  on BlockData (BlockMsg, id=3349)
INFO: Received longer chain (Block 90). Switching...
** Event #2841  t=758.780702186732  SupplyChainNetwork.peer[2] (Node, id=6)  on BlockData (BlockMsg, id=3350)
INFO: SECURITY ALERT: Double Spending in Block 90!
** Event #2842  t=758.880702186732  SupplyChainNetwork.peer[0] (Node, id=4)  on BlockData (BlockMsg, id=3352)
** Event #2843  t=758.880702186732  SupplyChainNetwork.peer[4] (Node, id=8)  on BlockData (BlockMsg, id=3353)
** Event #2844  t=758.880702186732  SupplyChainNetwork.seed[1] (Node, id=3)  on BlockData (BlockMsg, id=3354)
INFO: SECURITY ALERT: Double Spending in Block 90!
** Event #2845  t=758.880702186732  SupplyChainNetwork.seed[0] (Node, id=2)  on BlockData (BlockMsg, id=3356)
** Event #2846  t=758.880702186732  SupplyChainNetwork.peer[4] (Node, id=8)  on BlockData (BlockMsg, id=3357)
** Event #2847  t=761.796522390609  SupplyChainNetwork.peer[0] (Node, id=4)  on selfmsg MiningTimer (omnetpp::cMessage, id=10)
INFO: MINED BLOCK 91 | Root: 82d801de
** Event #2848  t=761.896522390609  SupplyChainNetwork.seed[0] (Node, id=2)  on BlockData (BlockMsg, id=3360)
INFO: Received longer chain (Block 91). Switching...
** Event #2849  t=761.896522390609  SupplyChainNetwork.peer[1] (Node, id=5)  on BlockData (BlockMsg, id=3361)
INFO: Received longer chain (Block 91). Switching...
** Event #2850  t=761.896522390609  SupplyChainNetwork.peer[4] (Node, id=8)  on BlockData (BlockMsg, id=3362)
** Event #2851  t=761.996522390609  SupplyChainNetwork.peer[1] (Node, id=5)  on BlockData (BlockMsg, id=3364)
** Event #2852  t=761.996522390609  SupplyChainNetwork.peer[4] (Node, id=8)  on BlockData (BlockMsg, id=3365)
** Event #2853  t=761.996522390609  SupplyChainNetwork.seed[1] (Node, id=3)  on BlockData (BlockMsg, id=3366)
INFO: SECURITY ALERT: Double Spending in Block 91!
** Event #2854  t=761.996522390609  SupplyChainNetwork.seed[0] (Node, id=2)  on BlockData (BlockMsg, id=3368)
** Event #2855  t=761.996522390609  SupplyChainNetwork.peer[2] (Node, id=6)  on BlockData (BlockMsg, id=3369)
INFO: SECURITY ALERT: Double Spending in Block 91!
** Event #2856  t=762  SupplyChainNetwork.peer[3] (Node, id=7)  on selfmsg LivenessTimer (omnetpp::cMessage, id=26)
INFO: WARNING: Neighbor on gate 2 is DEAD!
** Event #2857  t=762.1  SupplyChainNetwork.seed[1] (Node, id=3)  on LivenessPing (GossipMsg, id=3371)
** Event #2858  t=762.1  SupplyChainNetwork.peer[2] (Node, id=6)  on LivenessPing (GossipMsg, id=3372)
** Event #2859  t=762.1  SupplyChainNetwork.peer[4] (Node, id=8)  on LivenessPing (GossipMsg, id=3373)
** Event #2860  t=762.572258101647  SupplyChainNetwork.peer[1] (Node, id=5)  on selfmsg MiningTimer (omnetpp::cMessage, id=15)
INFO: MINED BLOCK 92 | Root: c439d630
** Event #2861  t=762.672258101647  SupplyChainNetwork.seed[0] (Node, id=2)  on BlockData (BlockMsg, id=3376)
INFO: Received longer chain (Block 92). Switching...
** Event #2862  t=762.672258101647  SupplyChainNetwork.peer[0] (Node, id=4)  on BlockData (BlockMsg, id=3377)
INFO: Received longer chain (Block 92). Switching...
** Event #2863  t=762.672258101647  SupplyChainNetwork.peer[2] (Node, id=6)  on BlockData (BlockMsg, id=3378)
INFO: SECURITY ALERT: Double Spending in Block 92!
** Event #2864  t=762.772258101647  SupplyChainNetwork.peer[0] (Node, id=4)  on BlockData (BlockMsg, id=3380)
** Event #2865  t=762.772258101647  SupplyChainNetwork.peer[4] (Node, id=8)  on BlockData (BlockMsg, id=3381)
** Event #2866  t=762.772258101647  SupplyChainNetwork.seed[1] (Node, id=3)  on BlockData (BlockMsg, id=3382)
INFO: SECURITY ALERT: Double Spending in Block 92!
** Event #2867  t=762.772258101647  SupplyChainNetwork.seed[0] (Node, id=2)  on BlockData (BlockMsg, id=3384)
** Event #2868  t=762.772258101647  SupplyChainNetwork.peer[4] (Node, id=8)  on BlockData (BlockMsg, id=3385)
** Event #2869  t=764.005765787905  SupplyChainNetwork.peer[1] (Node, id=5)  on selfmsg MiningTimer (omnetpp::cMessage, id=15)
INFO: MINED BLOCK 93 | Root: c7a301a5
** Event #2870  t=764.105765787905  SupplyChainNetwork.seed[0] (Node, id=2)  on BlockData (BlockMsg, id=3388)
INFO: Received longer chain (Block 93). Switching...
** Event #2871  t=764.105765787905  SupplyChainNetwork.peer[0] (Node, id=4)  on BlockData (BlockMsg, id=3389)
INFO: Received longer chain (Block 93). Switching...
** Event #2872  t=764.105765787905  SupplyChainNetwork.peer[2] (Node, id=6)  on BlockData (BlockMsg, id=3390)
INFO: SECURITY ALERT: Double Spending in Block 93!
** Event #2873  t=764.205765787905  SupplyChainNetwork.peer[0] (Node, id=4)  on BlockData (BlockMsg, id=3392)
** Event #2874  t=764.205765787905  SupplyChainNetwork.peer[4] (Node, id=8)  on BlockData (BlockMsg, id=3393)
** Event #2875  t=764.205765787905  SupplyChainNetwork.seed[1] (Node, id=3)  on BlockData (BlockMsg, id=3394)
INFO: SECURITY ALERT: Double Spending in Block 93!
** Event #2876  t=764.205765787905  SupplyChainNetwork.seed[0] (Node, id=2)  on BlockData (BlockMsg, id=3396)
** Event #2877  t=764.205765787905  SupplyChainNetwork.peer[4] (Node, id=8)  on BlockData (BlockMsg, id=3397)
** Event #2878  t=767.404329361581  SupplyChainNetwork.peer[2] (Node, id=6)  on selfmsg MiningTimer (omnetpp::cMessage, id=20)
INFO: MINED BLOCK 86 | Root: bf78eb21
** Event #2879  t=767.504329361581  SupplyChainNetwork.seed[1] (Node, id=3)  on BlockData (BlockMsg, id=3400)
INFO: Received longer chain (Block 86). Switching...
** Event #2880  t=767.504329361581  SupplyChainNetwork.peer[1] (Node, id=5)  on BlockData (BlockMsg, id=3401)
INFO: SECURITY ALERT: Double Spending in Block 86!
** Event #2881  t=767.504329361581  SupplyChainNetwork.peer[3] (Node, id=7)  on BlockData (BlockMsg, id=3402)
INFO: SECURITY ALERT: Double Spending in Block 86!
** Event #2882  t=767.604329361581  SupplyChainNetwork.peer[3] (Node, id=7)  on BlockData (BlockMsg, id=3404)
INFO: SECURITY ALERT: Double Spending in Block 86!
** Event #2883  t=767.604329361581  SupplyChainNetwork.seed[0] (Node, id=2)  on BlockData (BlockMsg, id=3405)
INFO: SECURITY ALERT: Double Spending in Block 86!
** Event #2884  t=768  SupplyChainNetwork.seed[0] (Node, id=2)  on selfmsg LivenessTimer (omnetpp::cMessage, id=1)
INFO: WARNING: Neighbor on gate 2 is DEAD!
** Event #2885  t=768  SupplyChainNetwork.seed[1] (Node, id=3)  on selfmsg LivenessTimer (omnetpp::cMessage, id=6)
** Event #2886  t=768  SupplyChainNetwork.peer[0] (Node, id=4)  on selfmsg LivenessTimer (omnetpp::cMessage, id=11)
INFO: WARNING: Neighbor on gate 2 is DEAD!
** Event #2887  t=768  SupplyChainNetwork.peer[1] (Node, id=5)  on selfmsg LivenessTimer (omnetpp::cMessage, id=16)
** Event #2888  t=768  SupplyChainNetwork.peer[2] (Node, id=6)  on selfmsg LivenessTimer (omnetpp::cMessage, id=21)
** Event #2889  t=768.1  SupplyChainNetwork.peer[0] (Node, id=4)  on LivenessPing (GossipMsg, id=3407)
** Event #2890  t=768.1  SupplyChainNetwork.peer[1] (Node, id=5)  on LivenessPing (GossipMsg, id=3408)
** Event #2891  t=768.1  SupplyChainNetwork.peer[4] (Node, id=8)  on LivenessPing (GossipMsg, id=3409)
** Event #2892  t=768.1  SupplyChainNetwork.seed[1] (Node, id=3)  on LivenessPing (GossipMsg, id=3410)
** Event #2893  t=768.1  SupplyChainNetwork.peer[2] (Node, id=6)  on LivenessPing (GossipMsg, id=3412)
** Event #2894  t=768.1  SupplyChainNetwork.peer[3] (Node, id=7)  on LivenessPing (GossipMsg, id=3413)
** Event #2895  t=768.1  SupplyChainNetwork.seed[0] (Node, id=2)  on LivenessPing (GossipMsg, id=3414)
** Event #2896  t=768.1  SupplyChainNetwork.seed[0] (Node, id=2)  on LivenessPing (GossipMsg, id=3416)
** Event #2897  t=768.1  SupplyChainNetwork.peer[1] (Node, id=5)  on LivenessPing (GossipMsg, id=3417)
** Event #2898  t=768.1  SupplyChainNetwork.peer[4] (Node, id=8)  on LivenessPing (GossipMsg, id=3418)
** Event #2899  t=768.1  SupplyChainNetwork.seed[0] (Node, id=2)  on LivenessPing (GossipMsg, id=3420)
** Event #2900  t=768.1  SupplyChainNetwork.peer[0] (Node, id=4)  on LivenessPing (GossipMsg, id=3421)
** Event #2901  t=768.1  SupplyChainNetwork.peer[2] (Node, id=6)  on LivenessPing (GossipMsg, id=3422)
** Event #2902  t=768.1  SupplyChainNetwork.seed[1] (Node, id=3)  on LivenessPing (GossipMsg, id=3424)
** Event #2903  t=768.1  SupplyChainNetwork.peer[1] (Node, id=5)  on LivenessPing (GossipMsg, id=3425)
** Event #2904  t=768.1  SupplyChainNetwork.peer[3] (Node, id=7)  on LivenessPing (GossipMsg, id=3426)
** Event #2905  t=773.451217116103  SupplyChainNetwork.peer[0] (Node, id=4)  on selfmsg MiningTimer (omnetpp::cMessage, id=10)
INFO: MINED BLOCK 94 | Root: db226779
** Event #2906  t=773.551217116103  SupplyChainNetwork.seed[0] (Node, id=2)  on BlockData (BlockMsg, id=3429)
INFO: Received longer chain (Block 94). Switching...
** Event #2907  t=773.551217116103  SupplyChainNetwork.peer[1] (Node, id=5)  on BlockData (BlockMsg, id=3430)
INFO: Received longer chain (Block 94). Switching...
** Event #2908  t=773.551217116103  SupplyChainNetwork.peer[4] (Node, id=8)  on BlockData (BlockMsg, id=3431)
** Event #2909  t=773.651217116103  SupplyChainNetwork.peer[1] (Node, id=5)  on BlockData (BlockMsg, id=3433)
** Event #2910  t=773.651217116103  SupplyChainNetwork.peer[4] (Node, id=8)  on BlockData (BlockMsg, id=3434)
** Event #2911  t=773.651217116103  SupplyChainNetwork.seed[1] (Node, id=3)  on BlockData (BlockMsg, id=3435)
INFO: SECURITY ALERT: Double Spending in Block 94!
** Event #2912  t=773.651217116103  SupplyChainNetwork.seed[0] (Node, id=2)  on BlockData (BlockMsg, id=3437)
** Event #2913  t=773.651217116103  SupplyChainNetwork.peer[2] (Node, id=6)  on BlockData (BlockMsg, id=3438)
INFO: SECURITY ALERT: Double Spending in Block 94!
** Event #2914  t=775  SupplyChainNetwork.peer[3] (Node, id=7)  on selfmsg LivenessTimer (omnetpp::cMessage, id=26)
** Event #2915  t=775.1  SupplyChainNetwork.seed[1] (Node, id=3)  on LivenessPing (GossipMsg, id=3440)
** Event #2916  t=775.1  SupplyChainNetwork.peer[2] (Node, id=6)  on LivenessPing (GossipMsg, id=3441)
** Event #2917  t=775.1  SupplyChainNetwork.peer[4] (Node, id=8)  on LivenessPing (GossipMsg, id=3442)
** Event #2918  t=779.490310798533  SupplyChainNetwork.peer[2] (Node, id=6)  on selfmsg MiningTimer (omnetpp::cMessage, id=20)
INFO: MINED BLOCK 87 | Root: aafce203
** Event #2919  t=779.590310798533  SupplyChainNetwork.seed[1] (Node, id=3)  on BlockData (BlockMsg, id=3445)
INFO: Received longer chain (Block 87). Switching...
** Event #2920  t=779.590310798533  SupplyChainNetwork.peer[1] (Node, id=5)  on BlockData (BlockMsg, id=3446)
INFO: SECURITY ALERT: Double Spending in Block 87!
** Event #2921  t=779.590310798533  SupplyChainNetwork.peer[3] (Node, id=7)  on BlockData (BlockMsg, id=3447)
INFO: SECURITY ALERT: Double Spending in Block 87!
** Event #2922  t=779.690310798533  SupplyChainNetwork.peer[3] (Node, id=7)  on BlockData (BlockMsg, id=3449)
INFO: SECURITY ALERT: Double Spending in Block 87!
** Event #2923  t=779.690310798533  SupplyChainNetwork.seed[0] (Node, id=2)  on BlockData (BlockMsg, id=3450)
INFO: SECURITY ALERT: Double Spending in Block 87!
** Event #2924  t=780.528561842192  SupplyChainNetwork.peer[2] (Node, id=6)  on selfmsg MiningTimer (omnetpp::cMessage, id=20)
INFO: MINED BLOCK 88 | Root: 0f380b6c
** Event #2925  t=780.628561842192  SupplyChainNetwork.seed[1] (Node, id=3)  on BlockData (BlockMsg, id=3453)
INFO: Received longer chain (Block 88). Switching...
** Event #2926  t=780.628561842192  SupplyChainNetwork.peer[1] (Node, id=5)  on BlockData (BlockMsg, id=3454)
INFO: SECURITY ALERT: Double Spending in Block 88!
** Event #2927  t=780.628561842192  SupplyChainNetwork.peer[3] (Node, id=7)  on BlockData (BlockMsg, id=3455)
INFO: SECURITY ALERT: Double Spending in Block 88!
** Event #2928  t=780.728561842192  SupplyChainNetwork.peer[3] (Node, id=7)  on BlockData (BlockMsg, id=3457)
INFO: SECURITY ALERT: Double Spending in Block 88!
** Event #2929  t=780.728561842192  SupplyChainNetwork.seed[0] (Node, id=2)  on BlockData (BlockMsg, id=3458)
INFO: SECURITY ALERT: Double Spending in Block 88!
** Event #2930  t=781  SupplyChainNetwork.seed[0] (Node, id=2)  on selfmsg LivenessTimer (omnetpp::cMessage, id=1)
** Event #2931  t=781  SupplyChainNetwork.seed[1] (Node, id=3)  on selfmsg LivenessTimer (omnetpp::cMessage, id=6)
** Event #2932  t=781  SupplyChainNetwork.peer[0] (Node, id=4)  on selfmsg LivenessTimer (omnetpp::cMessage, id=11)
** Event #2933  t=781  SupplyChainNetwork.peer[1] (Node, id=5)  on selfmsg LivenessTimer (omnetpp::cMessage, id=16)
** Event #2934  t=781  SupplyChainNetwork.peer[2] (Node, id=6)  on selfmsg LivenessTimer (omnetpp::cMessage, id=21)
** Event #2935  t=781.1  SupplyChainNetwork.peer[0] (Node, id=4)  on LivenessPing (GossipMsg, id=3460)
** Event #2936  t=781.1  SupplyChainNetwork.peer[1] (Node, id=5)  on LivenessPing (GossipMsg, id=3461)
** Event #2937  t=781.1  SupplyChainNetwork.peer[4] (Node, id=8)  on LivenessPing (GossipMsg, id=3462)
** Event #2938  t=781.1  SupplyChainNetwork.seed[1] (Node, id=3)  on LivenessPing (GossipMsg, id=3463)
** Event #2939  t=781.1  SupplyChainNetwork.peer[2] (Node, id=6)  on LivenessPing (GossipMsg, id=3465)
** Event #2940  t=781.1  SupplyChainNetwork.peer[3] (Node, id=7)  on LivenessPing (GossipMsg, id=3466)
** Event #2941  t=781.1  SupplyChainNetwork.seed[0] (Node, id=2)  on LivenessPing (GossipMsg, id=3467)
** Event #2942  t=781.1  SupplyChainNetwork.seed[0] (Node, id=2)  on LivenessPing (GossipMsg, id=3469)
** Event #2943  t=781.1  SupplyChainNetwork.peer[1] (Node, id=5)  on LivenessPing (GossipMsg, id=3470)
** Event #2944  t=781.1  SupplyChainNetwork.peer[4] (Node, id=8)  on LivenessPing (GossipMsg, id=3471)
** Event #2945  t=781.1  SupplyChainNetwork.seed[0] (Node, id=2)  on LivenessPing (GossipMsg, id=3473)
** Event #2946  t=781.1  SupplyChainNetwork.peer[0] (Node, id=4)  on LivenessPing (GossipMsg, id=3474)
** Event #2947  t=781.1  SupplyChainNetwork.peer[2] (Node, id=6)  on LivenessPing (GossipMsg, id=3475)
** Event #2948  t=781.1  SupplyChainNetwork.seed[1] (Node, id=3)  on LivenessPing (GossipMsg, id=3477)
** Event #2949  t=781.1  SupplyChainNetwork.peer[1] (Node, id=5)  on LivenessPing (GossipMsg, id=3478)
** Event #2950  t=781.1  SupplyChainNetwork.peer[3] (Node, id=7)  on LivenessPing (GossipMsg, id=3479)
** Event #2951  t=784.348359678996  SupplyChainNetwork.peer[0] (Node, id=4)  on selfmsg MiningTimer (omnetpp::cMessage, id=10)
INFO: MINED BLOCK 95 | Root: ac289fe6
** Event #2952  t=784.448359678996  SupplyChainNetwork.seed[0] (Node, id=2)  on BlockData (BlockMsg, id=3482)
INFO: Received longer chain (Block 95). Switching...
** Event #2953  t=784.448359678996  SupplyChainNetwork.peer[1] (Node, id=5)  on BlockData (BlockMsg, id=3483)
INFO: Received longer chain (Block 95). Switching...
** Event #2954  t=784.448359678996  SupplyChainNetwork.peer[4] (Node, id=8)  on BlockData (BlockMsg, id=3484)
** Event #2955  t=784.548359678996  SupplyChainNetwork.peer[1] (Node, id=5)  on BlockData (BlockMsg, id=3486)
** Event #2956  t=784.548359678996  SupplyChainNetwork.peer[4] (Node, id=8)  on BlockData (BlockMsg, id=3487)
** Event #2957  t=784.548359678996  SupplyChainNetwork.seed[1] (Node, id=3)  on BlockData (BlockMsg, id=3488)
INFO: SECURITY ALERT: Double Spending in Block 95!
** Event #2958  t=784.548359678996  SupplyChainNetwork.seed[0] (Node, id=2)  on BlockData (BlockMsg, id=3490)
** Event #2959  t=784.548359678996  SupplyChainNetwork.peer[2] (Node, id=6)  on BlockData (BlockMsg, id=3491)
INFO: SECURITY ALERT: Double Spending in Block 95!
** Event #2960  t=788  SupplyChainNetwork.peer[3] (Node, id=7)  on selfmsg LivenessTimer (omnetpp::cMessage, id=26)
** Event #2961  t=788.1  SupplyChainNetwork.seed[1] (Node, id=3)  on LivenessPing (GossipMsg, id=3493)
** Event #2962  t=788.1  SupplyChainNetwork.peer[2] (Node, id=6)  on LivenessPing (GossipMsg, id=3494)
** Event #2963  t=788.1  SupplyChainNetwork.peer[4] (Node, id=8)  on LivenessPing (GossipMsg, id=3495)
** Event #2964  t=793.446596574831  SupplyChainNetwork.peer[0] (Node, id=4)  on selfmsg MiningTimer (omnetpp::cMessage, id=10)
INFO: MINED BLOCK 96 | Root: 4408268b
** Event #2965  t=793.546596574831  SupplyChainNetwork.seed[0] (Node, id=2)  on BlockData (BlockMsg, id=3498)
INFO: Received longer chain (Block 96). Switching...
** Event #2966  t=793.546596574831  SupplyChainNetwork.peer[1] (Node, id=5)  on BlockData (BlockMsg, id=3499)
INFO: Received longer chain (Block 96). Switching...
** Event #2967  t=793.546596574831  SupplyChainNetwork.peer[4] (Node, id=8)  on BlockData (BlockMsg, id=3500)
** Event #2968  t=793.646596574831  SupplyChainNetwork.peer[1] (Node, id=5)  on BlockData (BlockMsg, id=3502)
** Event #2969  t=793.646596574831  SupplyChainNetwork.peer[4] (Node, id=8)  on BlockData (BlockMsg, id=3503)
** Event #2970  t=793.646596574831  SupplyChainNetwork.seed[1] (Node, id=3)  on BlockData (BlockMsg, id=3504)
INFO: SECURITY ALERT: Double Spending in Block 96!
** Event #2971  t=793.646596574831  SupplyChainNetwork.seed[0] (Node, id=2)  on BlockData (BlockMsg, id=3506)
** Event #2972  t=793.646596574831  SupplyChainNetwork.peer[2] (Node, id=6)  on BlockData (BlockMsg, id=3507)
INFO: SECURITY ALERT: Double Spending in Block 96!
** Event #2973  t=793.781951894674  SupplyChainNetwork.peer[0] (Node, id=4)  on selfmsg MiningTimer (omnetpp::cMessage, id=10)
INFO: MINED BLOCK 97 | Root: 9fbedc2e
** Event #2974  t=793.881951894674  SupplyChainNetwork.seed[0] (Node, id=2)  on BlockData (BlockMsg, id=3510)
INFO: Received longer chain (Block 97). Switching...
** Event #2975  t=793.881951894674  SupplyChainNetwork.peer[1] (Node, id=5)  on BlockData (BlockMsg, id=3511)
INFO: Received longer chain (Block 97). Switching...
** Event #2976  t=793.881951894674  SupplyChainNetwork.peer[4] (Node, id=8)  on BlockData (BlockMsg, id=3512)
** Event #2977  t=793.981951894674  SupplyChainNetwork.peer[1] (Node, id=5)  on BlockData (BlockMsg, id=3514)
** Event #2978  t=793.981951894674  SupplyChainNetwork.peer[4] (Node, id=8)  on BlockData (BlockMsg, id=3515)
** Event #2979  t=793.981951894674  SupplyChainNetwork.seed[1] (Node, id=3)  on BlockData (BlockMsg, id=3516)
INFO: SECURITY ALERT: Double Spending in Block 97!
** Event #2980  t=793.981951894674  SupplyChainNetwork.seed[0] (Node, id=2)  on BlockData (BlockMsg, id=3518)
** Event #2981  t=793.981951894674  SupplyChainNetwork.peer[2] (Node, id=6)  on BlockData (BlockMsg, id=3519)
INFO: SECURITY ALERT: Double Spending in Block 97!
** Event #2982  t=794  SupplyChainNetwork.seed[0] (Node, id=2)  on selfmsg LivenessTimer (omnetpp::cMessage, id=1)
** Event #2983  t=794  SupplyChainNetwork.seed[1] (Node, id=3)  on selfmsg LivenessTimer (omnetpp::cMessage, id=6)
** Event #2984  t=794  SupplyChainNetwork.peer[0] (Node, id=4)  on selfmsg LivenessTimer (omnetpp::cMessage, id=11)
** Event #2985  t=794  SupplyChainNetwork.peer[1] (Node, id=5)  on selfmsg LivenessTimer (omnetpp::cMessage, id=16)
** Event #2986  t=794  SupplyChainNetwork.peer[2] (Node, id=6)  on selfmsg LivenessTimer (omnetpp::cMessage, id=21)
** Event #2987  t=794.1  SupplyChainNetwork.peer[0] (Node, id=4)  on LivenessPing (GossipMsg, id=3521)
** Event #2988  t=794.1  SupplyChainNetwork.peer[1] (Node, id=5)  on LivenessPing (GossipMsg, id=3522)
** Event #2989  t=794.1  SupplyChainNetwork.peer[4] (Node, id=8)  on LivenessPing (GossipMsg, id=3523)
** Event #2990  t=794.1  SupplyChainNetwork.seed[1] (Node, id=3)  on LivenessPing (GossipMsg, id=3524)
** Event #2991  t=794.1  SupplyChainNetwork.peer[2] (Node, id=6)  on LivenessPing (GossipMsg, id=3526)
** Event #2992  t=794.1  SupplyChainNetwork.peer[3] (Node, id=7)  on LivenessPing (GossipMsg, id=3527)
** Event #2993  t=794.1  SupplyChainNetwork.seed[0] (Node, id=2)  on LivenessPing (GossipMsg, id=3528)
** Event #2994  t=794.1  SupplyChainNetwork.seed[0] (Node, id=2)  on LivenessPing (GossipMsg, id=3530)
** Event #2995  t=794.1  SupplyChainNetwork.peer[1] (Node, id=5)  on LivenessPing (GossipMsg, id=3531)
** Event #2996  t=794.1  SupplyChainNetwork.peer[4] (Node, id=8)  on LivenessPing (GossipMsg, id=3532)
** Event #2997  t=794.1  SupplyChainNetwork.seed[0] (Node, id=2)  on LivenessPing (GossipMsg, id=3534)
** Event #2998  t=794.1  SupplyChainNetwork.peer[0] (Node, id=4)  on LivenessPing (GossipMsg, id=3535)
** Event #2999  t=794.1  SupplyChainNetwork.peer[2] (Node, id=6)  on LivenessPing (GossipMsg, id=3536)
** Event #3000  t=794.1  SupplyChainNetwork.seed[1] (Node, id=3)  on LivenessPing (GossipMsg, id=3538)
** Event #3001  t=794.1  SupplyChainNetwork.peer[1] (Node, id=5)  on LivenessPing (GossipMsg, id=3539)
** Event #3002  t=794.1  SupplyChainNetwork.peer[3] (Node, id=7)  on LivenessPing (GossipMsg, id=3540)
** Event #3003  t=794.117616533042  SupplyChainNetwork.peer[1] (Node, id=5)  on selfmsg MiningTimer (omnetpp::cMessage, id=15)
INFO: MINED BLOCK 98 | Root: f1232af9
** Event #3004  t=794.217616533042  SupplyChainNetwork.seed[0] (Node, id=2)  on BlockData (BlockMsg, id=3543)
INFO: Received longer chain (Block 98). Switching...
** Event #3005  t=794.217616533042  SupplyChainNetwork.peer[0] (Node, id=4)  on BlockData (BlockMsg, id=3544)
INFO: Received longer chain (Block 98). Switching...
** Event #3006  t=794.217616533042  SupplyChainNetwork.peer[2] (Node, id=6)  on BlockData (BlockMsg, id=3545)
INFO: SECURITY ALERT: Double Spending in Block 98!
** Event #3007  t=794.317616533042  SupplyChainNetwork.peer[0] (Node, id=4)  on BlockData (BlockMsg, id=3547)
** Event #3008  t=794.317616533042  SupplyChainNetwork.peer[4] (Node, id=8)  on BlockData (BlockMsg, id=3548)
** Event #3009  t=794.317616533042  SupplyChainNetwork.seed[1] (Node, id=3)  on BlockData (BlockMsg, id=3549)
INFO: SECURITY ALERT: Double Spending in Block 98!
** Event #3010  t=794.317616533042  SupplyChainNetwork.seed[0] (Node, id=2)  on BlockData (BlockMsg, id=3551)
** Event #3011  t=794.317616533042  SupplyChainNetwork.peer[4] (Node, id=8)  on BlockData (BlockMsg, id=3552)
** Event #3012  t=799.194119873681  SupplyChainNetwork.peer[3] (Node, id=7)  on selfmsg MiningTimer (omnetpp::cMessage, id=25)
INFO: MINED BLOCK 43 | Root: 0002b686
** Event #3013  t=799.294119873681  SupplyChainNetwork.seed[1] (Node, id=3)  on BlockData (BlockMsg, id=3555)
INFO: SECURITY ALERT: Double Spending in Block 43!
** Event #3014  t=799.294119873681  SupplyChainNetwork.peer[2] (Node, id=6)  on BlockData (BlockMsg, id=3556)
INFO: SECURITY ALERT: Double Spending in Block 43!
** Event #3015  t=799.294119873681  SupplyChainNetwork.peer[4] (Node, id=8)  on BlockData (BlockMsg, id=3557)
** Event #3016  t=801  SupplyChainNetwork.peer[3] (Node, id=7)  on selfmsg LivenessTimer (omnetpp::cMessage, id=26)
** Event #3017  t=801.1  SupplyChainNetwork.seed[1] (Node, id=3)  on LivenessPing (GossipMsg, id=3559)
** Event #3018  t=801.1  SupplyChainNetwork.peer[2] (Node, id=6)  on LivenessPing (GossipMsg, id=3560)
** Event #3019  t=801.1  SupplyChainNetwork.peer[4] (Node, id=8)  on LivenessPing (GossipMsg, id=3561)
** Event #3020  t=803.142672943423  SupplyChainNetwork.peer[0] (Node, id=4)  on selfmsg MiningTimer (omnetpp::cMessage, id=10)
INFO: MINED BLOCK 99 | Root: c5aa84a8
** Event #3021  t=803.242672943423  SupplyChainNetwork.seed[0] (Node, id=2)  on BlockData (BlockMsg, id=3564)
INFO: Received longer chain (Block 99). Switching...
** Event #3022  t=803.242672943423  SupplyChainNetwork.peer[1] (Node, id=5)  on BlockData (BlockMsg, id=3565)
INFO: Received longer chain (Block 99). Switching...
** Event #3023  t=803.242672943423  SupplyChainNetwork.peer[4] (Node, id=8)  on BlockData (BlockMsg, id=3566)
** Event #3024  t=803.342672943423  SupplyChainNetwork.peer[1] (Node, id=5)  on BlockData (BlockMsg, id=3568)
** Event #3025  t=803.342672943423  SupplyChainNetwork.peer[4] (Node, id=8)  on BlockData (BlockMsg, id=3569)
** Event #3026  t=803.342672943423  SupplyChainNetwork.seed[1] (Node, id=3)  on BlockData (BlockMsg, id=3570)
INFO: SECURITY ALERT: Double Spending in Block 99!
** Event #3027  t=803.342672943423  SupplyChainNetwork.seed[0] (Node, id=2)  on BlockData (BlockMsg, id=3572)
** Event #3028  t=803.342672943423  SupplyChainNetwork.peer[2] (Node, id=6)  on BlockData (BlockMsg, id=3573)
INFO: SECURITY ALERT: Double Spending in Block 99!
** Event #3029  t=807  SupplyChainNetwork.seed[0] (Node, id=2)  on selfmsg LivenessTimer (omnetpp::cMessage, id=1)
** Event #3030  t=807  SupplyChainNetwork.seed[1] (Node, id=3)  on selfmsg LivenessTimer (omnetpp::cMessage, id=6)
** Event #3031  t=807  SupplyChainNetwork.peer[0] (Node, id=4)  on selfmsg LivenessTimer (omnetpp::cMessage, id=11)
** Event #3032  t=807  SupplyChainNetwork.peer[1] (Node, id=5)  on selfmsg LivenessTimer (omnetpp::cMessage, id=16)
** Event #3033  t=807  SupplyChainNetwork.peer[2] (Node, id=6)  on selfmsg LivenessTimer (omnetpp::cMessage, id=21)
** Event #3034  t=807.1  SupplyChainNetwork.peer[0] (Node, id=4)  on LivenessPing (GossipMsg, id=3575)
** Event #3035  t=807.1  SupplyChainNetwork.peer[1] (Node, id=5)  on LivenessPing (GossipMsg, id=3576)
** Event #3036  t=807.1  SupplyChainNetwork.peer[4] (Node, id=8)  on LivenessPing (GossipMsg, id=3577)
** Event #3037  t=807.1  SupplyChainNetwork.seed[1] (Node, id=3)  on LivenessPing (GossipMsg, id=3578)
** Event #3038  t=807.1  SupplyChainNetwork.peer[2] (Node, id=6)  on LivenessPing (GossipMsg, id=3580)
** Event #3039  t=807.1  SupplyChainNetwork.peer[3] (Node, id=7)  on LivenessPing (GossipMsg, id=3581)
** Event #3040  t=807.1  SupplyChainNetwork.seed[0] (Node, id=2)  on LivenessPing (GossipMsg, id=3582)
** Event #3041  t=807.1  SupplyChainNetwork.seed[0] (Node, id=2)  on LivenessPing (GossipMsg, id=3584)
** Event #3042  t=807.1  SupplyChainNetwork.peer[1] (Node, id=5)  on LivenessPing (GossipMsg, id=3585)
** Event #3043  t=807.1  SupplyChainNetwork.peer[4] (Node, id=8)  on LivenessPing (GossipMsg, id=3586)
** Event #3044  t=807.1  SupplyChainNetwork.seed[0] (Node, id=2)  on LivenessPing (GossipMsg, id=3588)
** Event #3045  t=807.1  SupplyChainNetwork.peer[0] (Node, id=4)  on LivenessPing (GossipMsg, id=3589)
** Event #3046  t=807.1  SupplyChainNetwork.peer[2] (Node, id=6)  on LivenessPing (GossipMsg, id=3590)
** Event #3047  t=807.1  SupplyChainNetwork.seed[1] (Node, id=3)  on LivenessPing (GossipMsg, id=3592)
** Event #3048  t=807.1  SupplyChainNetwork.peer[1] (Node, id=5)  on LivenessPing (GossipMsg, id=3593)
** Event #3049  t=807.1  SupplyChainNetwork.peer[3] (Node, id=7)  on LivenessPing (GossipMsg, id=3594)
** Event #3050  t=814  SupplyChainNetwork.peer[3] (Node, id=7)  on selfmsg LivenessTimer (omnetpp::cMessage, id=26)
INFO: WARNING: Neighbor on gate 2 is DEAD!
** Event #3051  t=814.1  SupplyChainNetwork.seed[1] (Node, id=3)  on LivenessPing (GossipMsg, id=3596)
** Event #3052  t=814.1  SupplyChainNetwork.peer[2] (Node, id=6)  on LivenessPing (GossipMsg, id=3597)
** Event #3053  t=814.1  SupplyChainNetwork.peer[4] (Node, id=8)  on LivenessPing (GossipMsg, id=3598)
** Event #3054  t=820  SupplyChainNetwork.seed[0] (Node, id=2)  on selfmsg LivenessTimer (omnetpp::cMessage, id=1)
INFO: WARNING: Neighbor on gate 2 is DEAD!
** Event #3055  t=820  SupplyChainNetwork.seed[1] (Node, id=3)  on selfmsg LivenessTimer (omnetpp::cMessage, id=6)
** Event #3056  t=820  SupplyChainNetwork.peer[0] (Node, id=4)  on selfmsg LivenessTimer (omnetpp::cMessage, id=11)
INFO: WARNING: Neighbor on gate 2 is DEAD!
** Event #3057  t=820  SupplyChainNetwork.peer[1] (Node, id=5)  on selfmsg LivenessTimer (omnetpp::cMessage, id=16)
** Event #3058  t=820  SupplyChainNetwork.peer[2] (Node, id=6)  on selfmsg LivenessTimer (omnetpp::cMessage, id=21)
** Event #3059  t=820.1  SupplyChainNetwork.peer[0] (Node, id=4)  on LivenessPing (GossipMsg, id=3600)
** Event #3060  t=820.1  SupplyChainNetwork.peer[1] (Node, id=5)  on LivenessPing (GossipMsg, id=3601)
** Event #3061  t=820.1  SupplyChainNetwork.peer[4] (Node, id=8)  on LivenessPing (GossipMsg, id=3602)
** Event #3062  t=820.1  SupplyChainNetwork.seed[1] (Node, id=3)  on LivenessPing (GossipMsg, id=3603)
** Event #3063  t=820.1  SupplyChainNetwork.peer[2] (Node, id=6)  on LivenessPing (GossipMsg, id=3605)
** Event #3064  t=820.1  SupplyChainNetwork.peer[3] (Node, id=7)  on LivenessPing (GossipMsg, id=3606)
** Event #3065  t=820.1  SupplyChainNetwork.seed[0] (Node, id=2)  on LivenessPing (GossipMsg, id=3607)
** Event #3066  t=820.1  SupplyChainNetwork.seed[0] (Node, id=2)  on LivenessPing (GossipMsg, id=3609)
** Event #3067  t=820.1  SupplyChainNetwork.peer[1] (Node, id=5)  on LivenessPing (GossipMsg, id=3610)
** Event #3068  t=820.1  SupplyChainNetwork.peer[4] (Node, id=8)  on LivenessPing (GossipMsg, id=3611)
** Event #3069  t=820.1  SupplyChainNetwork.seed[0] (Node, id=2)  on LivenessPing (GossipMsg, id=3613)
** Event #3070  t=820.1  SupplyChainNetwork.peer[0] (Node, id=4)  on LivenessPing (GossipMsg, id=3614)
** Event #3071  t=820.1  SupplyChainNetwork.peer[2] (Node, id=6)  on LivenessPing (GossipMsg, id=3615)
** Event #3072  t=820.1  SupplyChainNetwork.seed[1] (Node, id=3)  on LivenessPing (GossipMsg, id=3617)
** Event #3073  t=820.1  SupplyChainNetwork.peer[1] (Node, id=5)  on LivenessPing (GossipMsg, id=3618)
** Event #3074  t=820.1  SupplyChainNetwork.peer[3] (Node, id=7)  on LivenessPing (GossipMsg, id=3619)
** Event #3075  t=820.784016566309  SupplyChainNetwork.peer[2] (Node, id=6)  on selfmsg MiningTimer (omnetpp::cMessage, id=20)
INFO: MINED BLOCK 89 | Root: fb536aba
** Event #3076  t=820.884016566309  SupplyChainNetwork.seed[1] (Node, id=3)  on BlockData (BlockMsg, id=3622)
INFO: Received longer chain (Block 89). Switching...
** Event #3077  t=820.884016566309  SupplyChainNetwork.peer[1] (Node, id=5)  on BlockData (BlockMsg, id=3623)
INFO: SECURITY ALERT: Double Spending in Block 89!
** Event #3078  t=820.884016566309  SupplyChainNetwork.peer[3] (Node, id=7)  on BlockData (BlockMsg, id=3624)
INFO: SECURITY ALERT: Double Spending in Block 89!
** Event #3079  t=820.984016566309  SupplyChainNetwork.peer[3] (Node, id=7)  on BlockData (BlockMsg, id=3626)
INFO: SECURITY ALERT: Double Spending in Block 89!
** Event #3080  t=820.984016566309  SupplyChainNetwork.seed[0] (Node, id=2)  on BlockData (BlockMsg, id=3627)
INFO: SECURITY ALERT: Double Spending in Block 89!
** Event #3081  t=824.549916070691  SupplyChainNetwork.peer[2] (Node, id=6)  on selfmsg MiningTimer (omnetpp::cMessage, id=20)
INFO: MINED BLOCK 90 | Root: 67a1be67
** Event #3082  t=824.649916070691  SupplyChainNetwork.seed[1] (Node, id=3)  on BlockData (BlockMsg, id=3630)
INFO: Received longer chain (Block 90). Switching...
** Event #3083  t=824.649916070691  SupplyChainNetwork.peer[1] (Node, id=5)  on BlockData (BlockMsg, id=3631)
INFO: SECURITY ALERT: Double Spending in Block 90!
** Event #3084  t=824.649916070691  SupplyChainNetwork.peer[3] (Node, id=7)  on BlockData (BlockMsg, id=3632)
INFO: SECURITY ALERT: Double Spending in Block 90!
** Event #3085  t=824.749916070691  SupplyChainNetwork.peer[3] (Node, id=7)  on BlockData (BlockMsg, id=3634)
INFO: SECURITY ALERT: Double Spending in Block 90!
** Event #3086  t=824.749916070691  SupplyChainNetwork.seed[0] (Node, id=2)  on BlockData (BlockMsg, id=3635)
INFO: SECURITY ALERT: Double Spending in Block 90!
** Event #3087  t=827  SupplyChainNetwork.peer[3] (Node, id=7)  on selfmsg LivenessTimer (omnetpp::cMessage, id=26)
** Event #3088  t=827.1  SupplyChainNetwork.seed[1] (Node, id=3)  on LivenessPing (GossipMsg, id=3637)
** Event #3089  t=827.1  SupplyChainNetwork.peer[2] (Node, id=6)  on LivenessPing (GossipMsg, id=3638)
** Event #3090  t=827.1  SupplyChainNetwork.peer[4] (Node, id=8)  on LivenessPing (GossipMsg, id=3639)
** Event #3091  t=829.328640223878  SupplyChainNetwork.peer[0] (Node, id=4)  on selfmsg MiningTimer (omnetpp::cMessage, id=10)
INFO: MINED BLOCK 100 | Root: 0a775ce5
** Event #3092  t=829.428640223878  SupplyChainNetwork.seed[0] (Node, id=2)  on BlockData (BlockMsg, id=3642)
INFO: Received longer chain (Block 100). Switching...
** Event #3093  t=829.428640223878  SupplyChainNetwork.peer[1] (Node, id=5)  on BlockData (BlockMsg, id=3643)
INFO: Received longer chain (Block 100). Switching...
** Event #3094  t=829.428640223878  SupplyChainNetwork.peer[4] (Node, id=8)  on BlockData (BlockMsg, id=3644)
** Event #3095  t=829.528640223878  SupplyChainNetwork.peer[1] (Node, id=5)  on BlockData (BlockMsg, id=3646)
** Event #3096  t=829.528640223878  SupplyChainNetwork.peer[4] (Node, id=8)  on BlockData (BlockMsg, id=3647)
** Event #3097  t=829.528640223878  SupplyChainNetwork.seed[1] (Node, id=3)  on BlockData (BlockMsg, id=3648)
INFO: SECURITY ALERT: Double Spending in Block 100!
** Event #3098  t=829.528640223878  SupplyChainNetwork.seed[0] (Node, id=2)  on BlockData (BlockMsg, id=3650)
** Event #3099  t=829.528640223878  SupplyChainNetwork.peer[2] (Node, id=6)  on BlockData (BlockMsg, id=3651)
INFO: SECURITY ALERT: Double Spending in Block 100!
** Event #3100  t=832.842166923873  SupplyChainNetwork.peer[2] (Node, id=6)  on selfmsg MiningTimer (omnetpp::cMessage, id=20)
INFO: MINED BLOCK 91 | Root: 8394e206
** Event #3101  t=832.942166923873  SupplyChainNetwork.seed[1] (Node, id=3)  on BlockData (BlockMsg, id=3654)
INFO: Received longer chain (Block 91). Switching...
** Event #3102  t=832.942166923873  SupplyChainNetwork.peer[1] (Node, id=5)  on BlockData (BlockMsg, id=3655)
INFO: SECURITY ALERT: Double Spending in Block 91!
** Event #3103  t=832.942166923873  SupplyChainNetwork.peer[3] (Node, id=7)  on BlockData (BlockMsg, id=3656)
INFO: SECURITY ALERT: Double Spending in Block 91!
** Event #3104  t=833  SupplyChainNetwork.seed[0] (Node, id=2)  on selfmsg LivenessTimer (omnetpp::cMessage, id=1)
** Event #3105  t=833  SupplyChainNetwork.seed[1] (Node, id=3)  on selfmsg LivenessTimer (omnetpp::cMessage, id=6)
** Event #3106  t=833  SupplyChainNetwork.peer[0] (Node, id=4)  on selfmsg LivenessTimer (omnetpp::cMessage, id=11)
** Event #3107  t=833  SupplyChainNetwork.peer[1] (Node, id=5)  on selfmsg LivenessTimer (omnetpp::cMessage, id=16)
** Event #3108  t=833  SupplyChainNetwork.peer[2] (Node, id=6)  on selfmsg LivenessTimer (omnetpp::cMessage, id=21)
** Event #3109  t=833.042166923873  SupplyChainNetwork.peer[3] (Node, id=7)  on BlockData (BlockMsg, id=3658)
INFO: SECURITY ALERT: Double Spending in Block 91!
** Event #3110  t=833.042166923873  SupplyChainNetwork.seed[0] (Node, id=2)  on BlockData (BlockMsg, id=3659)
INFO: SECURITY ALERT: Double Spending in Block 91!
** Event #3111  t=833.1  SupplyChainNetwork.peer[0] (Node, id=4)  on LivenessPing (GossipMsg, id=3661)
** Event #3112  t=833.1  SupplyChainNetwork.peer[1] (Node, id=5)  on LivenessPing (GossipMsg, id=3662)
** Event #3113  t=833.1  SupplyChainNetwork.peer[4] (Node, id=8)  on LivenessPing (GossipMsg, id=3663)
** Event #3114  t=833.1  SupplyChainNetwork.seed[1] (Node, id=3)  on LivenessPing (GossipMsg, id=3664)
** Event #3115  t=833.1  SupplyChainNetwork.peer[2] (Node, id=6)  on LivenessPing (GossipMsg, id=3666)
** Event #3116  t=833.1  SupplyChainNetwork.peer[3] (Node, id=7)  on LivenessPing (GossipMsg, id=3667)
** Event #3117  t=833.1  SupplyChainNetwork.seed[0] (Node, id=2)  on LivenessPing (GossipMsg, id=3668)
** Event #3118  t=833.1  SupplyChainNetwork.seed[0] (Node, id=2)  on LivenessPing (GossipMsg, id=3670)
** Event #3119  t=833.1  SupplyChainNetwork.peer[1] (Node, id=5)  on LivenessPing (GossipMsg, id=3671)
** Event #3120  t=833.1  SupplyChainNetwork.peer[4] (Node, id=8)  on LivenessPing (GossipMsg, id=3672)
** Event #3121  t=833.1  SupplyChainNetwork.seed[0] (Node, id=2)  on LivenessPing (GossipMsg, id=3674)
** Event #3122  t=833.1  SupplyChainNetwork.peer[0] (Node, id=4)  on LivenessPing (GossipMsg, id=3675)
** Event #3123  t=833.1  SupplyChainNetwork.peer[2] (Node, id=6)  on LivenessPing (GossipMsg, id=3676)
** Event #3124  t=833.1  SupplyChainNetwork.seed[1] (Node, id=3)  on LivenessPing (GossipMsg, id=3678)
** Event #3125  t=833.1  SupplyChainNetwork.peer[1] (Node, id=5)  on LivenessPing (GossipMsg, id=3679)
** Event #3126  t=833.1  SupplyChainNetwork.peer[3] (Node, id=7)  on LivenessPing (GossipMsg, id=3680)
** Event #3127  t=833.959567981643  SupplyChainNetwork.peer[2] (Node, id=6)  on selfmsg MiningTimer (omnetpp::cMessage, id=20)
INFO: MINED BLOCK 92 | Root: bee604f2
** Event #3128  t=834.059567981643  SupplyChainNetwork.seed[1] (Node, id=3)  on BlockData (BlockMsg, id=3683)
INFO: Received longer chain (Block 92). Switching...
** Event #3129  t=834.059567981643  SupplyChainNetwork.peer[1] (Node, id=5)  on BlockData (BlockMsg, id=3684)
INFO: SECURITY ALERT: Double Spending in Block 92!
** Event #3130  t=834.059567981643  SupplyChainNetwork.peer[3] (Node, id=7)  on BlockData (BlockMsg, id=3685)
INFO: SECURITY ALERT: Double Spending in Block 92!
** Event #3131  t=834.159567981643  SupplyChainNetwork.peer[3] (Node, id=7)  on BlockData (BlockMsg, id=3687)
INFO: SECURITY ALERT: Double Spending in Block 92!
** Event #3132  t=834.159567981643  SupplyChainNetwork.seed[0] (Node, id=2)  on BlockData (BlockMsg, id=3688)
INFO: SECURITY ALERT: Double Spending in Block 92!
** Event #3133  t=840  SupplyChainNetwork.peer[3] (Node, id=7)  on selfmsg LivenessTimer (omnetpp::cMessage, id=26)
** Event #3134  t=840.1  SupplyChainNetwork.seed[1] (Node, id=3)  on LivenessPing (GossipMsg, id=3690)
** Event #3135  t=840.1  SupplyChainNetwork.peer[2] (Node, id=6)  on LivenessPing (GossipMsg, id=3691)
** Event #3136  t=840.1  SupplyChainNetwork.peer[4] (Node, id=8)  on LivenessPing (GossipMsg, id=3692)
** Event #3137  t=842.239146435096  SupplyChainNetwork.peer[2] (Node, id=6)  on selfmsg MiningTimer (omnetpp::cMessage, id=20)
INFO: MINED BLOCK 93 | Root: 72e4797c
** Event #3138  t=842.339146435096  SupplyChainNetwork.seed[1] (Node, id=3)  on BlockData (BlockMsg, id=3695)
INFO: Received longer chain (Block 93). Switching...
** Event #3139  t=842.339146435096  SupplyChainNetwork.peer[1] (Node, id=5)  on BlockData (BlockMsg, id=3696)
INFO: SECURITY ALERT: Double Spending in Block 93!
** Event #3140  t=842.339146435096  SupplyChainNetwork.peer[3] (Node, id=7)  on BlockData (BlockMsg, id=3697)
INFO: SECURITY ALERT: Double Spending in Block 93!
** Event #3141  t=842.439146435096  SupplyChainNetwork.peer[3] (Node, id=7)  on BlockData (BlockMsg, id=3699)
INFO: SECURITY ALERT: Double Spending in Block 93!
** Event #3142  t=842.439146435096  SupplyChainNetwork.seed[0] (Node, id=2)  on BlockData (BlockMsg, id=3700)
INFO: SECURITY ALERT: Double Spending in Block 93!
** Event #3143  t=842.87785056055  SupplyChainNetwork.peer[1] (Node, id=5)  on selfmsg MiningTimer (omnetpp::cMessage, id=15)
INFO: MINED BLOCK 101 | Root: dda4429c
** Event #3144  t=842.97785056055  SupplyChainNetwork.seed[0] (Node, id=2)  on BlockData (BlockMsg, id=3703)
INFO: Received longer chain (Block 101). Switching...
** Event #3145  t=842.97785056055  SupplyChainNetwork.peer[0] (Node, id=4)  on BlockData (BlockMsg, id=3704)
INFO: Received longer chain (Block 101). Switching...
** Event #3146  t=842.97785056055  SupplyChainNetwork.peer[2] (Node, id=6)  on BlockData (BlockMsg, id=3705)
INFO: SECURITY ALERT: Double Spending in Block 101!
** Event #3147  t=843.07785056055  SupplyChainNetwork.peer[0] (Node, id=4)  on BlockData (BlockMsg, id=3707)
** Event #3148  t=843.07785056055  SupplyChainNetwork.peer[4] (Node, id=8)  on BlockData (BlockMsg, id=3708)
** Event #3149  t=843.07785056055  SupplyChainNetwork.seed[1] (Node, id=3)  on BlockData (BlockMsg, id=3709)
INFO: SECURITY ALERT: Double Spending in Block 101!
** Event #3150  t=843.07785056055  SupplyChainNetwork.seed[0] (Node, id=2)  on BlockData (BlockMsg, id=3711)
** Event #3151  t=843.07785056055  SupplyChainNetwork.peer[4] (Node, id=8)  on BlockData (BlockMsg, id=3712)
** Event #3152  t=843.351759968969  SupplyChainNetwork.peer[0] (Node, id=4)  on selfmsg MiningTimer (omnetpp::cMessage, id=10)
INFO: MINED BLOCK 102 | Root: 68a4cad8
** Event #3153  t=843.451759968969  SupplyChainNetwork.seed[0] (Node, id=2)  on BlockData (BlockMsg, id=3715)
INFO: Received longer chain (Block 102). Switching...
** Event #3154  t=843.451759968969  SupplyChainNetwork.peer[1] (Node, id=5)  on BlockData (BlockMsg, id=3716)
INFO: Received longer chain (Block 102). Switching...
** Event #3155  t=843.451759968969  SupplyChainNetwork.peer[4] (Node, id=8)  on BlockData (BlockMsg, id=3717)
** Event #3156  t=843.551759968969  SupplyChainNetwork.peer[1] (Node, id=5)  on BlockData (BlockMsg, id=3719)
** Event #3157  t=843.551759968969  SupplyChainNetwork.peer[4] (Node, id=8)  on BlockData (BlockMsg, id=3720)
** Event #3158  t=843.551759968969  SupplyChainNetwork.seed[1] (Node, id=3)  on BlockData (BlockMsg, id=3721)
INFO: SECURITY ALERT: Double Spending in Block 102!
** Event #3159  t=843.551759968969  SupplyChainNetwork.seed[0] (Node, id=2)  on BlockData (BlockMsg, id=3723)
** Event #3160  t=843.551759968969  SupplyChainNetwork.peer[2] (Node, id=6)  on BlockData (BlockMsg, id=3724)
INFO: SECURITY ALERT: Double Spending in Block 102!
** Event #3161  t=846  SupplyChainNetwork.seed[0] (Node, id=2)  on selfmsg LivenessTimer (omnetpp::cMessage, id=1)
** Event #3162  t=846  SupplyChainNetwork.seed[1] (Node, id=3)  on selfmsg LivenessTimer (omnetpp::cMessage, id=6)
** Event #3163  t=846  SupplyChainNetwork.peer[0] (Node, id=4)  on selfmsg LivenessTimer (omnetpp::cMessage, id=11)
** Event #3164  t=846  SupplyChainNetwork.peer[1] (Node, id=5)  on selfmsg LivenessTimer (omnetpp::cMessage, id=16)
** Event #3165  t=846  SupplyChainNetwork.peer[2] (Node, id=6)  on selfmsg LivenessTimer (omnetpp::cMessage, id=21)
** Event #3166  t=846.1  SupplyChainNetwork.peer[0] (Node, id=4)  on LivenessPing (GossipMsg, id=3726)
** Event #3167  t=846.1  SupplyChainNetwork.peer[1] (Node, id=5)  on LivenessPing (GossipMsg, id=3727)
** Event #3168  t=846.1  SupplyChainNetwork.peer[4] (Node, id=8)  on LivenessPing (GossipMsg, id=3728)
** Event #3169  t=846.1  SupplyChainNetwork.seed[1] (Node, id=3)  on LivenessPing (GossipMsg, id=3729)
** Event #3170  t=846.1  SupplyChainNetwork.peer[2] (Node, id=6)  on LivenessPing (GossipMsg, id=3731)
** Event #3171  t=846.1  SupplyChainNetwork.peer[3] (Node, id=7)  on LivenessPing (GossipMsg, id=3732)
** Event #3172  t=846.1  SupplyChainNetwork.seed[0] (Node, id=2)  on LivenessPing (GossipMsg, id=3733)
** Event #3173  t=846.1  SupplyChainNetwork.seed[0] (Node, id=2)  on LivenessPing (GossipMsg, id=3735)
** Event #3174  t=846.1  SupplyChainNetwork.peer[1] (Node, id=5)  on LivenessPing (GossipMsg, id=3736)
** Event #3175  t=846.1  SupplyChainNetwork.peer[4] (Node, id=8)  on LivenessPing (GossipMsg, id=3737)
** Event #3176  t=846.1  SupplyChainNetwork.seed[0] (Node, id=2)  on LivenessPing (GossipMsg, id=3739)
** Event #3177  t=846.1  SupplyChainNetwork.peer[0] (Node, id=4)  on LivenessPing (GossipMsg, id=3740)
** Event #3178  t=846.1  SupplyChainNetwork.peer[2] (Node, id=6)  on LivenessPing (GossipMsg, id=3741)
** Event #3179  t=846.1  SupplyChainNetwork.seed[1] (Node, id=3)  on LivenessPing (GossipMsg, id=3743)
** Event #3180  t=846.1  SupplyChainNetwork.peer[1] (Node, id=5)  on LivenessPing (GossipMsg, id=3744)
** Event #3181  t=846.1  SupplyChainNetwork.peer[3] (Node, id=7)  on LivenessPing (GossipMsg, id=3745)
** Event #3182  t=846.701930597112  SupplyChainNetwork.peer[2] (Node, id=6)  on selfmsg MiningTimer (omnetpp::cMessage, id=20)
INFO: MINED BLOCK 94 | Root: c4349199
** Event #3183  t=846.801930597112  SupplyChainNetwork.seed[1] (Node, id=3)  on BlockData (BlockMsg, id=3748)
INFO: Received longer chain (Block 94). Switching...
** Event #3184  t=846.801930597112  SupplyChainNetwork.peer[1] (Node, id=5)  on BlockData (BlockMsg, id=3749)
INFO: SECURITY ALERT: Double Spending in Block 94!
** Event #3185  t=846.801930597112  SupplyChainNetwork.peer[3] (Node, id=7)  on BlockData (BlockMsg, id=3750)
INFO: SECURITY ALERT: Double Spending in Block 94!
** Event #3186  t=846.901930597112  SupplyChainNetwork.peer[3] (Node, id=7)  on BlockData (BlockMsg, id=3752)
INFO: SECURITY ALERT: Double Spending in Block 94!
** Event #3187  t=846.901930597112  SupplyChainNetwork.seed[0] (Node, id=2)  on BlockData (BlockMsg, id=3753)
INFO: SECURITY ALERT: Double Spending in Block 94!
** Event #3188  t=847.102138993024  SupplyChainNetwork.peer[0] (Node, id=4)  on selfmsg MiningTimer (omnetpp::cMessage, id=10)
INFO: MINED BLOCK 103 | Root: 2e95bde7
** Event #3189  t=847.202138993024  SupplyChainNetwork.seed[0] (Node, id=2)  on BlockData (BlockMsg, id=3756)
INFO: Received longer chain (Block 103). Switching...
** Event #3190  t=847.202138993024  SupplyChainNetwork.peer[1] (Node, id=5)  on BlockData (BlockMsg, id=3757)
INFO: Received longer chain (Block 103). Switching...
** Event #3191  t=847.202138993024  SupplyChainNetwork.peer[4] (Node, id=8)  on BlockData (BlockMsg, id=3758)
** Event #3192  t=847.302138993024  SupplyChainNetwork.peer[1] (Node, id=5)  on BlockData (BlockMsg, id=3760)
** Event #3193  t=847.302138993024  SupplyChainNetwork.peer[4] (Node, id=8)  on BlockData (BlockMsg, id=3761)
** Event #3194  t=847.302138993024  SupplyChainNetwork.seed[1] (Node, id=3)  on BlockData (BlockMsg, id=3762)
INFO: SECURITY ALERT: Double Spending in Block 103!
** Event #3195  t=847.302138993024  SupplyChainNetwork.seed[0] (Node, id=2)  on BlockData (BlockMsg, id=3764)
** Event #3196  t=847.302138993024  SupplyChainNetwork.peer[2] (Node, id=6)  on BlockData (BlockMsg, id=3765)
INFO: SECURITY ALERT: Double Spending in Block 103!
** Event #3197  t=852.172253095892  SupplyChainNetwork.peer[0] (Node, id=4)  on selfmsg MiningTimer (omnetpp::cMessage, id=10)
INFO: MINED BLOCK 104 | Root: cbeaa27e
** Event #3198  t=852.272253095892  SupplyChainNetwork.seed[0] (Node, id=2)  on BlockData (BlockMsg, id=3768)
INFO: Received longer chain (Block 104). Switching...
** Event #3199  t=852.272253095892  SupplyChainNetwork.peer[1] (Node, id=5)  on BlockData (BlockMsg, id=3769)
INFO: Received longer chain (Block 104). Switching...
** Event #3200  t=852.272253095892  SupplyChainNetwork.peer[4] (Node, id=8)  on BlockData (BlockMsg, id=3770)
** Event #3201  t=852.372253095892  SupplyChainNetwork.peer[1] (Node, id=5)  on BlockData (BlockMsg, id=3772)
** Event #3202  t=852.372253095892  SupplyChainNetwork.peer[4] (Node, id=8)  on BlockData (BlockMsg, id=3773)
** Event #3203  t=852.372253095892  SupplyChainNetwork.seed[1] (Node, id=3)  on BlockData (BlockMsg, id=3774)
INFO: SECURITY ALERT: Double Spending in Block 104!
** Event #3204  t=852.372253095892  SupplyChainNetwork.seed[0] (Node, id=2)  on BlockData (BlockMsg, id=3776)
** Event #3205  t=852.372253095892  SupplyChainNetwork.peer[2] (Node, id=6)  on BlockData (BlockMsg, id=3777)
INFO: SECURITY ALERT: Double Spending in Block 104!
** Event #3206  t=853  SupplyChainNetwork.peer[3] (Node, id=7)  on selfmsg LivenessTimer (omnetpp::cMessage, id=26)
** Event #3207  t=853.1  SupplyChainNetwork.seed[1] (Node, id=3)  on LivenessPing (GossipMsg, id=3779)
** Event #3208  t=853.1  SupplyChainNetwork.peer[2] (Node, id=6)  on LivenessPing (GossipMsg, id=3780)
** Event #3209  t=853.1  SupplyChainNetwork.peer[4] (Node, id=8)  on LivenessPing (GossipMsg, id=3781)
** Event #3210  t=856.88635491573  SupplyChainNetwork.peer[3] (Node, id=7)  on selfmsg MiningTimer (omnetpp::cMessage, id=25)
INFO: MINED BLOCK 44 | Root: 64cea268
** Event #3211  t=856.98635491573  SupplyChainNetwork.seed[1] (Node, id=3)  on BlockData (BlockMsg, id=3784)
INFO: SECURITY ALERT: Double Spending in Block 44!
** Event #3212  t=856.98635491573  SupplyChainNetwork.peer[2] (Node, id=6)  on BlockData (BlockMsg, id=3785)
INFO: SECURITY ALERT: Double Spending in Block 44!
** Event #3213  t=856.98635491573  SupplyChainNetwork.peer[4] (Node, id=8)  on BlockData (BlockMsg, id=3786)
** Event #3214  t=859  SupplyChainNetwork.seed[0] (Node, id=2)  on selfmsg LivenessTimer (omnetpp::cMessage, id=1)
** Event #3215  t=859  SupplyChainNetwork.seed[1] (Node, id=3)  on selfmsg LivenessTimer (omnetpp::cMessage, id=6)
** Event #3216  t=859  SupplyChainNetwork.peer[0] (Node, id=4)  on selfmsg LivenessTimer (omnetpp::cMessage, id=11)
** Event #3217  t=859  SupplyChainNetwork.peer[1] (Node, id=5)  on selfmsg LivenessTimer (omnetpp::cMessage, id=16)
** Event #3218  t=859  SupplyChainNetwork.peer[2] (Node, id=6)  on selfmsg LivenessTimer (omnetpp::cMessage, id=21)
** Event #3219  t=859.1  SupplyChainNetwork.peer[0] (Node, id=4)  on LivenessPing (GossipMsg, id=3788)
** Event #3220  t=859.1  SupplyChainNetwork.peer[1] (Node, id=5)  on LivenessPing (GossipMsg, id=3789)
** Event #3221  t=859.1  SupplyChainNetwork.peer[4] (Node, id=8)  on LivenessPing (GossipMsg, id=3790)
** Event #3222  t=859.1  SupplyChainNetwork.seed[1] (Node, id=3)  on LivenessPing (GossipMsg, id=3791)
** Event #3223  t=859.1  SupplyChainNetwork.peer[2] (Node, id=6)  on LivenessPing (GossipMsg, id=3793)
** Event #3224  t=859.1  SupplyChainNetwork.peer[3] (Node, id=7)  on LivenessPing (GossipMsg, id=3794)
** Event #3225  t=859.1  SupplyChainNetwork.seed[0] (Node, id=2)  on LivenessPing (GossipMsg, id=3795)
** Event #3226  t=859.1  SupplyChainNetwork.seed[0] (Node, id=2)  on LivenessPing (GossipMsg, id=3797)
** Event #3227  t=859.1  SupplyChainNetwork.peer[1] (Node, id=5)  on LivenessPing (GossipMsg, id=3798)
** Event #3228  t=859.1  SupplyChainNetwork.peer[4] (Node, id=8)  on LivenessPing (GossipMsg, id=3799)
** Event #3229  t=859.1  SupplyChainNetwork.seed[0] (Node, id=2)  on LivenessPing (GossipMsg, id=3801)
** Event #3230  t=859.1  SupplyChainNetwork.peer[0] (Node, id=4)  on LivenessPing (GossipMsg, id=3802)
** Event #3231  t=859.1  SupplyChainNetwork.peer[2] (Node, id=6)  on LivenessPing (GossipMsg, id=3803)
** Event #3232  t=859.1  SupplyChainNetwork.seed[1] (Node, id=3)  on LivenessPing (GossipMsg, id=3805)
** Event #3233  t=859.1  SupplyChainNetwork.peer[1] (Node, id=5)  on LivenessPing (GossipMsg, id=3806)
** Event #3234  t=859.1  SupplyChainNetwork.peer[3] (Node, id=7)  on LivenessPing (GossipMsg, id=3807)
** Event #3235  t=859.15387747668  SupplyChainNetwork.peer[2] (Node, id=6)  on selfmsg MiningTimer (omnetpp::cMessage, id=20)
INFO: MINED BLOCK 95 | Root: 418bb8d8
** Event #3236  t=859.25387747668  SupplyChainNetwork.seed[1] (Node, id=3)  on BlockData (BlockMsg, id=3810)
INFO: Received longer chain (Block 95). Switching...
** Event #3237  t=859.25387747668  SupplyChainNetwork.peer[1] (Node, id=5)  on BlockData (BlockMsg, id=3811)
INFO: SECURITY ALERT: Double Spending in Block 95!
** Event #3238  t=859.25387747668  SupplyChainNetwork.peer[3] (Node, id=7)  on BlockData (BlockMsg, id=3812)
INFO: SECURITY ALERT: Double Spending in Block 95!
** Event #3239  t=859.35387747668  SupplyChainNetwork.peer[3] (Node, id=7)  on BlockData (BlockMsg, id=3814)
INFO: SECURITY ALERT: Double Spending in Block 95!
** Event #3240  t=859.35387747668  SupplyChainNetwork.seed[0] (Node, id=2)  on BlockData (BlockMsg, id=3815)
INFO: SECURITY ALERT: Double Spending in Block 95!
** Event #3241  t=860.645395123027  SupplyChainNetwork.peer[0] (Node, id=4)  on selfmsg MiningTimer (omnetpp::cMessage, id=10)
INFO: MINED BLOCK 105 | Root: a440b368
** Event #3242  t=860.745395123027  SupplyChainNetwork.seed[0] (Node, id=2)  on BlockData (BlockMsg, id=3818)
INFO: Received longer chain (Block 105). Switching...
** Event #3243  t=860.745395123027  SupplyChainNetwork.peer[1] (Node, id=5)  on BlockData (BlockMsg, id=3819)
INFO: Received longer chain (Block 105). Switching...
** Event #3244  t=860.745395123027  SupplyChainNetwork.peer[4] (Node, id=8)  on BlockData (BlockMsg, id=3820)
** Event #3245  t=860.845395123027  SupplyChainNetwork.peer[1] (Node, id=5)  on BlockData (BlockMsg, id=3822)
** Event #3246  t=860.845395123027  SupplyChainNetwork.peer[4] (Node, id=8)  on BlockData (BlockMsg, id=3823)
** Event #3247  t=860.845395123027  SupplyChainNetwork.seed[1] (Node, id=3)  on BlockData (BlockMsg, id=3824)
INFO: SECURITY ALERT: Double Spending in Block 105!
** Event #3248  t=860.845395123027  SupplyChainNetwork.seed[0] (Node, id=2)  on BlockData (BlockMsg, id=3826)
** Event #3249  t=860.845395123027  SupplyChainNetwork.peer[2] (Node, id=6)  on BlockData (BlockMsg, id=3827)
INFO: SECURITY ALERT: Double Spending in Block 105!
** Event #3250  t=866  SupplyChainNetwork.peer[3] (Node, id=7)  on selfmsg LivenessTimer (omnetpp::cMessage, id=26)
INFO: WARNING: Neighbor on gate 2 is DEAD!
** Event #3251  t=866.1  SupplyChainNetwork.seed[1] (Node, id=3)  on LivenessPing (GossipMsg, id=3829)
** Event #3252  t=866.1  SupplyChainNetwork.peer[2] (Node, id=6)  on LivenessPing (GossipMsg, id=3830)
** Event #3253  t=866.1  SupplyChainNetwork.peer[4] (Node, id=8)  on LivenessPing (GossipMsg, id=3831)
** Event #3254  t=872  SupplyChainNetwork.seed[0] (Node, id=2)  on selfmsg LivenessTimer (omnetpp::cMessage, id=1)
INFO: WARNING: Neighbor on gate 2 is DEAD!
** Event #3255  t=872  SupplyChainNetwork.seed[1] (Node, id=3)  on selfmsg LivenessTimer (omnetpp::cMessage, id=6)
** Event #3256  t=872  SupplyChainNetwork.peer[0] (Node, id=4)  on selfmsg LivenessTimer (omnetpp::cMessage, id=11)
INFO: WARNING: Neighbor on gate 2 is DEAD!
** Event #3257  t=872  SupplyChainNetwork.peer[1] (Node, id=5)  on selfmsg LivenessTimer (omnetpp::cMessage, id=16)
** Event #3258  t=872  SupplyChainNetwork.peer[2] (Node, id=6)  on selfmsg LivenessTimer (omnetpp::cMessage, id=21)
** Event #3259  t=872.1  SupplyChainNetwork.peer[0] (Node, id=4)  on LivenessPing (GossipMsg, id=3833)
** Event #3260  t=872.1  SupplyChainNetwork.peer[1] (Node, id=5)  on LivenessPing (GossipMsg, id=3834)
** Event #3261  t=872.1  SupplyChainNetwork.peer[4] (Node, id=8)  on LivenessPing (GossipMsg, id=3835)
** Event #3262  t=872.1  SupplyChainNetwork.seed[1] (Node, id=3)  on LivenessPing (GossipMsg, id=3836)
** Event #3263  t=872.1  SupplyChainNetwork.peer[2] (Node, id=6)  on LivenessPing (GossipMsg, id=3838)
** Event #3264  t=872.1  SupplyChainNetwork.peer[3] (Node, id=7)  on LivenessPing (GossipMsg, id=3839)
** Event #3265  t=872.1  SupplyChainNetwork.seed[0] (Node, id=2)  on LivenessPing (GossipMsg, id=3840)
** Event #3266  t=872.1  SupplyChainNetwork.seed[0] (Node, id=2)  on LivenessPing (GossipMsg, id=3842)
** Event #3267  t=872.1  SupplyChainNetwork.peer[1] (Node, id=5)  on LivenessPing (GossipMsg, id=3843)
** Event #3268  t=872.1  SupplyChainNetwork.peer[4] (Node, id=8)  on LivenessPing (GossipMsg, id=3844)
** Event #3269  t=872.1  SupplyChainNetwork.seed[0] (Node, id=2)  on LivenessPing (GossipMsg, id=3846)
** Event #3270  t=872.1  SupplyChainNetwork.peer[0] (Node, id=4)  on LivenessPing (GossipMsg, id=3847)
** Event #3271  t=872.1  SupplyChainNetwork.peer[2] (Node, id=6)  on LivenessPing (GossipMsg, id=3848)
** Event #3272  t=872.1  SupplyChainNetwork.seed[1] (Node, id=3)  on LivenessPing (GossipMsg, id=3850)
** Event #3273  t=872.1  SupplyChainNetwork.peer[1] (Node, id=5)  on LivenessPing (GossipMsg, id=3851)
** Event #3274  t=872.1  SupplyChainNetwork.peer[3] (Node, id=7)  on LivenessPing (GossipMsg, id=3852)
** Event #3275  t=877.896651831147  SupplyChainNetwork.peer[2] (Node, id=6)  on selfmsg MiningTimer (omnetpp::cMessage, id=20)
INFO: MINED BLOCK 96 | Root: a6b67066
** Event #3276  t=877.996651831147  SupplyChainNetwork.seed[1] (Node, id=3)  on BlockData (BlockMsg, id=3855)
INFO: Received longer chain (Block 96). Switching...
** Event #3277  t=877.996651831147  SupplyChainNetwork.peer[1] (Node, id=5)  on BlockData (BlockMsg, id=3856)
INFO: SECURITY ALERT: Double Spending in Block 96!
** Event #3278  t=877.996651831147  SupplyChainNetwork.peer[3] (Node, id=7)  on BlockData (BlockMsg, id=3857)
INFO: SECURITY ALERT: Double Spending in Block 96!
** Event #3279  t=878.096651831147  SupplyChainNetwork.peer[3] (Node, id=7)  on BlockData (BlockMsg, id=3859)
INFO: SECURITY ALERT: Double Spending in Block 96!
** Event #3280  t=878.096651831147  SupplyChainNetwork.seed[0] (Node, id=2)  on BlockData (BlockMsg, id=3860)
INFO: SECURITY ALERT: Double Spending in Block 96!
** Event #3281  t=878.543787924053  SupplyChainNetwork.peer[2] (Node, id=6)  on selfmsg MiningTimer (omnetpp::cMessage, id=20)
INFO: MINED BLOCK 97 | Root: cadd472f
** Event #3282  t=878.643787924053  SupplyChainNetwork.seed[1] (Node, id=3)  on BlockData (BlockMsg, id=3863)
INFO: Received longer chain (Block 97). Switching...
** Event #3283  t=878.643787924053  SupplyChainNetwork.peer[1] (Node, id=5)  on BlockData (BlockMsg, id=3864)
INFO: SECURITY ALERT: Double Spending in Block 97!
** Event #3284  t=878.643787924053  SupplyChainNetwork.peer[3] (Node, id=7)  on BlockData (BlockMsg, id=3865)
INFO: SECURITY ALERT: Double Spending in Block 97!
** Event #3285  t=878.743787924053  SupplyChainNetwork.peer[3] (Node, id=7)  on BlockData (BlockMsg, id=3867)
INFO: SECURITY ALERT: Double Spending in Block 97!
** Event #3286  t=878.743787924053  SupplyChainNetwork.seed[0] (Node, id=2)  on BlockData (BlockMsg, id=3868)
INFO: SECURITY ALERT: Double Spending in Block 97!
** Event #3287  t=878.904675669518  SupplyChainNetwork.peer[1] (Node, id=5)  on selfmsg MiningTimer (omnetpp::cMessage, id=15)
INFO: MINED BLOCK 106 | Root: fbd10c82
** Event #3288  t=879  SupplyChainNetwork.peer[3] (Node, id=7)  on selfmsg LivenessTimer (omnetpp::cMessage, id=26)
** Event #3289  t=879.004675669518  SupplyChainNetwork.seed[0] (Node, id=2)  on BlockData (BlockMsg, id=3871)
INFO: Received longer chain (Block 106). Switching...
** Event #3290  t=879.004675669518  SupplyChainNetwork.peer[0] (Node, id=4)  on BlockData (BlockMsg, id=3872)
INFO: Received longer chain (Block 106). Switching...
** Event #3291  t=879.004675669518  SupplyChainNetwork.peer[2] (Node, id=6)  on BlockData (BlockMsg, id=3873)
INFO: SECURITY ALERT: Double Spending in Block 106!
** Event #3292  t=879.1  SupplyChainNetwork.seed[1] (Node, id=3)  on LivenessPing (GossipMsg, id=3875)
** Event #3293  t=879.1  SupplyChainNetwork.peer[2] (Node, id=6)  on LivenessPing (GossipMsg, id=3876)
** Event #3294  t=879.1  SupplyChainNetwork.peer[4] (Node, id=8)  on LivenessPing (GossipMsg, id=3877)
** Event #3295  t=879.104675669518  SupplyChainNetwork.peer[0] (Node, id=4)  on BlockData (BlockMsg, id=3879)
** Event #3296  t=879.104675669518  SupplyChainNetwork.peer[4] (Node, id=8)  on BlockData (BlockMsg, id=3880)
** Event #3297  t=879.104675669518  SupplyChainNetwork.seed[1] (Node, id=3)  on BlockData (BlockMsg, id=3881)
INFO: SECURITY ALERT: Double Spending in Block 106!
** Event #3298  t=879.104675669518  SupplyChainNetwork.seed[0] (Node, id=2)  on BlockData (BlockMsg, id=3883)
** Event #3299  t=879.104675669518  SupplyChainNetwork.peer[4] (Node, id=8)  on BlockData (BlockMsg, id=3884)
** Event #3300  t=882.503822500555  SupplyChainNetwork.peer[1] (Node, id=5)  on selfmsg MiningTimer (omnetpp::cMessage, id=15)
INFO: MINED BLOCK 107 | Root: 7be29a86
** Event #3301  t=882.603822500555  SupplyChainNetwork.seed[0] (Node, id=2)  on BlockData (BlockMsg, id=3887)
INFO: Received longer chain (Block 107). Switching...
** Event #3302  t=882.603822500555  SupplyChainNetwork.peer[0] (Node, id=4)  on BlockData (BlockMsg, id=3888)
INFO: Received longer chain (Block 107). Switching...
** Event #3303  t=882.603822500555  SupplyChainNetwork.peer[2] (Node, id=6)  on BlockData (BlockMsg, id=3889)
INFO: SECURITY ALERT: Double Spending in Block 107!
** Event #3304  t=882.703822500555  SupplyChainNetwork.peer[0] (Node, id=4)  on BlockData (BlockMsg, id=3891)
** Event #3305  t=882.703822500555  SupplyChainNetwork.peer[4] (Node, id=8)  on BlockData (BlockMsg, id=3892)
** Event #3306  t=882.703822500555  SupplyChainNetwork.seed[1] (Node, id=3)  on BlockData (BlockMsg, id=3893)
INFO: SECURITY ALERT: Double Spending in Block 107!
** Event #3307  t=882.703822500555  SupplyChainNetwork.seed[0] (Node, id=2)  on BlockData (BlockMsg, id=3895)
** Event #3308  t=882.703822500555  SupplyChainNetwork.peer[4] (Node, id=8)  on BlockData (BlockMsg, id=3896)
** Event #3309  t=883.637480616464  SupplyChainNetwork.peer[0] (Node, id=4)  on selfmsg MiningTimer (omnetpp::cMessage, id=10)
INFO: MINED BLOCK 108 | Root: 3a947928
** Event #3310  t=883.737480616464  SupplyChainNetwork.seed[0] (Node, id=2)  on BlockData (BlockMsg, id=3899)
INFO: Received longer chain (Block 108). Switching...
** Event #3311  t=883.737480616464  SupplyChainNetwork.peer[1] (Node, id=5)  on BlockData (BlockMsg, id=3900)
INFO: Received longer chain (Block 108). Switching...
** Event #3312  t=883.737480616464  SupplyChainNetwork.peer[4] (Node, id=8)  on BlockData (BlockMsg, id=3901)
** Event #3313  t=883.837480616464  SupplyChainNetwork.peer[1] (Node, id=5)  on BlockData (BlockMsg, id=3903)
** Event #3314  t=883.837480616464  SupplyChainNetwork.peer[4] (Node, id=8)  on BlockData (BlockMsg, id=3904)
** Event #3315  t=883.837480616464  SupplyChainNetwork.seed[1] (Node, id=3)  on BlockData (BlockMsg, id=3905)
INFO: SECURITY ALERT: Double Spending in Block 108!
** Event #3316  t=883.837480616464  SupplyChainNetwork.seed[0] (Node, id=2)  on BlockData (BlockMsg, id=3907)
** Event #3317  t=883.837480616464  SupplyChainNetwork.peer[2] (Node, id=6)  on BlockData (BlockMsg, id=3908)
INFO: SECURITY ALERT: Double Spending in Block 108!
** Event #3318  t=885  SupplyChainNetwork.seed[0] (Node, id=2)  on selfmsg LivenessTimer (omnetpp::cMessage, id=1)
** Event #3319  t=885  SupplyChainNetwork.seed[1] (Node, id=3)  on selfmsg LivenessTimer (omnetpp::cMessage, id=6)
** Event #3320  t=885  SupplyChainNetwork.peer[0] (Node, id=4)  on selfmsg LivenessTimer (omnetpp::cMessage, id=11)
** Event #3321  t=885  SupplyChainNetwork.peer[1] (Node, id=5)  on selfmsg LivenessTimer (omnetpp::cMessage, id=16)
** Event #3322  t=885  SupplyChainNetwork.peer[2] (Node, id=6)  on selfmsg LivenessTimer (omnetpp::cMessage, id=21)
** Event #3323  t=885.1  SupplyChainNetwork.peer[0] (Node, id=4)  on LivenessPing (GossipMsg, id=3910)
** Event #3324  t=885.1  SupplyChainNetwork.peer[1] (Node, id=5)  on LivenessPing (GossipMsg, id=3911)
** Event #3325  t=885.1  SupplyChainNetwork.peer[4] (Node, id=8)  on LivenessPing (GossipMsg, id=3912)
** Event #3326  t=885.1  SupplyChainNetwork.seed[1] (Node, id=3)  on LivenessPing (GossipMsg, id=3913)
** Event #3327  t=885.1  SupplyChainNetwork.peer[2] (Node, id=6)  on LivenessPing (GossipMsg, id=3915)
** Event #3328  t=885.1  SupplyChainNetwork.peer[3] (Node, id=7)  on LivenessPing (GossipMsg, id=3916)
** Event #3329  t=885.1  SupplyChainNetwork.seed[0] (Node, id=2)  on LivenessPing (GossipMsg, id=3917)
** Event #3330  t=885.1  SupplyChainNetwork.seed[0] (Node, id=2)  on LivenessPing (GossipMsg, id=3919)
** Event #3331  t=885.1  SupplyChainNetwork.peer[1] (Node, id=5)  on LivenessPing (GossipMsg, id=3920)
** Event #3332  t=885.1  SupplyChainNetwork.peer[4] (Node, id=8)  on LivenessPing (GossipMsg, id=3921)
** Event #3333  t=885.1  SupplyChainNetwork.seed[0] (Node, id=2)  on LivenessPing (GossipMsg, id=3923)
** Event #3334  t=885.1  SupplyChainNetwork.peer[0] (Node, id=4)  on LivenessPing (GossipMsg, id=3924)
** Event #3335  t=885.1  SupplyChainNetwork.peer[2] (Node, id=6)  on LivenessPing (GossipMsg, id=3925)
** Event #3336  t=885.1  SupplyChainNetwork.seed[1] (Node, id=3)  on LivenessPing (GossipMsg, id=3927)
** Event #3337  t=885.1  SupplyChainNetwork.peer[1] (Node, id=5)  on LivenessPing (GossipMsg, id=3928)
** Event #3338  t=885.1  SupplyChainNetwork.peer[3] (Node, id=7)  on LivenessPing (GossipMsg, id=3929)
** Event #3339  t=892  SupplyChainNetwork.peer[3] (Node, id=7)  on selfmsg LivenessTimer (omnetpp::cMessage, id=26)
** Event #3340  t=892.1  SupplyChainNetwork.seed[1] (Node, id=3)  on LivenessPing (GossipMsg, id=3931)
** Event #3341  t=892.1  SupplyChainNetwork.peer[2] (Node, id=6)  on LivenessPing (GossipMsg, id=3932)
** Event #3342  t=892.1  SupplyChainNetwork.peer[4] (Node, id=8)  on LivenessPing (GossipMsg, id=3933)
** Event #3343  t=898  SupplyChainNetwork.seed[0] (Node, id=2)  on selfmsg LivenessTimer (omnetpp::cMessage, id=1)
** Event #3344  t=898  SupplyChainNetwork.seed[1] (Node, id=3)  on selfmsg LivenessTimer (omnetpp::cMessage, id=6)
** Event #3345  t=898  SupplyChainNetwork.peer[0] (Node, id=4)  on selfmsg LivenessTimer (omnetpp::cMessage, id=11)
** Event #3346  t=898  SupplyChainNetwork.peer[1] (Node, id=5)  on selfmsg LivenessTimer (omnetpp::cMessage, id=16)
** Event #3347  t=898  SupplyChainNetwork.peer[2] (Node, id=6)  on selfmsg LivenessTimer (omnetpp::cMessage, id=21)
** Event #3348  t=898.1  SupplyChainNetwork.peer[0] (Node, id=4)  on LivenessPing (GossipMsg, id=3935)
** Event #3349  t=898.1  SupplyChainNetwork.peer[1] (Node, id=5)  on LivenessPing (GossipMsg, id=3936)
** Event #3350  t=898.1  SupplyChainNetwork.peer[4] (Node, id=8)  on LivenessPing (GossipMsg, id=3937)
** Event #3351  t=898.1  SupplyChainNetwork.seed[1] (Node, id=3)  on LivenessPing (GossipMsg, id=3938)
** Event #3352  t=898.1  SupplyChainNetwork.peer[2] (Node, id=6)  on LivenessPing (GossipMsg, id=3940)
** Event #3353  t=898.1  SupplyChainNetwork.peer[3] (Node, id=7)  on LivenessPing (GossipMsg, id=3941)
** Event #3354  t=898.1  SupplyChainNetwork.seed[0] (Node, id=2)  on LivenessPing (GossipMsg, id=3942)
** Event #3355  t=898.1  SupplyChainNetwork.seed[0] (Node, id=2)  on LivenessPing (GossipMsg, id=3944)
** Event #3356  t=898.1  SupplyChainNetwork.peer[1] (Node, id=5)  on LivenessPing (GossipMsg, id=3945)
** Event #3357  t=898.1  SupplyChainNetwork.peer[4] (Node, id=8)  on LivenessPing (GossipMsg, id=3946)
** Event #3358  t=898.1  SupplyChainNetwork.seed[0] (Node, id=2)  on LivenessPing (GossipMsg, id=3948)
** Event #3359  t=898.1  SupplyChainNetwork.peer[0] (Node, id=4)  on LivenessPing (GossipMsg, id=3949)
** Event #3360  t=898.1  SupplyChainNetwork.peer[2] (Node, id=6)  on LivenessPing (GossipMsg, id=3950)
** Event #3361  t=898.1  SupplyChainNetwork.seed[1] (Node, id=3)  on LivenessPing (GossipMsg, id=3952)
** Event #3362  t=898.1  SupplyChainNetwork.peer[1] (Node, id=5)  on LivenessPing (GossipMsg, id=3953)
** Event #3363  t=898.1  SupplyChainNetwork.peer[3] (Node, id=7)  on LivenessPing (GossipMsg, id=3954)
** Event #3364  t=900.855953350078  SupplyChainNetwork.peer[0] (Node, id=4)  on selfmsg MiningTimer (omnetpp::cMessage, id=10)
INFO: MINED BLOCK 109 | Root: c774ff5c
** Event #3365  t=900.955953350078  SupplyChainNetwork.seed[0] (Node, id=2)  on BlockData (BlockMsg, id=3957)
INFO: Received longer chain (Block 109). Switching...
** Event #3366  t=900.955953350078  SupplyChainNetwork.peer[1] (Node, id=5)  on BlockData (BlockMsg, id=3958)
INFO: Received longer chain (Block 109). Switching...
** Event #3367  t=900.955953350078  SupplyChainNetwork.peer[4] (Node, id=8)  on BlockData (BlockMsg, id=3959)
** Event #3368  t=901.055953350078  SupplyChainNetwork.peer[1] (Node, id=5)  on BlockData (BlockMsg, id=3961)
** Event #3369  t=901.055953350078  SupplyChainNetwork.peer[4] (Node, id=8)  on BlockData (BlockMsg, id=3962)
** Event #3370  t=901.055953350078  SupplyChainNetwork.seed[1] (Node, id=3)  on BlockData (BlockMsg, id=3963)
INFO: SECURITY ALERT: Double Spending in Block 109!
** Event #3371  t=901.055953350078  SupplyChainNetwork.seed[0] (Node, id=2)  on BlockData (BlockMsg, id=3965)
** Event #3372  t=901.055953350078  SupplyChainNetwork.peer[2] (Node, id=6)  on BlockData (BlockMsg, id=3966)
INFO: SECURITY ALERT: Double Spending in Block 109!
** Event #3373  t=905  SupplyChainNetwork.peer[3] (Node, id=7)  on selfmsg LivenessTimer (omnetpp::cMessage, id=26)
** Event #3374  t=905.1  SupplyChainNetwork.seed[1] (Node, id=3)  on LivenessPing (GossipMsg, id=3968)
** Event #3375  t=905.1  SupplyChainNetwork.peer[2] (Node, id=6)  on LivenessPing (GossipMsg, id=3969)
** Event #3376  t=905.1  SupplyChainNetwork.peer[4] (Node, id=8)  on LivenessPing (GossipMsg, id=3970)
** Event #3377  t=906.289314756924  SupplyChainNetwork.peer[0] (Node, id=4)  on selfmsg MiningTimer (omnetpp::cMessage, id=10)
INFO: MINED BLOCK 110 | Root: a94ae198
** Event #3378  t=906.389314756924  SupplyChainNetwork.seed[0] (Node, id=2)  on BlockData (BlockMsg, id=3973)
INFO: Received longer chain (Block 110). Switching...
** Event #3379  t=906.389314756924  SupplyChainNetwork.peer[1] (Node, id=5)  on BlockData (BlockMsg, id=3974)
INFO: Received longer chain (Block 110). Switching...
** Event #3380  t=906.389314756924  SupplyChainNetwork.peer[4] (Node, id=8)  on BlockData (BlockMsg, id=3975)
** Event #3381  t=906.489314756924  SupplyChainNetwork.peer[1] (Node, id=5)  on BlockData (BlockMsg, id=3977)
** Event #3382  t=906.489314756924  SupplyChainNetwork.peer[4] (Node, id=8)  on BlockData (BlockMsg, id=3978)
** Event #3383  t=906.489314756924  SupplyChainNetwork.seed[1] (Node, id=3)  on BlockData (BlockMsg, id=3979)
INFO: SECURITY ALERT: Double Spending in Block 110!
** Event #3384  t=906.489314756924  SupplyChainNetwork.seed[0] (Node, id=2)  on BlockData (BlockMsg, id=3981)
** Event #3385  t=906.489314756924  SupplyChainNetwork.peer[2] (Node, id=6)  on BlockData (BlockMsg, id=3982)
INFO: SECURITY ALERT: Double Spending in Block 110!
** Event #3386  t=909.1604124494  SupplyChainNetwork.peer[2] (Node, id=6)  on selfmsg MiningTimer (omnetpp::cMessage, id=20)
INFO: MINED BLOCK 98 | Root: 12bf79ba
** Event #3387  t=909.2604124494  SupplyChainNetwork.seed[1] (Node, id=3)  on BlockData (BlockMsg, id=3985)
INFO: Received longer chain (Block 98). Switching...
** Event #3388  t=909.2604124494  SupplyChainNetwork.peer[1] (Node, id=5)  on BlockData (BlockMsg, id=3986)
INFO: SECURITY ALERT: Double Spending in Block 98!
** Event #3389  t=909.2604124494  SupplyChainNetwork.peer[3] (Node, id=7)  on BlockData (BlockMsg, id=3987)
INFO: SECURITY ALERT: Double Spending in Block 98!
** Event #3390  t=909.3604124494  SupplyChainNetwork.peer[3] (Node, id=7)  on BlockData (BlockMsg, id=3989)
INFO: SECURITY ALERT: Double Spending in Block 98!
** Event #3391  t=909.3604124494  SupplyChainNetwork.seed[0] (Node, id=2)  on BlockData (BlockMsg, id=3990)
INFO: SECURITY ALERT: Double Spending in Block 98!
** Event #3392  t=909.530732166705  SupplyChainNetwork.peer[3] (Node, id=7)  on selfmsg MiningTimer (omnetpp::cMessage, id=25)
INFO: MINED BLOCK 45 | Root: 5fbf7b40
** Event #3393  t=909.630732166705  SupplyChainNetwork.seed[1] (Node, id=3)  on BlockData (BlockMsg, id=3993)
INFO: SECURITY ALERT: Double Spending in Block 45!
** Event #3394  t=909.630732166705  SupplyChainNetwork.peer[2] (Node, id=6)  on BlockData (BlockMsg, id=3994)
INFO: SECURITY ALERT: Double Spending in Block 45!
** Event #3395  t=909.630732166705  SupplyChainNetwork.peer[4] (Node, id=8)  on BlockData (BlockMsg, id=3995)
** Event #3396  t=911  SupplyChainNetwork.seed[0] (Node, id=2)  on selfmsg LivenessTimer (omnetpp::cMessage, id=1)
** Event #3397  t=911  SupplyChainNetwork.seed[1] (Node, id=3)  on selfmsg LivenessTimer (omnetpp::cMessage, id=6)
** Event #3398  t=911  SupplyChainNetwork.peer[0] (Node, id=4)  on selfmsg LivenessTimer (omnetpp::cMessage, id=11)
** Event #3399  t=911  SupplyChainNetwork.peer[1] (Node, id=5)  on selfmsg LivenessTimer (omnetpp::cMessage, id=16)
** Event #3400  t=911  SupplyChainNetwork.peer[2] (Node, id=6)  on selfmsg LivenessTimer (omnetpp::cMessage, id=21)
** Event #3401  t=911.1  SupplyChainNetwork.peer[0] (Node, id=4)  on LivenessPing (GossipMsg, id=3997)
** Event #3402  t=911.1  SupplyChainNetwork.peer[1] (Node, id=5)  on LivenessPing (GossipMsg, id=3998)
** Event #3403  t=911.1  SupplyChainNetwork.peer[4] (Node, id=8)  on LivenessPing (GossipMsg, id=3999)
** Event #3404  t=911.1  SupplyChainNetwork.seed[1] (Node, id=3)  on LivenessPing (GossipMsg, id=4000)
** Event #3405  t=911.1  SupplyChainNetwork.peer[2] (Node, id=6)  on LivenessPing (GossipMsg, id=4002)
** Event #3406  t=911.1  SupplyChainNetwork.peer[3] (Node, id=7)  on LivenessPing (GossipMsg, id=4003)
** Event #3407  t=911.1  SupplyChainNetwork.seed[0] (Node, id=2)  on LivenessPing (GossipMsg, id=4004)
** Event #3408  t=911.1  SupplyChainNetwork.seed[0] (Node, id=2)  on LivenessPing (GossipMsg, id=4006)
** Event #3409  t=911.1  SupplyChainNetwork.peer[1] (Node, id=5)  on LivenessPing (GossipMsg, id=4007)
** Event #3410  t=911.1  SupplyChainNetwork.peer[4] (Node, id=8)  on LivenessPing (GossipMsg, id=4008)
** Event #3411  t=911.1  SupplyChainNetwork.seed[0] (Node, id=2)  on LivenessPing (GossipMsg, id=4010)
** Event #3412  t=911.1  SupplyChainNetwork.peer[0] (Node, id=4)  on LivenessPing (GossipMsg, id=4011)
** Event #3413  t=911.1  SupplyChainNetwork.peer[2] (Node, id=6)  on LivenessPing (GossipMsg, id=4012)
** Event #3414  t=911.1  SupplyChainNetwork.seed[1] (Node, id=3)  on LivenessPing (GossipMsg, id=4014)
** Event #3415  t=911.1  SupplyChainNetwork.peer[1] (Node, id=5)  on LivenessPing (GossipMsg, id=4015)
** Event #3416  t=911.1  SupplyChainNetwork.peer[3] (Node, id=7)  on LivenessPing (GossipMsg, id=4016)
** Event #3417  t=912.60867085632  SupplyChainNetwork.peer[1] (Node, id=5)  on selfmsg MiningTimer (omnetpp::cMessage, id=15)
INFO: MINED BLOCK 111 | Root: 3c7a6bc4
** Event #3418  t=912.70867085632  SupplyChainNetwork.seed[0] (Node, id=2)  on BlockData (BlockMsg, id=4019)
INFO: Received longer chain (Block 111). Switching...
** Event #3419  t=912.70867085632  SupplyChainNetwork.peer[0] (Node, id=4)  on BlockData (BlockMsg, id=4020)
INFO: Received longer chain (Block 111). Switching...
** Event #3420  t=912.70867085632  SupplyChainNetwork.peer[2] (Node, id=6)  on BlockData (BlockMsg, id=4021)
INFO: SECURITY ALERT: Double Spending in Block 111!
** Event #3421  t=912.80867085632  SupplyChainNetwork.peer[0] (Node, id=4)  on BlockData (BlockMsg, id=4023)
** Event #3422  t=912.80867085632  SupplyChainNetwork.peer[4] (Node, id=8)  on BlockData (BlockMsg, id=4024)
** Event #3423  t=912.80867085632  SupplyChainNetwork.seed[1] (Node, id=3)  on BlockData (BlockMsg, id=4025)
INFO: SECURITY ALERT: Double Spending in Block 111!
** Event #3424  t=912.80867085632  SupplyChainNetwork.seed[0] (Node, id=2)  on BlockData (BlockMsg, id=4027)
** Event #3425  t=912.80867085632  SupplyChainNetwork.peer[4] (Node, id=8)  on BlockData (BlockMsg, id=4028)
** Event #3426  t=918  SupplyChainNetwork.peer[3] (Node, id=7)  on selfmsg LivenessTimer (omnetpp::cMessage, id=26)
INFO: WARNING: Neighbor on gate 2 is DEAD!
** Event #3427  t=918.1  SupplyChainNetwork.seed[1] (Node, id=3)  on LivenessPing (GossipMsg, id=4030)
** Event #3428  t=918.1  SupplyChainNetwork.peer[2] (Node, id=6)  on LivenessPing (GossipMsg, id=4031)
** Event #3429  t=918.1  SupplyChainNetwork.peer[4] (Node, id=8)  on LivenessPing (GossipMsg, id=4032)
** Event #3430  t=924  SupplyChainNetwork.seed[0] (Node, id=2)  on selfmsg LivenessTimer (omnetpp::cMessage, id=1)
INFO: WARNING: Neighbor on gate 2 is DEAD!
** Event #3431  t=924  SupplyChainNetwork.seed[1] (Node, id=3)  on selfmsg LivenessTimer (omnetpp::cMessage, id=6)
** Event #3432  t=924  SupplyChainNetwork.peer[0] (Node, id=4)  on selfmsg LivenessTimer (omnetpp::cMessage, id=11)
INFO: WARNING: Neighbor on gate 2 is DEAD!
** Event #3433  t=924  SupplyChainNetwork.peer[1] (Node, id=5)  on selfmsg LivenessTimer (omnetpp::cMessage, id=16)
** Event #3434  t=924  SupplyChainNetwork.peer[2] (Node, id=6)  on selfmsg LivenessTimer (omnetpp::cMessage, id=21)
** Event #3435  t=924.1  SupplyChainNetwork.peer[0] (Node, id=4)  on LivenessPing (GossipMsg, id=4034)
** Event #3436  t=924.1  SupplyChainNetwork.peer[1] (Node, id=5)  on LivenessPing (GossipMsg, id=4035)
** Event #3437  t=924.1  SupplyChainNetwork.peer[4] (Node, id=8)  on LivenessPing (GossipMsg, id=4036)
** Event #3438  t=924.1  SupplyChainNetwork.seed[1] (Node, id=3)  on LivenessPing (GossipMsg, id=4037)
** Event #3439  t=924.1  SupplyChainNetwork.peer[2] (Node, id=6)  on LivenessPing (GossipMsg, id=4039)
** Event #3440  t=924.1  SupplyChainNetwork.peer[3] (Node, id=7)  on LivenessPing (GossipMsg, id=4040)
** Event #3441  t=924.1  SupplyChainNetwork.seed[0] (Node, id=2)  on LivenessPing (GossipMsg, id=4041)
** Event #3442  t=924.1  SupplyChainNetwork.seed[0] (Node, id=2)  on LivenessPing (GossipMsg, id=4043)
** Event #3443  t=924.1  SupplyChainNetwork.peer[1] (Node, id=5)  on LivenessPing (GossipMsg, id=4044)
** Event #3444  t=924.1  SupplyChainNetwork.peer[4] (Node, id=8)  on LivenessPing (GossipMsg, id=4045)
** Event #3445  t=924.1  SupplyChainNetwork.seed[0] (Node, id=2)  on LivenessPing (GossipMsg, id=4047)
** Event #3446  t=924.1  SupplyChainNetwork.peer[0] (Node, id=4)  on LivenessPing (GossipMsg, id=4048)
** Event #3447  t=924.1  SupplyChainNetwork.peer[2] (Node, id=6)  on LivenessPing (GossipMsg, id=4049)
** Event #3448  t=924.1  SupplyChainNetwork.seed[1] (Node, id=3)  on LivenessPing (GossipMsg, id=4051)
** Event #3449  t=924.1  SupplyChainNetwork.peer[1] (Node, id=5)  on LivenessPing (GossipMsg, id=4052)
** Event #3450  t=924.1  SupplyChainNetwork.peer[3] (Node, id=7)  on LivenessPing (GossipMsg, id=4053)
** Event #3451  t=927.950263947766  SupplyChainNetwork.peer[1] (Node, id=5)  on selfmsg MiningTimer (omnetpp::cMessage, id=15)
INFO: MINED BLOCK 112 | Root: 069fddd4
** Event #3452  t=928.050263947766  SupplyChainNetwork.seed[0] (Node, id=2)  on BlockData (BlockMsg, id=4056)
INFO: Received longer chain (Block 112). Switching...
** Event #3453  t=928.050263947766  SupplyChainNetwork.peer[0] (Node, id=4)  on BlockData (BlockMsg, id=4057)
INFO: Received longer chain (Block 112). Switching...
** Event #3454  t=928.050263947766  SupplyChainNetwork.peer[2] (Node, id=6)  on BlockData (BlockMsg, id=4058)
INFO: SECURITY ALERT: Double Spending in Block 112!
** Event #3455  t=928.150263947766  SupplyChainNetwork.peer[0] (Node, id=4)  on BlockData (BlockMsg, id=4060)
** Event #3456  t=928.150263947766  SupplyChainNetwork.peer[4] (Node, id=8)  on BlockData (BlockMsg, id=4061)
** Event #3457  t=928.150263947766  SupplyChainNetwork.seed[1] (Node, id=3)  on BlockData (BlockMsg, id=4062)
INFO: SECURITY ALERT: Double Spending in Block 112!
** Event #3458  t=928.150263947766  SupplyChainNetwork.seed[0] (Node, id=2)  on BlockData (BlockMsg, id=4064)
** Event #3459  t=928.150263947766  SupplyChainNetwork.peer[4] (Node, id=8)  on BlockData (BlockMsg, id=4065)
** Event #3460  t=928.197006600243  SupplyChainNetwork.peer[2] (Node, id=6)  on selfmsg MiningTimer (omnetpp::cMessage, id=20)
INFO: MINED BLOCK 99 | Root: 3c01b486
** Event #3461  t=928.297006600243  SupplyChainNetwork.seed[1] (Node, id=3)  on BlockData (BlockMsg, id=4068)
INFO: Received longer chain (Block 99). Switching...
** Event #3462  t=928.297006600243  SupplyChainNetwork.peer[1] (Node, id=5)  on BlockData (BlockMsg, id=4069)
INFO: SECURITY ALERT: Double Spending in Block 99!
** Event #3463  t=928.297006600243  SupplyChainNetwork.peer[3] (Node, id=7)  on BlockData (BlockMsg, id=4070)
INFO: SECURITY ALERT: Double Spending in Block 99!
** Event #3464  t=928.397006600243  SupplyChainNetwork.peer[3] (Node, id=7)  on BlockData (BlockMsg, id=4072)
INFO: SECURITY ALERT: Double Spending in Block 99!
** Event #3465  t=928.397006600243  SupplyChainNetwork.seed[0] (Node, id=2)  on BlockData (BlockMsg, id=4073)
INFO: SECURITY ALERT: Double Spending in Block 99!
** Event #3466  t=931  SupplyChainNetwork.peer[3] (Node, id=7)  on selfmsg LivenessTimer (omnetpp::cMessage, id=26)
** Event #3467  t=931.1  SupplyChainNetwork.seed[1] (Node, id=3)  on LivenessPing (GossipMsg, id=4075)
** Event #3468  t=931.1  SupplyChainNetwork.peer[2] (Node, id=6)  on LivenessPing (GossipMsg, id=4076)
** Event #3469  t=931.1  SupplyChainNetwork.peer[4] (Node, id=8)  on LivenessPing (GossipMsg, id=4077)
** Event #3470  t=932.262662071849  SupplyChainNetwork.peer[3] (Node, id=7)  on selfmsg MiningTimer (omnetpp::cMessage, id=25)
INFO: MINED BLOCK 46 | Root: a40d18cc
** Event #3471  t=932.362662071849  SupplyChainNetwork.seed[1] (Node, id=3)  on BlockData (BlockMsg, id=4080)
INFO: SECURITY ALERT: Double Spending in Block 46!
** Event #3472  t=932.362662071849  SupplyChainNetwork.peer[2] (Node, id=6)  on BlockData (BlockMsg, id=4081)
INFO: SECURITY ALERT: Double Spending in Block 46!
** Event #3473  t=932.362662071849  SupplyChainNetwork.peer[4] (Node, id=8)  on BlockData (BlockMsg, id=4082)
** Event #3474  t=937  SupplyChainNetwork.seed[0] (Node, id=2)  on selfmsg LivenessTimer (omnetpp::cMessage, id=1)
** Event #3475  t=937  SupplyChainNetwork.seed[1] (Node, id=3)  on selfmsg LivenessTimer (omnetpp::cMessage, id=6)
** Event #3476  t=937  SupplyChainNetwork.peer[0] (Node, id=4)  on selfmsg LivenessTimer (omnetpp::cMessage, id=11)
** Event #3477  t=937  SupplyChainNetwork.peer[1] (Node, id=5)  on selfmsg LivenessTimer (omnetpp::cMessage, id=16)
** Event #3478  t=937  SupplyChainNetwork.peer[2] (Node, id=6)  on selfmsg LivenessTimer (omnetpp::cMessage, id=21)
** Event #3479  t=937.1  SupplyChainNetwork.peer[0] (Node, id=4)  on LivenessPing (GossipMsg, id=4084)
** Event #3480  t=937.1  SupplyChainNetwork.peer[1] (Node, id=5)  on LivenessPing (GossipMsg, id=4085)
** Event #3481  t=937.1  SupplyChainNetwork.peer[4] (Node, id=8)  on LivenessPing (GossipMsg, id=4086)
** Event #3482  t=937.1  SupplyChainNetwork.seed[1] (Node, id=3)  on LivenessPing (GossipMsg, id=4087)
** Event #3483  t=937.1  SupplyChainNetwork.peer[2] (Node, id=6)  on LivenessPing (GossipMsg, id=4089)
** Event #3484  t=937.1  SupplyChainNetwork.peer[3] (Node, id=7)  on LivenessPing (GossipMsg, id=4090)
** Event #3485  t=937.1  SupplyChainNetwork.seed[0] (Node, id=2)  on LivenessPing (GossipMsg, id=4091)
** Event #3486  t=937.1  SupplyChainNetwork.seed[0] (Node, id=2)  on LivenessPing (GossipMsg, id=4093)
** Event #3487  t=937.1  SupplyChainNetwork.peer[1] (Node, id=5)  on LivenessPing (GossipMsg, id=4094)
** Event #3488  t=937.1  SupplyChainNetwork.peer[4] (Node, id=8)  on LivenessPing (GossipMsg, id=4095)
** Event #3489  t=937.1  SupplyChainNetwork.seed[0] (Node, id=2)  on LivenessPing (GossipMsg, id=4097)
** Event #3490  t=937.1  SupplyChainNetwork.peer[0] (Node, id=4)  on LivenessPing (GossipMsg, id=4098)
** Event #3491  t=937.1  SupplyChainNetwork.peer[2] (Node, id=6)  on LivenessPing (GossipMsg, id=4099)
** Event #3492  t=937.1  SupplyChainNetwork.seed[1] (Node, id=3)  on LivenessPing (GossipMsg, id=4101)
** Event #3493  t=937.1  SupplyChainNetwork.peer[1] (Node, id=5)  on LivenessPing (GossipMsg, id=4102)
** Event #3494  t=937.1  SupplyChainNetwork.peer[3] (Node, id=7)  on LivenessPing (GossipMsg, id=4103)
** Event #3495  t=944  SupplyChainNetwork.peer[3] (Node, id=7)  on selfmsg LivenessTimer (omnetpp::cMessage, id=26)
** Event #3496  t=944.1  SupplyChainNetwork.seed[1] (Node, id=3)  on LivenessPing (GossipMsg, id=4105)
** Event #3497  t=944.1  SupplyChainNetwork.peer[2] (Node, id=6)  on LivenessPing (GossipMsg, id=4106)
** Event #3498  t=944.1  SupplyChainNetwork.peer[4] (Node, id=8)  on LivenessPing (GossipMsg, id=4107)
** Event #3499  t=945.777835485966  SupplyChainNetwork.peer[1] (Node, id=5)  on selfmsg MiningTimer (omnetpp::cMessage, id=15)
INFO: MINED BLOCK 113 | Root: 099fd0a7
** Event #3500  t=945.877835485966  SupplyChainNetwork.seed[0] (Node, id=2)  on BlockData (BlockMsg, id=4110)
INFO: Received longer chain (Block 113). Switching...
** Event #3501  t=945.877835485966  SupplyChainNetwork.peer[0] (Node, id=4)  on BlockData (BlockMsg, id=4111)
INFO: Received longer chain (Block 113). Switching...
** Event #3502  t=945.877835485966  SupplyChainNetwork.peer[2] (Node, id=6)  on BlockData (BlockMsg, id=4112)
INFO: SECURITY ALERT: Double Spending in Block 113!
** Event #3503  t=945.977835485966  SupplyChainNetwork.peer[0] (Node, id=4)  on BlockData (BlockMsg, id=4114)
** Event #3504  t=945.977835485966  SupplyChainNetwork.peer[4] (Node, id=8)  on BlockData (BlockMsg, id=4115)
** Event #3505  t=945.977835485966  SupplyChainNetwork.seed[1] (Node, id=3)  on BlockData (BlockMsg, id=4116)
INFO: SECURITY ALERT: Double Spending in Block 113!
** Event #3506  t=945.977835485966  SupplyChainNetwork.seed[0] (Node, id=2)  on BlockData (BlockMsg, id=4118)
** Event #3507  t=945.977835485966  SupplyChainNetwork.peer[4] (Node, id=8)  on BlockData (BlockMsg, id=4119)
** Event #3508  t=950  SupplyChainNetwork.seed[0] (Node, id=2)  on selfmsg LivenessTimer (omnetpp::cMessage, id=1)
** Event #3509  t=950  SupplyChainNetwork.seed[1] (Node, id=3)  on selfmsg LivenessTimer (omnetpp::cMessage, id=6)
** Event #3510  t=950  SupplyChainNetwork.peer[0] (Node, id=4)  on selfmsg LivenessTimer (omnetpp::cMessage, id=11)
** Event #3511  t=950  SupplyChainNetwork.peer[1] (Node, id=5)  on selfmsg LivenessTimer (omnetpp::cMessage, id=16)
** Event #3512  t=950  SupplyChainNetwork.peer[2] (Node, id=6)  on selfmsg LivenessTimer (omnetpp::cMessage, id=21)
** Event #3513  t=950.1  SupplyChainNetwork.peer[0] (Node, id=4)  on LivenessPing (GossipMsg, id=4121)
** Event #3514  t=950.1  SupplyChainNetwork.peer[1] (Node, id=5)  on LivenessPing (GossipMsg, id=4122)
** Event #3515  t=950.1  SupplyChainNetwork.peer[4] (Node, id=8)  on LivenessPing (GossipMsg, id=4123)
** Event #3516  t=950.1  SupplyChainNetwork.seed[1] (Node, id=3)  on LivenessPing (GossipMsg, id=4124)
** Event #3517  t=950.1  SupplyChainNetwork.peer[2] (Node, id=6)  on LivenessPing (GossipMsg, id=4126)
** Event #3518  t=950.1  SupplyChainNetwork.peer[3] (Node, id=7)  on LivenessPing (GossipMsg, id=4127)
** Event #3519  t=950.1  SupplyChainNetwork.seed[0] (Node, id=2)  on LivenessPing (GossipMsg, id=4128)
** Event #3520  t=950.1  SupplyChainNetwork.seed[0] (Node, id=2)  on LivenessPing (GossipMsg, id=4130)
** Event #3521  t=950.1  SupplyChainNetwork.peer[1] (Node, id=5)  on LivenessPing (GossipMsg, id=4131)
** Event #3522  t=950.1  SupplyChainNetwork.peer[4] (Node, id=8)  on LivenessPing (GossipMsg, id=4132)
** Event #3523  t=950.1  SupplyChainNetwork.seed[0] (Node, id=2)  on LivenessPing (GossipMsg, id=4134)
** Event #3524  t=950.1  SupplyChainNetwork.peer[0] (Node, id=4)  on LivenessPing (GossipMsg, id=4135)
** Event #3525  t=950.1  SupplyChainNetwork.peer[2] (Node, id=6)  on LivenessPing (GossipMsg, id=4136)
** Event #3526  t=950.1  SupplyChainNetwork.seed[1] (Node, id=3)  on LivenessPing (GossipMsg, id=4138)
** Event #3527  t=950.1  SupplyChainNetwork.peer[1] (Node, id=5)  on LivenessPing (GossipMsg, id=4139)
** Event #3528  t=950.1  SupplyChainNetwork.peer[3] (Node, id=7)  on LivenessPing (GossipMsg, id=4140)
** Event #3529  t=953.255565404028  SupplyChainNetwork.peer[1] (Node, id=5)  on selfmsg MiningTimer (omnetpp::cMessage, id=15)
INFO: MINED BLOCK 114 | Root: f71db7b9
** Event #3530  t=953.355565404028  SupplyChainNetwork.seed[0] (Node, id=2)  on BlockData (BlockMsg, id=4143)
INFO: Received longer chain (Block 114). Switching...
** Event #3531  t=953.355565404028  SupplyChainNetwork.peer[0] (Node, id=4)  on BlockData (BlockMsg, id=4144)
INFO: Received longer chain (Block 114). Switching...
** Event #3532  t=953.355565404028  SupplyChainNetwork.peer[2] (Node, id=6)  on BlockData (BlockMsg, id=4145)
INFO: SECURITY ALERT: Double Spending in Block 114!
** Event #3533  t=953.455565404028  SupplyChainNetwork.peer[0] (Node, id=4)  on BlockData (BlockMsg, id=4147)
** Event #3534  t=953.455565404028  SupplyChainNetwork.peer[4] (Node, id=8)  on BlockData (BlockMsg, id=4148)
** Event #3535  t=953.455565404028  SupplyChainNetwork.seed[1] (Node, id=3)  on BlockData (BlockMsg, id=4149)
INFO: SECURITY ALERT: Double Spending in Block 114!
** Event #3536  t=953.455565404028  SupplyChainNetwork.seed[0] (Node, id=2)  on BlockData (BlockMsg, id=4151)
** Event #3537  t=953.455565404028  SupplyChainNetwork.peer[4] (Node, id=8)  on BlockData (BlockMsg, id=4152)
** Event #3538  t=954.392714027476  SupplyChainNetwork.peer[2] (Node, id=6)  on selfmsg MiningTimer (omnetpp::cMessage, id=20)
INFO: MINED BLOCK 100 | Root: 0a7f662b
** Event #3539  t=954.492714027476  SupplyChainNetwork.seed[1] (Node, id=3)  on BlockData (BlockMsg, id=4155)
INFO: Received longer chain (Block 100). Switching...
** Event #3540  t=954.492714027476  SupplyChainNetwork.peer[1] (Node, id=5)  on BlockData (BlockMsg, id=4156)
INFO: SECURITY ALERT: Double Spending in Block 100!
** Event #3541  t=954.492714027476  SupplyChainNetwork.peer[3] (Node, id=7)  on BlockData (BlockMsg, id=4157)
INFO: SECURITY ALERT: Double Spending in Block 100!
** Event #3542  t=954.592714027476  SupplyChainNetwork.peer[3] (Node, id=7)  on BlockData (BlockMsg, id=4159)
INFO: SECURITY ALERT: Double Spending in Block 100!
** Event #3543  t=954.592714027476  SupplyChainNetwork.seed[0] (Node, id=2)  on BlockData (BlockMsg, id=4160)
INFO: SECURITY ALERT: Double Spending in Block 100!
** Event #3544  t=957  SupplyChainNetwork.peer[3] (Node, id=7)  on selfmsg LivenessTimer (omnetpp::cMessage, id=26)
** Event #3545  t=957.1  SupplyChainNetwork.seed[1] (Node, id=3)  on LivenessPing (GossipMsg, id=4162)
** Event #3546  t=957.1  SupplyChainNetwork.peer[2] (Node, id=6)  on LivenessPing (GossipMsg, id=4163)
** Event #3547  t=957.1  SupplyChainNetwork.peer[4] (Node, id=8)  on LivenessPing (GossipMsg, id=4164)
** Event #3548  t=958.130622860985  SupplyChainNetwork.peer[0] (Node, id=4)  on selfmsg MiningTimer (omnetpp::cMessage, id=10)
INFO: MINED BLOCK 115 | Root: 23daa2b1
** Event #3549  t=958.230622860985  SupplyChainNetwork.seed[0] (Node, id=2)  on BlockData (BlockMsg, id=4167)
INFO: Received longer chain (Block 115). Switching...
** Event #3550  t=958.230622860985  SupplyChainNetwork.peer[1] (Node, id=5)  on BlockData (BlockMsg, id=4168)
INFO: Received longer chain (Block 115). Switching...
** Event #3551  t=958.230622860985  SupplyChainNetwork.peer[4] (Node, id=8)  on BlockData (BlockMsg, id=4169)
** Event #3552  t=958.330622860985  SupplyChainNetwork.peer[1] (Node, id=5)  on BlockData (BlockMsg, id=4171)
** Event #3553  t=958.330622860985  SupplyChainNetwork.peer[4] (Node, id=8)  on BlockData (BlockMsg, id=4172)
** Event #3554  t=958.330622860985  SupplyChainNetwork.seed[1] (Node, id=3)  on BlockData (BlockMsg, id=4173)
INFO: SECURITY ALERT: Double Spending in Block 115!
** Event #3555  t=958.330622860985  SupplyChainNetwork.seed[0] (Node, id=2)  on BlockData (BlockMsg, id=4175)
** Event #3556  t=958.330622860985  SupplyChainNetwork.peer[2] (Node, id=6)  on BlockData (BlockMsg, id=4176)
INFO: SECURITY ALERT: Double Spending in Block 115!
** Event #3557  t=959.103205495846  SupplyChainNetwork.peer[2] (Node, id=6)  on selfmsg MiningTimer (omnetpp::cMessage, id=20)
INFO: MINED BLOCK 101 | Root: 7f8cbafe
** Event #3558  t=959.203205495846  SupplyChainNetwork.seed[1] (Node, id=3)  on BlockData (BlockMsg, id=4179)
INFO: Received longer chain (Block 101). Switching...
** Event #3559  t=959.203205495846  SupplyChainNetwork.peer[1] (Node, id=5)  on BlockData (BlockMsg, id=4180)
INFO: SECURITY ALERT: Double Spending in Block 101!
** Event #3560  t=959.203205495846  SupplyChainNetwork.peer[3] (Node, id=7)  on BlockData (BlockMsg, id=4181)
INFO: SECURITY ALERT: Double Spending in Block 101!
** Event #3561  t=959.303205495846  SupplyChainNetwork.peer[3] (Node, id=7)  on BlockData (BlockMsg, id=4183)
INFO: SECURITY ALERT: Double Spending in Block 101!
** Event #3562  t=959.303205495846  SupplyChainNetwork.seed[0] (Node, id=2)  on BlockData (BlockMsg, id=4184)
INFO: SECURITY ALERT: Double Spending in Block 101!
** Event #3563  t=962.351263830646  SupplyChainNetwork.peer[1] (Node, id=5)  on selfmsg MiningTimer (omnetpp::cMessage, id=15)
INFO: MINED BLOCK 116 | Root: 479681df
** Event #3564  t=962.451263830646  SupplyChainNetwork.seed[0] (Node, id=2)  on BlockData (BlockMsg, id=4187)
INFO: Received longer chain (Block 116). Switching...
** Event #3565  t=962.451263830646  SupplyChainNetwork.peer[0] (Node, id=4)  on BlockData (BlockMsg, id=4188)
INFO: Received longer chain (Block 116). Switching...
** Event #3566  t=962.451263830646  SupplyChainNetwork.peer[2] (Node, id=6)  on BlockData (BlockMsg, id=4189)
INFO: SECURITY ALERT: Double Spending in Block 116!
** Event #3567  t=962.551263830646  SupplyChainNetwork.peer[0] (Node, id=4)  on BlockData (BlockMsg, id=4191)
** Event #3568  t=962.551263830646  SupplyChainNetwork.peer[4] (Node, id=8)  on BlockData (BlockMsg, id=4192)
** Event #3569  t=962.551263830646  SupplyChainNetwork.seed[1] (Node, id=3)  on BlockData (BlockMsg, id=4193)
INFO: SECURITY ALERT: Double Spending in Block 116!
** Event #3570  t=962.551263830646  SupplyChainNetwork.seed[0] (Node, id=2)  on BlockData (BlockMsg, id=4195)
** Event #3571  t=962.551263830646  SupplyChainNetwork.peer[4] (Node, id=8)  on BlockData (BlockMsg, id=4196)
** Event #3572  t=963  SupplyChainNetwork.seed[0] (Node, id=2)  on selfmsg LivenessTimer (omnetpp::cMessage, id=1)
** Event #3573  t=963  SupplyChainNetwork.seed[1] (Node, id=3)  on selfmsg LivenessTimer (omnetpp::cMessage, id=6)
** Event #3574  t=963  SupplyChainNetwork.peer[0] (Node, id=4)  on selfmsg LivenessTimer (omnetpp::cMessage, id=11)
** Event #3575  t=963  SupplyChainNetwork.peer[1] (Node, id=5)  on selfmsg LivenessTimer (omnetpp::cMessage, id=16)
** Event #3576  t=963  SupplyChainNetwork.peer[2] (Node, id=6)  on selfmsg LivenessTimer (omnetpp::cMessage, id=21)
** Event #3577  t=963.1  SupplyChainNetwork.peer[0] (Node, id=4)  on LivenessPing (GossipMsg, id=4198)
** Event #3578  t=963.1  SupplyChainNetwork.peer[1] (Node, id=5)  on LivenessPing (GossipMsg, id=4199)
** Event #3579  t=963.1  SupplyChainNetwork.peer[4] (Node, id=8)  on LivenessPing (GossipMsg, id=4200)
** Event #3580  t=963.1  SupplyChainNetwork.seed[1] (Node, id=3)  on LivenessPing (GossipMsg, id=4201)
** Event #3581  t=963.1  SupplyChainNetwork.peer[2] (Node, id=6)  on LivenessPing (GossipMsg, id=4203)
** Event #3582  t=963.1  SupplyChainNetwork.peer[3] (Node, id=7)  on LivenessPing (GossipMsg, id=4204)
** Event #3583  t=963.1  SupplyChainNetwork.seed[0] (Node, id=2)  on LivenessPing (GossipMsg, id=4205)
** Event #3584  t=963.1  SupplyChainNetwork.seed[0] (Node, id=2)  on LivenessPing (GossipMsg, id=4207)
** Event #3585  t=963.1  SupplyChainNetwork.peer[1] (Node, id=5)  on LivenessPing (GossipMsg, id=4208)
** Event #3586  t=963.1  SupplyChainNetwork.peer[4] (Node, id=8)  on LivenessPing (GossipMsg, id=4209)
** Event #3587  t=963.1  SupplyChainNetwork.seed[0] (Node, id=2)  on LivenessPing (GossipMsg, id=4211)
** Event #3588  t=963.1  SupplyChainNetwork.peer[0] (Node, id=4)  on LivenessPing (GossipMsg, id=4212)
** Event #3589  t=963.1  SupplyChainNetwork.peer[2] (Node, id=6)  on LivenessPing (GossipMsg, id=4213)
** Event #3590  t=963.1  SupplyChainNetwork.seed[1] (Node, id=3)  on LivenessPing (GossipMsg, id=4215)
** Event #3591  t=963.1  SupplyChainNetwork.peer[1] (Node, id=5)  on LivenessPing (GossipMsg, id=4216)
** Event #3592  t=963.1  SupplyChainNetwork.peer[3] (Node, id=7)  on LivenessPing (GossipMsg, id=4217)
** Event #3593  t=964.040390871822  SupplyChainNetwork.peer[2] (Node, id=6)  on selfmsg MiningTimer (omnetpp::cMessage, id=20)
INFO: MINED BLOCK 102 | Root: b79f45c9
** Event #3594  t=964.140390871822  SupplyChainNetwork.seed[1] (Node, id=3)  on BlockData (BlockMsg, id=4220)
INFO: Received longer chain (Block 102). Switching...
** Event #3595  t=964.140390871822  SupplyChainNetwork.peer[1] (Node, id=5)  on BlockData (BlockMsg, id=4221)
INFO: SECURITY ALERT: Double Spending in Block 102!
** Event #3596  t=964.140390871822  SupplyChainNetwork.peer[3] (Node, id=7)  on BlockData (BlockMsg, id=4222)
INFO: SECURITY ALERT: Double Spending in Block 102!
** Event #3597  t=964.240390871822  SupplyChainNetwork.peer[3] (Node, id=7)  on BlockData (BlockMsg, id=4224)
INFO: SECURITY ALERT: Double Spending in Block 102!
** Event #3598  t=964.240390871822  SupplyChainNetwork.seed[0] (Node, id=2)  on BlockData (BlockMsg, id=4225)
INFO: SECURITY ALERT: Double Spending in Block 102!
** Event #3599  t=970  SupplyChainNetwork.peer[3] (Node, id=7)  on selfmsg LivenessTimer (omnetpp::cMessage, id=26)
INFO: WARNING: Neighbor on gate 2 is DEAD!
** Event #3600  t=970.1  SupplyChainNetwork.seed[1] (Node, id=3)  on LivenessPing (GossipMsg, id=4227)
** Event #3601  t=970.1  SupplyChainNetwork.peer[2] (Node, id=6)  on LivenessPing (GossipMsg, id=4228)
** Event #3602  t=970.1  SupplyChainNetwork.peer[4] (Node, id=8)  on LivenessPing (GossipMsg, id=4229)
** Event #3603  t=976  SupplyChainNetwork.seed[0] (Node, id=2)  on selfmsg LivenessTimer (omnetpp::cMessage, id=1)
INFO: WARNING: Neighbor on gate 2 is DEAD!
** Event #3604  t=976  SupplyChainNetwork.seed[1] (Node, id=3)  on selfmsg LivenessTimer (omnetpp::cMessage, id=6)
** Event #3605  t=976  SupplyChainNetwork.peer[0] (Node, id=4)  on selfmsg LivenessTimer (omnetpp::cMessage, id=11)
INFO: WARNING: Neighbor on gate 2 is DEAD!
** Event #3606  t=976  SupplyChainNetwork.peer[1] (Node, id=5)  on selfmsg LivenessTimer (omnetpp::cMessage, id=16)
** Event #3607  t=976  SupplyChainNetwork.peer[2] (Node, id=6)  on selfmsg LivenessTimer (omnetpp::cMessage, id=21)
** Event #3608  t=976.1  SupplyChainNetwork.peer[0] (Node, id=4)  on LivenessPing (GossipMsg, id=4231)
** Event #3609  t=976.1  SupplyChainNetwork.peer[1] (Node, id=5)  on LivenessPing (GossipMsg, id=4232)
** Event #3610  t=976.1  SupplyChainNetwork.peer[4] (Node, id=8)  on LivenessPing (GossipMsg, id=4233)
** Event #3611  t=976.1  SupplyChainNetwork.seed[1] (Node, id=3)  on LivenessPing (GossipMsg, id=4234)
** Event #3612  t=976.1  SupplyChainNetwork.peer[2] (Node, id=6)  on LivenessPing (GossipMsg, id=4236)
** Event #3613  t=976.1  SupplyChainNetwork.peer[3] (Node, id=7)  on LivenessPing (GossipMsg, id=4237)
** Event #3614  t=976.1  SupplyChainNetwork.seed[0] (Node, id=2)  on LivenessPing (GossipMsg, id=4238)
** Event #3615  t=976.1  SupplyChainNetwork.seed[0] (Node, id=2)  on LivenessPing (GossipMsg, id=4240)
** Event #3616  t=976.1  SupplyChainNetwork.peer[1] (Node, id=5)  on LivenessPing (GossipMsg, id=4241)
** Event #3617  t=976.1  SupplyChainNetwork.peer[4] (Node, id=8)  on LivenessPing (GossipMsg, id=4242)
** Event #3618  t=976.1  SupplyChainNetwork.seed[0] (Node, id=2)  on LivenessPing (GossipMsg, id=4244)
** Event #3619  t=976.1  SupplyChainNetwork.peer[0] (Node, id=4)  on LivenessPing (GossipMsg, id=4245)
** Event #3620  t=976.1  SupplyChainNetwork.peer[2] (Node, id=6)  on LivenessPing (GossipMsg, id=4246)
** Event #3621  t=976.1  SupplyChainNetwork.seed[1] (Node, id=3)  on LivenessPing (GossipMsg, id=4248)
** Event #3622  t=976.1  SupplyChainNetwork.peer[1] (Node, id=5)  on LivenessPing (GossipMsg, id=4249)
** Event #3623  t=976.1  SupplyChainNetwork.peer[3] (Node, id=7)  on LivenessPing (GossipMsg, id=4250)
** Event #3624  t=979.310839338934  SupplyChainNetwork.peer[0] (Node, id=4)  on selfmsg MiningTimer (omnetpp::cMessage, id=10)
INFO: MINED BLOCK 117 | Root: 4712ba90
** Event #3625  t=979.410839338934  SupplyChainNetwork.seed[0] (Node, id=2)  on BlockData (BlockMsg, id=4253)
INFO: Received longer chain (Block 117). Switching...
** Event #3626  t=979.410839338934  SupplyChainNetwork.peer[1] (Node, id=5)  on BlockData (BlockMsg, id=4254)
INFO: Received longer chain (Block 117). Switching...
** Event #3627  t=979.410839338934  SupplyChainNetwork.peer[4] (Node, id=8)  on BlockData (BlockMsg, id=4255)
** Event #3628  t=979.510839338934  SupplyChainNetwork.peer[1] (Node, id=5)  on BlockData (BlockMsg, id=4257)
** Event #3629  t=979.510839338934  SupplyChainNetwork.peer[4] (Node, id=8)  on BlockData (BlockMsg, id=4258)
** Event #3630  t=979.510839338934  SupplyChainNetwork.seed[1] (Node, id=3)  on BlockData (BlockMsg, id=4259)
INFO: SECURITY ALERT: Double Spending in Block 117!
** Event #3631  t=979.510839338934  SupplyChainNetwork.seed[0] (Node, id=2)  on BlockData (BlockMsg, id=4261)
** Event #3632  t=979.510839338934  SupplyChainNetwork.peer[2] (Node, id=6)  on BlockData (BlockMsg, id=4262)
INFO: SECURITY ALERT: Double Spending in Block 117!
** Event #3633  t=983  SupplyChainNetwork.peer[3] (Node, id=7)  on selfmsg LivenessTimer (omnetpp::cMessage, id=26)
** Event #3634  t=983.1  SupplyChainNetwork.seed[1] (Node, id=3)  on LivenessPing (GossipMsg, id=4264)
** Event #3635  t=983.1  SupplyChainNetwork.peer[2] (Node, id=6)  on LivenessPing (GossipMsg, id=4265)
** Event #3636  t=983.1  SupplyChainNetwork.peer[4] (Node, id=8)  on LivenessPing (GossipMsg, id=4266)
** Event #3637  t=989  SupplyChainNetwork.seed[0] (Node, id=2)  on selfmsg LivenessTimer (omnetpp::cMessage, id=1)
** Event #3638  t=989  SupplyChainNetwork.seed[1] (Node, id=3)  on selfmsg LivenessTimer (omnetpp::cMessage, id=6)
** Event #3639  t=989  SupplyChainNetwork.peer[0] (Node, id=4)  on selfmsg LivenessTimer (omnetpp::cMessage, id=11)
** Event #3640  t=989  SupplyChainNetwork.peer[1] (Node, id=5)  on selfmsg LivenessTimer (omnetpp::cMessage, id=16)
** Event #3641  t=989  SupplyChainNetwork.peer[2] (Node, id=6)  on selfmsg LivenessTimer (omnetpp::cMessage, id=21)
** Event #3642  t=989.1  SupplyChainNetwork.peer[0] (Node, id=4)  on LivenessPing (GossipMsg, id=4268)
** Event #3643  t=989.1  SupplyChainNetwork.peer[1] (Node, id=5)  on LivenessPing (GossipMsg, id=4269)
** Event #3644  t=989.1  SupplyChainNetwork.peer[4] (Node, id=8)  on LivenessPing (GossipMsg, id=4270)
** Event #3645  t=989.1  SupplyChainNetwork.seed[1] (Node, id=3)  on LivenessPing (GossipMsg, id=4271)
** Event #3646  t=989.1  SupplyChainNetwork.peer[2] (Node, id=6)  on LivenessPing (GossipMsg, id=4273)
** Event #3647  t=989.1  SupplyChainNetwork.peer[3] (Node, id=7)  on LivenessPing (GossipMsg, id=4274)
** Event #3648  t=989.1  SupplyChainNetwork.seed[0] (Node, id=2)  on LivenessPing (GossipMsg, id=4275)
** Event #3649  t=989.1  SupplyChainNetwork.seed[0] (Node, id=2)  on LivenessPing (GossipMsg, id=4277)
** Event #3650  t=989.1  SupplyChainNetwork.peer[1] (Node, id=5)  on LivenessPing (GossipMsg, id=4278)
** Event #3651  t=989.1  SupplyChainNetwork.peer[4] (Node, id=8)  on LivenessPing (GossipMsg, id=4279)
** Event #3652  t=989.1  SupplyChainNetwork.seed[0] (Node, id=2)  on LivenessPing (GossipMsg, id=4281)
** Event #3653  t=989.1  SupplyChainNetwork.peer[0] (Node, id=4)  on LivenessPing (GossipMsg, id=4282)
** Event #3654  t=989.1  SupplyChainNetwork.peer[2] (Node, id=6)  on LivenessPing (GossipMsg, id=4283)
** Event #3655  t=989.1  SupplyChainNetwork.seed[1] (Node, id=3)  on LivenessPing (GossipMsg, id=4285)
** Event #3656  t=989.1  SupplyChainNetwork.peer[1] (Node, id=5)  on LivenessPing (GossipMsg, id=4286)
** Event #3657  t=989.1  SupplyChainNetwork.peer[3] (Node, id=7)  on LivenessPing (GossipMsg, id=4287)
** Event #3658  t=990.9473395365  SupplyChainNetwork.peer[2] (Node, id=6)  on selfmsg MiningTimer (omnetpp::cMessage, id=20)
INFO: MINED BLOCK 103 | Root: ba1a7011
** Event #3659  t=991.0473395365  SupplyChainNetwork.seed[1] (Node, id=3)  on BlockData (BlockMsg, id=4290)
INFO: Received longer chain (Block 103). Switching...
** Event #3660  t=991.0473395365  SupplyChainNetwork.peer[1] (Node, id=5)  on BlockData (BlockMsg, id=4291)
INFO: SECURITY ALERT: Double Spending in Block 103!
** Event #3661  t=991.0473395365  SupplyChainNetwork.peer[3] (Node, id=7)  on BlockData (BlockMsg, id=4292)
INFO: SECURITY ALERT: Double Spending in Block 103!
** Event #3662  t=991.1473395365  SupplyChainNetwork.peer[3] (Node, id=7)  on BlockData (BlockMsg, id=4294)
INFO: SECURITY ALERT: Double Spending in Block 103!
** Event #3663  t=991.1473395365  SupplyChainNetwork.seed[0] (Node, id=2)  on BlockData (BlockMsg, id=4295)
INFO: SECURITY ALERT: Double Spending in Block 103!
** Event #3664  t=991.344419069422  SupplyChainNetwork.peer[0] (Node, id=4)  on selfmsg MiningTimer (omnetpp::cMessage, id=10)
INFO: MINED BLOCK 118 | Root: 6619960f
** Event #3665  t=991.444419069422  SupplyChainNetwork.seed[0] (Node, id=2)  on BlockData (BlockMsg, id=4298)
INFO: Received longer chain (Block 118). Switching...
** Event #3666  t=991.444419069422  SupplyChainNetwork.peer[1] (Node, id=5)  on BlockData (BlockMsg, id=4299)
INFO: Received longer chain (Block 118). Switching...
** Event #3667  t=991.444419069422  SupplyChainNetwork.peer[4] (Node, id=8)  on BlockData (BlockMsg, id=4300)
** Event #3668  t=991.544419069422  SupplyChainNetwork.peer[1] (Node, id=5)  on BlockData (BlockMsg, id=4302)
** Event #3669  t=991.544419069422  SupplyChainNetwork.peer[4] (Node, id=8)  on BlockData (BlockMsg, id=4303)
** Event #3670  t=991.544419069422  SupplyChainNetwork.seed[1] (Node, id=3)  on BlockData (BlockMsg, id=4304)
INFO: SECURITY ALERT: Double Spending in Block 118!
** Event #3671  t=991.544419069422  SupplyChainNetwork.seed[0] (Node, id=2)  on BlockData (BlockMsg, id=4306)
** Event #3672  t=991.544419069422  SupplyChainNetwork.peer[2] (Node, id=6)  on BlockData (BlockMsg, id=4307)
INFO: SECURITY ALERT: Double Spending in Block 118!
** Event #3673  t=996  SupplyChainNetwork.peer[3] (Node, id=7)  on selfmsg LivenessTimer (omnetpp::cMessage, id=26)
** Event #3674  t=996.1  SupplyChainNetwork.seed[1] (Node, id=3)  on LivenessPing (GossipMsg, id=4309)
** Event #3675  t=996.1  SupplyChainNetwork.peer[2] (Node, id=6)  on LivenessPing (GossipMsg, id=4310)
** Event #3676  t=996.1  SupplyChainNetwork.peer[4] (Node, id=8)  on LivenessPing (GossipMsg, id=4311)
** Event #3677  t=996.504674348221  SupplyChainNetwork.peer[0] (Node, id=4)  on selfmsg MiningTimer (omnetpp::cMessage, id=10)
INFO: MINED BLOCK 119 | Root: 99e42a60
** Event #3678  t=996.604674348221  SupplyChainNetwork.seed[0] (Node, id=2)  on BlockData (BlockMsg, id=4314)
INFO: Received longer chain (Block 119). Switching...
** Event #3679  t=996.604674348221  SupplyChainNetwork.peer[1] (Node, id=5)  on BlockData (BlockMsg, id=4315)
INFO: Received longer chain (Block 119). Switching...
** Event #3680  t=996.604674348221  SupplyChainNetwork.peer[4] (Node, id=8)  on BlockData (BlockMsg, id=4316)
** Event #3681  t=996.704674348221  SupplyChainNetwork.peer[1] (Node, id=5)  on BlockData (BlockMsg, id=4318)
** Event #3682  t=996.704674348221  SupplyChainNetwork.peer[4] (Node, id=8)  on BlockData (BlockMsg, id=4319)
** Event #3683  t=996.704674348221  SupplyChainNetwork.seed[1] (Node, id=3)  on BlockData (BlockMsg, id=4320)
INFO: SECURITY ALERT: Double Spending in Block 119!
** Event #3684  t=996.704674348221  SupplyChainNetwork.seed[0] (Node, id=2)  on BlockData (BlockMsg, id=4322)
** Event #3685  t=996.704674348221  SupplyChainNetwork.peer[2] (Node, id=6)  on BlockData (BlockMsg, id=4323)
INFO: SECURITY ALERT: Double Spending in Block 119!
** Event #3686  t=998.387760148126  SupplyChainNetwork.peer[1] (Node, id=5)  on selfmsg MiningTimer (omnetpp::cMessage, id=15)
INFO: MINED BLOCK 120 | Root: 5eb1bed1
** Event #3687  t=998.487760148126  SupplyChainNetwork.seed[0] (Node, id=2)  on BlockData (BlockMsg, id=4326)
INFO: Received longer chain (Block 120). Switching...
** Event #3688  t=998.487760148126  SupplyChainNetwork.peer[0] (Node, id=4)  on BlockData (BlockMsg, id=4327)
INFO: Received longer chain (Block 120). Switching...
** Event #3689  t=998.487760148126  SupplyChainNetwork.peer[2] (Node, id=6)  on BlockData (BlockMsg, id=4328)
INFO: SECURITY ALERT: Double Spending in Block 120!
** Event #3690  t=998.587760148126  SupplyChainNetwork.peer[0] (Node, id=4)  on BlockData (BlockMsg, id=4330)
** Event #3691  t=998.587760148126  SupplyChainNetwork.peer[4] (Node, id=8)  on BlockData (BlockMsg, id=4331)
** Event #3692  t=998.587760148126  SupplyChainNetwork.seed[1] (Node, id=3)  on BlockData (BlockMsg, id=4332)
INFO: SECURITY ALERT: Double Spending in Block 120!
** Event #3693  t=998.587760148126  SupplyChainNetwork.seed[0] (Node, id=2)  on BlockData (BlockMsg, id=4334)
** Event #3694  t=998.587760148126  SupplyChainNetwork.peer[4] (Node, id=8)  on BlockData (BlockMsg, id=4335)
** Event #3695  t=999.021348748924  SupplyChainNetwork.peer[3] (Node, id=7)  on selfmsg MiningTimer (omnetpp::cMessage, id=25)
INFO: MINED BLOCK 47 | Root: 15246787
** Event #3696  t=999.121348748924  SupplyChainNetwork.seed[1] (Node, id=3)  on BlockData (BlockMsg, id=4338)
INFO: SECURITY ALERT: Double Spending in Block 47!
** Event #3697  t=999.121348748924  SupplyChainNetwork.peer[2] (Node, id=6)  on BlockData (BlockMsg, id=4339)
INFO: SECURITY ALERT: Double Spending in Block 47!
** Event #3698  t=999.121348748924  SupplyChainNetwork.peer[4] (Node, id=8)  on BlockData (BlockMsg, id=4340)
** Event #3699  t=999.583379406434  SupplyChainNetwork.peer[1] (Node, id=5)  on selfmsg MiningTimer (omnetpp::cMessage, id=15)
INFO: MINED BLOCK 121 | Root: 9d9b99a5
** Event #3700  t=999.649207390445  SupplyChainNetwork.peer[0] (Node, id=4)  on selfmsg MiningTimer (omnetpp::cMessage, id=10)
INFO: MINED BLOCK 121 | Root: edf2335b
** Event #3701  t=999.683379406434  SupplyChainNetwork.seed[0] (Node, id=2)  on BlockData (BlockMsg, id=4343)
INFO: Received longer chain (Block 121). Switching...
** Event #3702  t=999.683379406434  SupplyChainNetwork.peer[0] (Node, id=4)  on BlockData (BlockMsg, id=4344)
INFO: SECURITY ALERT: Double Spending in Block 121!
** Event #3703  t=999.683379406434  SupplyChainNetwork.peer[2] (Node, id=6)  on BlockData (BlockMsg, id=4345)
INFO: SECURITY ALERT: Double Spending in Block 121!
** Event #3704  t=999.749207390445  SupplyChainNetwork.seed[0] (Node, id=2)  on BlockData (BlockMsg, id=4348)
INFO: SECURITY ALERT: Double Spending in Block 121!
** Event #3705  t=999.749207390445  SupplyChainNetwork.peer[1] (Node, id=5)  on BlockData (BlockMsg, id=4349)
INFO: SECURITY ALERT: Double Spending in Block 121!
** Event #3706  t=999.749207390445  SupplyChainNetwork.peer[4] (Node, id=8)  on BlockData (BlockMsg, id=4350)
** Event #3707  t=999.783379406434  SupplyChainNetwork.peer[0] (Node, id=4)  on BlockData (BlockMsg, id=4352)
INFO: SECURITY ALERT: Double Spending in Block 121!
** Event #3708  t=999.783379406434  SupplyChainNetwork.peer[4] (Node, id=8)  on BlockData (BlockMsg, id=4353)
** Event #3709  t=999.783379406434  SupplyChainNetwork.seed[1] (Node, id=3)  on BlockData (BlockMsg, id=4354)
INFO: SECURITY ALERT: Double Spending in Block 121!
<!> Simulation time limit reached -- at t=1000s, event #3710
** Calling finish() methods of modules